name,address,site_url,diocese,category,parish_list_url
Father Purcell Memorial Center for Exceptional Children,"Montgomery, AL",https://fatherpurcell.org/,Archdiocese of Mobile,Sunday Mass Schedule,https://mobarch.org/parishfinder
Holy Spirit Catholic Parish,"Montgomery, AL",https://holyspiritmgm.org/,Archdiocese of Mobile,Sunday Mass Schedule,https://mobarch.org/parishfinder
Blessed Francis Xavier Seelos Parish,"31122 US Hwy 31, Spanish Fort, AL, 36527",https://francisxseelos.org/,Archdiocese of Mobile,Baldwin/Escambia Deanery,https://mobarch.org/parishfinder
Chapel of Our Lady of Bon Secour,"17266 County Road 49 South, Bon Secour, AL, 36511",https://www.stjohnms.com/our-lady-of-bon-secour,Archdiocese of Mobile,Baldwin/Escambia Deanery,https://mobarch.org/parishfinder
Christ the King Catholic Church,"711 College Avenue, Daphne, AL, 36526",https://ctkdaphne.org/,Archdiocese of Mobile,Baldwin/Escambia Deanery,https://mobarch.org/parishfinder
Our Lady of the Gulf Catholic Church,"308 E. 22nd Avenue, Gulf Shores, AL, 36542",https://olgal.org/,Archdiocese of Mobile,Baldwin/Escambia Deanery,https://mobarch.org/parishfinder
Shrine of the Holy Cross & St. John Mission,"612 Main Street, Daphne, AL, 36526",https://shrineoftheholycross.org/,Archdiocese of Mobile,Baldwin/Escambia Deanery,https://mobarch.org/parishfinder
St Robert Bellarmine Catholic Church,"600 S Main St, Atmore, AL, 36502",https://strobertatmore.com/,Archdiocese of Mobile,Baldwin/Escambia Deanery,https://mobarch.org/parishfinder
St. Agatha Parish,"1001 Hand Ave, Bay Minette, AL, 36507",https://stagathabm.com/,Archdiocese of Mobile,Baldwin/Escambia Deanery,https://mobarch.org/parishfinder
St. Bartholomew,"12795 Illinois Street, Elberta, AL, 36530",https://stbartselberta.org/,Archdiocese of Mobile,Baldwin/Escambia Deanery,https://mobarch.org/parishfinder
St. John the Baptist Parish,"10800 St. John's Lane, Magnolia Springs, AL, 36535",https://www.stjohnms.com/,Archdiocese of Mobile,Baldwin/Escambia Deanery,https://mobarch.org/parishfinder
St. Joseph Catholic Church,"12688 Santa Piedro Street, Lillian, AL, 36549",https://saint-josephs.org/,Archdiocese of Mobile,Baldwin/Escambia Deanery,https://mobarch.org/parishfinder
St. Lawrence Parish,"370 South Section St, Fairhope, AL, 36532",http://www.stlawrencefairhope.com,Archdiocese of Mobile,Baldwin/Escambia Deanery,https://mobarch.org/parishfinder
St. Margaret of Scotland Parish,"601 W. Laurel Avenue, Foley, AL, 36535",http://www.stmargaretofscotlandfoley.org,Archdiocese of Mobile,Baldwin/Escambia Deanery,https://mobarch.org/parishfinder
St. Maurice Parish,"202 East Jackson Street, Brewton, AL, 36426",,Archdiocese of Mobile,Baldwin/Escambia Deanery,https://mobarch.org/parishfinder
St. Patrick Parish,"23035 State Highway 59 North, Robertsdale, AL, 36567",https://stpatcatholic.com/,Archdiocese of Mobile,Baldwin/Escambia Deanery,https://mobarch.org/parishfinder
St. Thomas by the Sea Catholic Church,"26547 Perdido Beach Blvd, Orange Beach, AL, 36561",https://stthomasbythesea.com/,Archdiocese of Mobile,Baldwin/Escambia Deanery,https://mobarch.org/parishfinder
Christ the King Parish,"508 Sanford Road, Andalusia, AL, 36420",https://www.ctkandalusia.com/,Archdiocese of Mobile,Dothan Deanery,https://mobarch.org/parishfinder
Holy Redeemer Parish,"515 W. Broad Street, Eufaula, AL, 36027",,Archdiocese of Mobile,Dothan Deanery,https://mobarch.org/parishfinder
Our Lady of Guadalupe Mission,"1022 Brundidge St., Clio, AL, 36017",https://holytrinityal.org/our-lady-of-guadalupe.html,Archdiocese of Mobile,Dothan Deanery,https://mobarch.org/parishfinder
St. Columba Catholic Church,"2700 W. Main St, Dothan, AL, 36301",https://stcolumbacatholic.com/,Archdiocese of Mobile,Dothan Deanery,https://mobarch.org/parishfinder
St. John Parish,"475 Camilla Avenue, Ozark, AL, 36361",https://sjccozark.weconnect.com/,Archdiocese of Mobile,Dothan Deanery,https://mobarch.org/parishfinder
St. John the Evangelist Parish,"123 Heath Street, Enterprise, AL, 36330-1915",http://www.stjohnenterprise.org,Archdiocese of Mobile,Dothan Deanery,https://mobarch.org/parishfinder
St. Joseph Parish,"1444 Hwy 165, Fort Mitchell, AL, 36856",http://www.holytrinityal.org,Archdiocese of Mobile,Dothan Deanery,https://mobarch.org/parishfinder
St. Martin of Tours Parish,"725 Elba Highway, Troy, AL, 36079",https://www.stmartintroy.com/,Archdiocese of Mobile,Dothan Deanery,https://mobarch.org/parishfinder
St. Mary Mission,"100 S. Commerce Street, Geneva, AL, 36340",,Archdiocese of Mobile,Dothan Deanery,https://mobarch.org/parishfinder
St. Pius X Mission,"308 Kennon Street, Union Springs, AL, 36089",,Archdiocese of Mobile,Dothan Deanery,https://mobarch.org/parishfinder
Annunciation Parish,"Monroeville, AL",https://annunciationmonroeville.org/,Archdiocese of Mobile,Mobile Deanery,https://mobarch.org/parishfinder
Cathedral-Basilica of the Immaculate Conception,"2 South Claiborne Street, Mobile, AL, 36602",https://mobilecathedral.org/,Archdiocese of Mobile,Mobile Deanery,https://mobarch.org/parishfinder
Corpus Christi Parish,"6300 McKenna Dr, Mobile, AL, 36608",https://corpuschristiparish.com/,Archdiocese of Mobile,Mobile Deanery,https://mobarch.org/parishfinder
Holy Family Parish,"1400 Joyce Road, Mobile, AL, 36618",https://holyfamilymobile.com/,Archdiocese of Mobile,Mobile Deanery,https://mobarch.org/parishfinder
Holy Name of Jesus Parish,"2275 Snow Road North, Semmes, AL, 36575",https://www.hnjcatholic.com/,Archdiocese of Mobile,Mobile Deanery,https://mobarch.org/parishfinder
Little Flower Parish,"2053 Government Street, Mobile, AL, 36606",https://littleflowermobile.com/,Archdiocese of Mobile,Mobile Deanery,https://mobarch.org/parishfinder
Most Pure Heart of Mary Catholic Church,"304 Sengstak Street, Mobile, AL, 36603",https://mostpureheartofmarymobile.org/,Archdiocese of Mobile,Mobile Deanery,https://mobarch.org/parishfinder
Our Lady of Lourdes Parish,"1621 Boykin Blvd, Mobile, AL, 36605",https://ourladyoflourdesparish.com/,Archdiocese of Mobile,Mobile Deanery,https://mobarch.org/parishfinder
Our Lady of Sorrows Mission,"1733 Little Chestang Road, Fairford, AL, 36553",,Archdiocese of Mobile,Mobile Deanery,https://mobarch.org/parishfinder
Our Mother of Mercy Parish,"805 East Street, Plateau, AL, 36610",https://ourmotherofmercymobile.org/,Archdiocese of Mobile,Mobile Deanery,https://mobarch.org/parishfinder
Our Savior Parish,"1801 Cody Road South, Mobile, AL, 36695",https://oursaviorparish.org/,Archdiocese of Mobile,Mobile Deanery,https://mobarch.org/parishfinder
Prince of Peace Parish,"454 Charleston Street, Mobile, AL, 36603",https://popcatholicmobile.org/,Archdiocese of Mobile,Mobile Deanery,https://mobarch.org/parishfinder
Sacred Heart of Jesus Catholic Student Center (USA),"6051 Old Shell Road, Mobile, AL, 36608",https://csajags.com/,Archdiocese of Mobile,Mobile Deanery,https://mobarch.org/parishfinder
Sacred Heart Parish,"19730 Highway 43, Grove Hill, AL, 36451",,Archdiocese of Mobile,Mobile Deanery,https://mobarch.org/parishfinder
St. Bridget Parish,"3625 West Main Street, Whistler, AL, 36612",https://stthomastheapostlecatholicchurch.com/wordpress/st-bridget/,Archdiocese of Mobile,Mobile Deanery,https://mobarch.org/parishfinder
St. Catherine of Siena Catholic Church,"2605 Springhill Avenue, Mobile, AL, 36607",https://stcatherinemobile.org/,Archdiocese of Mobile,Mobile Deanery,https://mobarch.org/parishfinder
St. Cecilia Parish,"1305 Military Road, Mt. Vernon, AL, 36560",,Archdiocese of Mobile,Mobile Deanery,https://mobarch.org/parishfinder
St. Dominic Parish,"4156 Burma Road, Mobile, AL, 36693",http://www.stdominicmobile.org,Archdiocese of Mobile,Mobile Deanery,https://mobarch.org/parishfinder
St. Edmund By the Sea Parish,"823 Cadillac Avenue, Dauphin Island, AL, 36528",,Archdiocese of Mobile,Mobile Deanery,https://mobarch.org/parishfinder
St. Francis Xavier Parish,"2034 St Stephens Road, Mobile, AL, 36617",https://stfrancisxaviermobile.org/,Archdiocese of Mobile,Mobile Deanery,https://mobarch.org/parishfinder
St. Ignatius Parish,"3704 Springhill Avenue, Mobile, AL, 36608",https://stignatiusmobile.org/,Archdiocese of Mobile,Mobile Deanery,https://mobarch.org/parishfinder
St. James Major Parish,"714 N College St, Prichard, AL, 36610",https://stjamesmajor.org/,Archdiocese of Mobile,Mobile Deanery,https://mobarch.org/parishfinder
St. Joan of Arc Parish,"1260 Elmira Street, Mobile, AL, 36604",http://www.stjoanofarcmobile.com,Archdiocese of Mobile,Mobile Deanery,https://mobarch.org/parishfinder
St. John the Baptist Catholic Church,"12450 Hwy 188, Grand Bay, AL, 36541",https://stjohngrandbay.org/,Archdiocese of Mobile,Mobile Deanery,https://mobarch.org/parishfinder
St. John the Evangelist Parish,"401 E. Pushmataha Street, Butler, AL",,Archdiocese of Mobile,Mobile Deanery,https://mobarch.org/parishfinder
St. Joseph Mission,"302 Whiskey Run Road, Camden, AL, 36726",,Archdiocese of Mobile,Mobile Deanery,https://mobarch.org/parishfinder
St. Joseph Parish (Maysville),"1703 Dublin Street, Mobile, AL, 36605",http://www.stjosephmaysville.org,Archdiocese of Mobile,Mobile Deanery,https://mobarch.org/parishfinder
St. Margaret Parish,"13790 S. Wintzell Ave, Bayou La Batre, AL, 36509",https://stmargaretbayoulabatre.org/,Archdiocese of Mobile,Mobile Deanery,https://mobarch.org/parishfinder
St. Mary Parish,"106 Providence Street, Mobile, AL, 36604",http://www.stmarymobile.org,Archdiocese of Mobile,Mobile Deanery,https://mobarch.org/parishfinder
St. Matthew Catholic Parish,"Mobile, AL",https://stmatthewsmobile.com/,Archdiocese of Mobile,Mobile Deanery,https://mobarch.org/parishfinder
St. Michael Mission,"15872 Heron Bay Loop Road E., Coden, AL, 36523",https://stsphilipandmichael.com/,Archdiocese of Mobile,Mobile Deanery,https://mobarch.org/parishfinder
St. Monica Parish,"1131 Dauphin Island Pkwy, Mobile, AL, 36605",https://stmonicamobile.org/,Archdiocese of Mobile,Mobile Deanery,https://mobarch.org/parishfinder
St. Peter the Apostle Parish & Our Lady of Sorrows Mission,"16650 Highway 43, Chastang, AL, 36560",https://stpetertheapostlechurch.com/,Archdiocese of Mobile,Mobile Deanery,https://mobarch.org/parishfinder
St. Philip Neri Parish,"9101 Dauphin Island Pkwy, Theodore, AL, 36582",https://stsphilipandmichael.com/,Archdiocese of Mobile,Mobile Deanery,https://mobarch.org/parishfinder
St. Pius X Parish,"217 S Sage Avenue, Mobile, AL, 36606",http://spxmobile.com,Archdiocese of Mobile,Mobile Deanery,https://mobarch.org/parishfinder
St. Rose Of Lima Parish,"2951 Durette Avenue, Coden, AL, 36523",http://www.stroseonmonlouis.com,Archdiocese of Mobile,Mobile Deanery,https://mobarch.org/parishfinder
St. Theresa Catholic Church,"1875 Coy Smith Highway, West Mount Vernon, AL, 36560",https://sttheresacatholic.com/,Archdiocese of Mobile,Mobile Deanery,https://mobarch.org/parishfinder
St. Thomas Aquinas Parish,"8025 State Street, Citronelle, AL, 36522",,Archdiocese of Mobile,Mobile Deanery,https://mobarch.org/parishfinder
St. Thomas the Apostle Parish,"251 N. Craft Hwy, Chickasaw, AL, 36611",http://stthomastheapostlecatholicchurch.com,Archdiocese of Mobile,Mobile Deanery,https://mobarch.org/parishfinder
St. Vincent de Paul Parish,"4980 St. Vincent Drive, Mobile, AL, 36619",https://svdpmobile.com/,Archdiocese of Mobile,Mobile Deanery,https://mobarch.org/parishfinder
Auburn+Catholic Campus Ministry,"115 Mitcham Avenue, Auburn, AL, 36830",https://aucatholic.org/,Archdiocese of Mobile,Montgomery Deanery,https://mobarch.org/parishfinder
City of St. Jude,"2048 W Fairview Avenue, Montgomery, AL, 36108",http://www.cityofstjude.org,Archdiocese of Mobile,Montgomery Deanery,https://mobarch.org/parishfinder
Holy Spirit Parish,"8570 Vaughn Road, Montgomery, AL, 36117",http://www.holyspiritmgm.org,Archdiocese of Mobile,Montgomery Deanery,https://mobarch.org/parishfinder
Immaculate Conception,"13663 Alabama Hwy 22 W, Orrville, AL",https://icorrville.com/,Archdiocese of Mobile,Montgomery Deanery,https://mobarch.org/parishfinder
Our Lady of Guadalupe Parish,"545 White Road, Wetumpka, AL, 36092",http://ologchurch.org,Archdiocese of Mobile,Montgomery Deanery,https://mobarch.org/parishfinder
Our Lady Queen of Mercy Catholic Church,"4421 Narrow Lane Road, Montgomery, AL, 36116",https://olqm.org/,Archdiocese of Mobile,Montgomery Deanery,https://mobarch.org/parishfinder
Our Lady Queen of Peace,"309 Washington Street, Selma, AL",https://qpselma.com/,Archdiocese of Mobile,Montgomery Deanery,https://mobarch.org/parishfinder
Resurrection Parish,"2815 Forbes Road, Montgomery, AL, 36110",http://www.rcmsouth.org,Archdiocese of Mobile,Montgomery Deanery,https://mobarch.org/parishfinder
Saint Michael the Archangel Parish,"1100 North College Street, Auburn, AL, 36830",https://stmichaelsauburn.com/,Archdiocese of Mobile,Montgomery Deanery,https://mobarch.org/parishfinder
St Joseph,"Tuskegee, AL",https://stjoseph-tuskegee.org/,Archdiocese of Mobile,Montgomery Deanery,https://mobarch.org/parishfinder
St Vincent De Paul Catholic Parish,"Tallassee, AL",https://stvincent-tallassee.com/,Archdiocese of Mobile,Montgomery Deanery,https://mobarch.org/parishfinder
St. Andrew Kim Taegon Parish,"433 Clayton Street, Montgomery, AL, 36104",,Archdiocese of Mobile,Montgomery Deanery,https://mobarch.org/parishfinder
St. Bede the Venerable Parish,"3870 Atlanta Hwy, Montgomery, AL, 36109",http://stbede.org,Archdiocese of Mobile,Montgomery Deanery,https://mobarch.org/parishfinder
St. Elizabeth Parish,"407 E Walnut Street, Greenville, AL, 36037",,Archdiocese of Mobile,Montgomery Deanery,https://mobarch.org/parishfinder
St. John the Baptist Parish,"543 S Union Street, Montgomery, AL, 36104",,Archdiocese of Mobile,Montgomery Deanery,https://mobarch.org/parishfinder
St. Joseph Parish,"511 North Memorial Drive, Prattville, AL, 36067",http://www.stjosephprattville.org,Archdiocese of Mobile,Montgomery Deanery,https://mobarch.org/parishfinder
St. Mary Catholic Church,"1000 Fourth Avenue, Opelika, AL, 36801",https://stmaryopelika.org/,Archdiocese of Mobile,Montgomery Deanery,https://mobarch.org/parishfinder
St. Peter Catholic Parish,"219 Adams Avenue, Montgomery, AL, 36104",https://stpetermontgomery.com/,Archdiocese of Mobile,Montgomery Deanery,https://mobarch.org/parishfinder
St. Vincent De Paul Parish,"620 Gilmer Avenue, Tallassee, AL, 36078",http://stvincent-tallassee.org,Archdiocese of Mobile,Montgomery Deanery,https://mobarch.org/parishfinder
Corpus Christi,"32015 State Hwy. 75, Oneonta, Alabama, 35121",,Diocese of Birmingham,Blount County,https://www.bhmdiocese.org/parishfinder
All Saints Catholic Church,"1112 West 15th Street, Anniston, Alabama, 36201",,Diocese of Birmingham,Calhoun County,https://www.bhmdiocese.org/parishfinder
Sacred Heart of Jesus,"1301 Golden Springs Rd., Anniston, Alabama, 36207",https://sacredheartanniston.org,Diocese of Birmingham,Calhoun County,https://www.bhmdiocese.org/parishfinder
St. Charles Borromeo,"308 7th Street Northeast, Jacksonville, Alabama, 36265",https://stcharlescatholicchurch.com,Diocese of Birmingham,Calhoun County,https://www.bhmdiocese.org/parishfinder
St. Joachim,"555 Babbling Brook Road, Piedmont, Alabama, 36272",https://stcharlescatholicchurch.com,Diocese of Birmingham,Calhoun County,https://www.bhmdiocese.org/parishfinder
Holy Family,"705 N. 3rd Ave, Lanett, Alabama, 36863",,Diocese of Birmingham,Chambers County,https://www.bhmdiocese.org/parishfinder
St. Michael the Archangel,"165 Plaza Dr., Centre, Alabama, 35960",https://stmichaelcatholicchurchdotcom.wordpress.com/,Diocese of Birmingham,Cherokee County,https://www.bhmdiocese.org/parishfinder
Resurrection,"300 1st Ave., Clanton, Alabama, 35045",https://resurrection-catholic-church.com/,Diocese of Birmingham,Chilton County,https://www.bhmdiocese.org/parishfinder
St. Mark,"460 Country Club Rd., Ashland, Alabama, 36251",,Diocese of Birmingham,Clay County,https://www.bhmdiocese.org/parishfinder
Our Lady of Shoals,"200 East Commons St. North, Tuscumbia, Alabama, 35674",,Diocese of Birmingham,Colbert County,https://www.bhmdiocese.org/parishfinder
Sacred Heart of Jesus,"112 Second Ave. Southeast, Cullman, Alabama, 35055",https://sacredheartchurchcullman.org,Diocese of Birmingham,Cullman County,https://www.bhmdiocese.org/parishfinder
St. Boniface,"301 Blountsville St.Northeast, Hanceville, Alabama, 35077",https://sacredheartchurchcullman.org,Diocese of Birmingham,Cullman County,https://www.bhmdiocese.org/parishfinder
Our Lady of the Valley,"2910 Gault Ave. North, Fort Payne, Alabama, 35967",https://olvfortpayne.com,Diocese of Birmingham,DeKalb County,https://www.bhmdiocese.org/parishfinder
St.James,"622 Chestnut Street, Gadsden, Alabama, 35904",https://www.sjccgadsden.org/,Diocese of Birmingham,Etowah County,https://www.bhmdiocese.org/parishfinder
Holy Family,"423 19th Street Northwest, Fayette, Alabama, 35555",,Diocese of Birmingham,Fayette County,https://www.bhmdiocese.org/parishfinder
Good Shepherd,"1700 North Jackson Ave., Russellville, Alabama, 35653",,Diocese of Birmingham,Franklin County,https://www.bhmdiocese.org/parishfinder
St. Mary,"347 Wilson Ave., Eutaw, Alabama, 35462",,Diocese of Birmingham,Greene County,https://www.bhmdiocese.org/parishfinder
St.Jude,"17205 Hwy.35, Scottsboro, Alabama, 35768",,Diocese of Birmingham,Jackson County,https://www.bhmdiocese.org/parishfinder
Blessed Sacrament,"1460 Pearson Avenue, S.W, Birmingham, Alabama, 35211",http://www.myblessedsacrament.org,Diocese of Birmingham,Jefferson County,https://www.bhmdiocese.org/parishfinder
Cathedral of St. Paul,"2120 3rd Avenue North, Birmingham, Alabama, 35203",http://www.stpaulsbhm.org,Diocese of Birmingham,Jefferson County,https://www.bhmdiocese.org/parishfinder
Holy Family,"1910 19th Street, Ensley, Alabama, 35218",,Diocese of Birmingham,Jefferson County,https://www.bhmdiocese.org/parishfinder
Holy Infant of Prague,"8090 Gadsden Hwy., Trussville, Alabama, 35173",https://www.hiopcc.org/,Diocese of Birmingham,Jefferson County,https://www.bhmdiocese.org/parishfinder
Holy Rosary,"7414 Georgia Rd., Birmingham, Alabama, 35212",https://www.holyrosarybirmingham.org/,Diocese of Birmingham,Jefferson County,https://www.bhmdiocese.org/parishfinder
Our Lady of Fatima,"708 1st St.South, Birmingham, Alabama, 35205",https://olfbirmingham.org,Diocese of Birmingham,Jefferson County,https://www.bhmdiocese.org/parishfinder
Our Lady of La Vang-Vietnamese Parish@ St.John Bosco Church,"5224 1st Ave. N., Birmingham, Alabama, 35212",,Diocese of Birmingham,Jefferson County,https://www.bhmdiocese.org/parishfinder
Our Lady of Lourdes,"980 Huffman Rd., Birmingham, Alabama, 35215",https://OLLCatholicChurch.org,Diocese of Birmingham,Jefferson County,https://www.bhmdiocese.org/parishfinder
Our Lady of Sorrows,"1730 Oxmoor Rd., Birmingham, Alabama, 35209",http://www.ourladyofsorrows.com/,Diocese of Birmingham,Jefferson County,https://www.bhmdiocese.org/parishfinder
Our Lady Queen of the Universe,"961 Center Street North, Birmingham, Alabama, 35204",,Diocese of Birmingham,Jefferson County,https://www.bhmdiocese.org/parishfinder
Prince of Peace,"4600 Preserve Parkkway, Birmingham, Alabama, 35226",https://popcatholic.org,Diocese of Birmingham,Jefferson County,https://www.bhmdiocese.org/parishfinder
Sacred Heart of Jesus,"3401 27th Court North, Birmingham, Alabama, 35207",,Diocese of Birmingham,Jefferson County,https://www.bhmdiocese.org/parishfinder
St. Barnabas,"7921 1st Ave. North, Birmingham, Alabama, 35206",https://stbarnabasbhm.com/,Diocese of Birmingham,Jefferson County,https://www.bhmdiocese.org/parishfinder
St. Elias(Maronite Rite),"836 8th Street South, Birmingham, Alabama, 35205-4567",https://stelias.org,Diocese of Birmingham,Jefferson County,https://www.bhmdiocese.org/parishfinder
St. Francis of Assisi,"2400 7th Ave. North, Bessemer, Alabama, 35020",,Diocese of Birmingham,Jefferson County,https://www.bhmdiocese.org/parishfinder
St. Francis Xavier,"2 Xavier Circle, Birmingham, Alabama, 35213",https://sfxbirmingham.com,Diocese of Birmingham,Jefferson County,https://www.bhmdiocese.org/parishfinder
St. George the Great Martyr(Melkite Rite),"425 16th Ave. South, Birmingham, Alabama, 35205",https://saintgeorgeonline.org,Diocese of Birmingham,Jefferson County,https://www.bhmdiocese.org/parishfinder
St. Joseph,"3020 Ave.K Ensley, Birmingham, Alabama, 35218",,Diocese of Birmingham,Jefferson County,https://www.bhmdiocese.org/parishfinder
St. Luke Hwang,"759 Valley Street, Birmingham, Alabama, 35226",,Diocese of Birmingham,Jefferson County,https://www.bhmdiocese.org/parishfinder
St. Mary,"6101 Dr. Martin Luther King Jr. Drive, Fairfield, Alabama, 35064",,Diocese of Birmingham,Jefferson County,https://www.bhmdiocese.org/parishfinder
St. Patrick,"301 Shamrock Trail, Adamsville, Alabama, 35005",http://www.saintpatrickcc.com/,Diocese of Birmingham,Jefferson County,https://www.bhmdiocese.org/parishfinder
St. Stanislaus,"904 Indiana Street Wylam, Birmingham, Alabama, 35224",,Diocese of Birmingham,Jefferson County,https://www.bhmdiocese.org/parishfinder
St. Stephen the Martyr Catholic University Chapel,"1515 12th Avenue South, Birmingham, Alabama, 35205",https://ststsbhm.org,Diocese of Birmingham,Jefferson County,https://www.bhmdiocese.org/parishfinder
St. Theresa of the Child Jesus,"P.O. Box 525, Leeds, Alabama, 35094",https://sttheresaleeds.org,Diocese of Birmingham,Jefferson County,https://www.bhmdiocese.org/parishfinder
St.Aloysius,"751 Academy Dr., Bessemer, Alabama, 35020",https:// staloysiuscc.org,Diocese of Birmingham,Jefferson County,https://www.bhmdiocese.org/parishfinder
St.Elizabeth Ann Seton,"334 Main St., Gardendale, Alabama, 35071",https://seagardendale.org,Diocese of Birmingham,Jefferson County,https://www.bhmdiocese.org/parishfinder
St.Henry,"221 5th Street, Warrior, Alabama, 35071",https://sthenrywarrior.org,Diocese of Birmingham,Jefferson County,https://www.bhmdiocese.org/parishfinder
St.Peter the Apostle,"2061 Patton Chapel Rd., Birmingham, Alabama, 35216",https://stpeterapostle.com,Diocese of Birmingham,Jefferson County,https://www.bhmdiocese.org/parishfinder
St. Joseph,"203 Plum Street, Florence, Alabama, 35630",,Diocese of Birmingham,Lauderdale County,https://www.bhmdiocese.org/parishfinder
St. Michael's,"2751 Country Road 30, Florence, Alabama, 35634",,Diocese of Birmingham,Lauderdale County,https://www.bhmdiocese.org/parishfinder
Resurrection Catholic Chapel,"16335 Court Street, Moulton, Alabama, 35650",https://www.moultoncatholics.org,Diocese of Birmingham,Lawrence County,https://www.bhmdiocese.org/parishfinder
Most Merciful Jesus,"10509 Segers Rd., Madison, Alabama, 35756",http://mostmercifuljesuschurch.org,Diocese of Birmingham,Limestone County,https://www.bhmdiocese.org/parishfinder
St. Paul,"1900 Hwy 72 West, Athens, Alabama, 35611",https://stpaulcatholicchurchathens.org,Diocese of Birmingham,Limestone County,https://www.bhmdiocese.org/parishfinder
Good Shepherd,"13550 Chaney Thompson Rd.Southeast, Huntsville, Alabama, 35803-2326",https://goodshephsv.org,Diocese of Birmingham,Madison County,https://www.bhmdiocese.org/parishfinder
Holy Spirit,"625 Airport Rd.Southwest, Huntsville, Alabama, 3582",https://holyspirithsv.com/,Diocese of Birmingham,Madison County,https://www.bhmdiocese.org/parishfinder
Huntsville Korean Community,"625 Airport Rd. Southwest, Huntsville, Alabama, 35802",,Diocese of Birmingham,Madison County,https://www.bhmdiocese.org/parishfinder
Our Lady Queen of the Universe,"2421 Shady Lane Drive, Northwest, Huntsville, Alabama, 35810",http:// olqu.org,Diocese of Birmingham,Madison County,https://www.bhmdiocese.org/parishfinder
"Our Lady, Help of Christians","1201 Kingsbury Ave., Huntsville, Alabama, 35801",https://ourladyhelpofchristians-al.org,Diocese of Birmingham,Madison County,https://www.bhmdiocese.org/parishfinder
St. John the Baptist,"1055 Hughes Road, Madison, Alabama, 35758",,Diocese of Birmingham,Madison County,https://www.bhmdiocese.org/parishfinder
St. Joseph,"2300 Beasley Ave., Huntsville, Alabama, 35816",https://saintjosephcc.com,Diocese of Birmingham,Madison County,https://www.bhmdiocese.org/parishfinder
St. Mary of the Visitation,"222 Jefferson Street North, Huntsville, Alabama, 35801",https://smvparish.org,Diocese of Birmingham,Madison County,https://www.bhmdiocese.org/parishfinder
St. Leo the Great,"309 South Main Street, Demopolis, Alabama, 36732",,Diocese of Birmingham,Marengo County,https://www.bhmdiocese.org/parishfinder
Holy Spirit,"2710 US Hwy 43 North, Winfield, Alabama, 35594",http://our3churches.com,Diocese of Birmingham,Marion County,https://www.bhmdiocese.org/parishfinder
Chapel of the Holy Cross,"1534 Whitesville Rd., Albertville, Alabama, 35950",https://st.williamchurch.com,Diocese of Birmingham,Marshall County,https://www.bhmdiocese.org/parishfinder
St. William,"929 Gunter Avenue, Guntersville, Alabama, 35976",https://stwilliamchurch.com,Diocese of Birmingham,Marshall County,https://www.bhmdiocese.org/parishfinder
Annunciation of the Lord,"3910 Spring Avenue Southwest, Decatur, Alabama, 35603",http://annunlord.com,Diocese of Birmingham,Morgan County,https://www.bhmdiocese.org/parishfinder
St. Robert Bellarmine,"407 Hwy 17 South, Reform, Alabama, 35481",,Diocese of Birmingham,Pickens County,https://www.bhmdiocese.org/parishfinder
Immaculate Conception,"506 Country Rd. I, Wedowee, Alabama, 36278",,Diocese of Birmingham,Randolph County,https://www.bhmdiocese.org/parishfinder
Our Lady of the Valley,"5514 Double Oak Ln., Birmingham, Alabama, 35242",https://www.olvchurchbirmingham.com,Diocese of Birmingham,Shelby County,https://www.bhmdiocese.org/parishfinder
St. Mark the Evangelist,"7340 Cahaba Valley Rd., Birmingham, Alabama, 35242",https://stmarkrc.org/,Diocese of Birmingham,Shelby County,https://www.bhmdiocese.org/parishfinder
St. Thomas the Apostle,"80 St.Thomas Way, Montevallo, Alabama, 35115",https://stthomascatholic.com,Diocese of Birmingham,Shelby County,https://www.bhmdiocese.org/parishfinder
Our Lady of the Lake,"4609 Martin St., Cropwell, Alabama, 35054",https://ollpellcity.com,Diocese of Birmingham,St. Claire County,https://www.bhmdiocese.org/parishfinder
St. Francis of Assisi,"101 Meadow Brook Dr., Livingston, Alabama, 35470",,Diocese of Birmingham,Sumter County,https://www.bhmdiocese.org/parishfinder
Holy Name of Jesus,"415 5th Ave.Southwest, Childersburg, Alabama, 35044",,Diocese of Birmingham,Talladega County,https://www.bhmdiocese.org/parishfinder
St. Francis of Assisi,"722 East Street South, Talladega, Alabama, 35160",,Diocese of Birmingham,Talladega County,https://www.bhmdiocese.org/parishfinder
St.Jude,"310 West Bay Street, Sylacauga, Alabama, 35150",,Diocese of Birmingham,Talladega County,https://www.bhmdiocese.org/parishfinder
St. John the Apostle,"454 North Central Ave., Alexander City, Alabama, 35010",,Diocese of Birmingham,Tallapoosa County,https://www.bhmdiocese.org/parishfinder
Holy Spirit,"733 James I. Harrison Jr. Parkway East, Tuscaloosa, Alabama, 35405",http://hschurch.com,Diocese of Birmingham,Tuscaloosa County,https://www.bhmdiocese.org/parishfinder
St. Francis of Assisi University Parish,"811 5th Avenue, Tuscaloosa, Alabama, 35401",https://stfrancisuofa.com/,Diocese of Birmingham,Tuscaloosa County,https://www.bhmdiocese.org/parishfinder
St. John the Baptist,"800 Lurleen Wallace Boulevard, Tuscaloosa, Alabama, 35405",,Diocese of Birmingham,Tuscaloosa County,https://www.bhmdiocese.org/parishfinder
St. Cecilia,"2159 Highway 195 North, Jasper, Alabama, 35503",http://www.stceciliajasper.com,Diocese of Birmingham,Walker County,https://www.bhmdiocese.org/parishfinder
Our Lady of Guadalupe,"485 Layne Hill Dr., Haleyville, Alabama, 35565",,Diocese of Birmingham,Winston County,https://www.bhmdiocese.org/parishfinder
Co-Cathedral of the Nativity of the Blessed Virgin Mary,"416 5th Street, Juneau, AK, 99801",https://juneaucathedralbvm.org/,Archdiocese of Anchorage-Juneau,City of Juneau,https://www.aoaj.org/parishfinder
National Shrine of St. Therese,"21425 Glacier Hwy, Juneau, AK, 99801",http://www.shrineofsainttherese.org/,Archdiocese of Anchorage-Juneau,City of Juneau,https://www.aoaj.org/parishfinder
St. Paul the Apostle,"9055 Atlin Dr., Juneau, AK, 99801",https://stpaulsjuneau.org/,Archdiocese of Anchorage-Juneau,City of Juneau,https://www.aoaj.org/parishfinder
Arctic Warrior Chapel,"4984 Zuckert Ave, JBER-Richardson, AK, 99505",,Archdiocese of Anchorage-Juneau,Military Bases,https://www.aoaj.org/parishfinder
Midnight Sun Chapel,"7137 Fighter Dr, JBER-Elmendorf, AK, 99506",,Archdiocese of Anchorage-Juneau,Military Bases,https://www.aoaj.org/parishfinder
Our Lady Star of the Sea,"BSU Kodiak Storis Drive, Building N-27 ISC, Kodiak, AK, 99619",,Archdiocese of Anchorage-Juneau,Military Bases,https://www.aoaj.org/parishfinder
Cathedral of Our Lady of Guadalupe,"3900 Wisconsin St, Anchorage, AK, 99517",http://www.olgakcocathedral.org/,Archdiocese of Anchorage-Juneau,Municipality of Anchorage,https://www.aoaj.org/parishfinder
Holy Cross Parish,"2627 Lore Rd, Anchorage, AK, 99507",http://www.holycrossalaska.net/,Archdiocese of Anchorage-Juneau,Municipality of Anchorage,https://www.aoaj.org/parishfinder
Holy Family Parish,"800 W 5th Ave, Anchorage, AK, 99501",https://holyfamilyalaska.org,Archdiocese of Anchorage-Juneau,Municipality of Anchorage,https://www.aoaj.org/parishfinder
Holy Spirit Center,"10980 Hillside Dr, Anchorage, AK, 99507",http://www.holyspiritcenterak.org/,Archdiocese of Anchorage-Juneau,Municipality of Anchorage,https://www.aoaj.org/parishfinder
"Monastery, Sisters of Perpetual Adoration","2645 E. 72nd Ave, Anchorage, AK, 99507",https://blessedsacramentmonastery.org,Archdiocese of Anchorage-Juneau,Municipality of Anchorage,https://www.aoaj.org/parishfinder
Our Lady of Providence Chapel,"3200 Providence Dr, Anchorage, AK, 99508",http://alaska.providence.org/about-us/mission/spiritualcare,Archdiocese of Anchorage-Juneau,Municipality of Anchorage,https://www.aoaj.org/parishfinder
Our Lady of the Snows Mission,"370 Northface Rd, Girdwood, AK, 99587",http://www.chapelourladyofthesnows.org,Archdiocese of Anchorage-Juneau,Municipality of Anchorage,https://www.aoaj.org/parishfinder
St. Andrew Kim Parish,"7206 Lake Otis Pkwy, Anchorage, AK, 99507",http://www.alaskakcc.com,Archdiocese of Anchorage-Juneau,Municipality of Anchorage,https://www.aoaj.org/parishfinder
St. Andrew Parish,"16300 Domain Ln, Eagle River, AK, 99577",http://www.aksaintandrews.org,Archdiocese of Anchorage-Juneau,Municipality of Anchorage,https://www.aoaj.org/parishfinder
St. Anthony Parish,"825 S. Klevin St, Anchorage, AK, 99508",https://www.stanthonyak.org,Archdiocese of Anchorage-Juneau,Municipality of Anchorage,https://www.aoaj.org/parishfinder
St. Benedict Parish,"8110 Jewel Lake Road Anchorage, Anchorage, AK, 99502",http://www.stbenedictsak.com,Archdiocese of Anchorage-Juneau,Municipality of Anchorage,https://www.aoaj.org/parishfinder
St. Elizabeth Ann Seton Parish,"2901 Huffman Rd, Anchorage, AK, 99516",http://www.akseas.net,Archdiocese of Anchorage-Juneau,Municipality of Anchorage,https://www.aoaj.org/parishfinder
St. Patrick Parish,"2111 Muldoon Rd, Anchorage, AK, 99504",http://www.st.patsak.org,Archdiocese of Anchorage-Juneau,Municipality of Anchorage,https://www.aoaj.org/parishfinder
Holy Family Parish,"186 Glenn Hwy, Glennallen, AK, 99588",https://glnholyfamily.com,Archdiocese of Anchorage-Juneau,Southcentral/Southwest,https://www.aoaj.org/parishfinder
Holy Rosary Parish,"435 Airport Road, Dillingham, AK, 99576",http://www.holyrosaryalaska.org,Archdiocese of Anchorage-Juneau,Southcentral/Southwest,https://www.aoaj.org/parishfinder
Our Lady of Perpetual Help Parish,"222 W. Redoubt Ave, Soldotna, AK, 99669",https://soldotnacatholicchurch.org/,Archdiocese of Anchorage-Juneau,Southcentral/Southwest,https://www.aoaj.org/parishfinder
Our Lady of the Angels Parish,"225 S. Spruce St, Kenai, AK, 99611",http://www.kenaicatholicchurch.org,Archdiocese of Anchorage-Juneau,Southcentral/Southwest,https://www.aoaj.org/parishfinder
Our Lady of the Lake Parish,"4275 South Oscar Anderson Road, Big Lake, AK, 99623",https://www.facebook.com/OLOLBiglakeak/,Archdiocese of Anchorage-Juneau,Southcentral/Southwest,https://www.aoaj.org/parishfinder
Sacred Heart Parish,"409 5th Avenue, Seward, AK, 99664",https://sacredheartseward.org/,Archdiocese of Anchorage-Juneau,Southcentral/Southwest,https://www.aoaj.org/parishfinder
Sacred Heart Parish,"1201 E. Bogard Rd, Wasilla, AK, 99654",http://www.sacredheartwasilla.org/,Archdiocese of Anchorage-Juneau,Southcentral/Southwest,https://www.aoaj.org/parishfinder
St. Bernard Parish,"22136 South F Street, Talkeetna, AK, 99676",,Archdiocese of Anchorage-Juneau,Southcentral/Southwest,https://www.aoaj.org/parishfinder
St. Christopher by the Sea Parish,"107 Riverside Drive, Unalaska, AK, 99685",,Archdiocese of Anchorage-Juneau,Southcentral/Southwest,https://www.aoaj.org/parishfinder
St. Christopher Mission,"Mile 67 S. Parks Highway, Willow, AK, 99688",,Archdiocese of Anchorage-Juneau,Southcentral/Southwest,https://www.aoaj.org/parishfinder
St. Francis Xavier Parish,"341 Pioneer Street, Valdez, AK, 99686",https://vdzsaintfrancis.com,Archdiocese of Anchorage-Juneau,Southcentral/Southwest,https://www.aoaj.org/parishfinder
St. John Neumann Mission,"Mile 1 Snug Harbor Rd., Cooper Landing, AK, 99572",,Archdiocese of Anchorage-Juneau,Southcentral/Southwest,https://www.aoaj.org/parishfinder
St. John the Baptist Parish,"255 Ohlson Ln, Homer, AK, 99603",http://www.stjohnthebaptistcatholicchurch.org,Archdiocese of Anchorage-Juneau,Southcentral/Southwest,https://www.aoaj.org/parishfinder
St. Joseph Parish,"220 Adams Ave, Cordova, AK, 99574",https://www.facebook.com/stjoescdv/,Archdiocese of Anchorage-Juneau,Southcentral/Southwest,https://www.aoaj.org/parishfinder
St. Mary Parish,"2932 Mill Bay Rd, Kodiak, AK, 99615",http://www.stmaryskodiak.org/,Archdiocese of Anchorage-Juneau,Southcentral/Southwest,https://www.aoaj.org/parishfinder
St. Michael Parish,"432 East Fireweed Avenue, Palmer, AK, 99645",https://www.saintmichaelcatholicchurch.org,Archdiocese of Anchorage-Juneau,Southcentral/Southwest,https://www.aoaj.org/parishfinder
St. Peter the Apostle Mission,"PO Box 39290, Ninilchik, AK, 99639",,Archdiocese of Anchorage-Juneau,Southcentral/Southwest,https://www.aoaj.org/parishfinder
St. Peter the Fisherman Mission,"Clarks Point, AK",https://www.holyrosaryalaska.org,Archdiocese of Anchorage-Juneau,Southcentral/Southwest,https://www.aoaj.org/parishfinder
St. Philip Benizi Mission,"Mile 114 Parks Highway, Trapper Creek, AK, 9683",,Archdiocese of Anchorage-Juneau,Southcentral/Southwest,https://www.aoaj.org/parishfinder
St. Theresa Mission,"PO Box 378, Naknek, AK, 99633",http://www.holyrosaryalaska.org/,Archdiocese of Anchorage-Juneau,Southcentral/Southwest,https://www.aoaj.org/parishfinder
Body of Christ Mission,"Pelican, AK",,Archdiocese of Anchorage-Juneau,Southeast,https://www.aoaj.org/parishfinder
Holy Family Mission,"Gustavus, AK",,Archdiocese of Anchorage-Juneau,Southeast,https://www.aoaj.org/parishfinder
Holy Family Mission,"Metlakatla, AK",,Archdiocese of Anchorage-Juneau,Southeast,https://www.aoaj.org/parishfinder
Holy Name Parish,"433 Jackson St, Ketchikan, AK, 99901",https://www.holynamektn.com/,Archdiocese of Anchorage-Juneau,Southeast,https://www.aoaj.org/parishfinder
Kake Catholic Community Mission,"Kake, AK",,Archdiocese of Anchorage-Juneau,Southeast,https://www.aoaj.org/parishfinder
Sacred Heart Mission,"Hoonah, AK",,Archdiocese of Anchorage-Juneau,Southeast,https://www.aoaj.org/parishfinder
Sacred Heart Parish,"3rd Ave. & Dalton St., Haines, AK, 99827",http://www.sacredhearthaines.org/,Archdiocese of Anchorage-Juneau,Southeast,https://www.aoaj.org/parishfinder
St. Ann Parish,"PO Box 323, Yakutat, AK, 99689",,Archdiocese of Anchorage-Juneau,Southeast,https://www.aoaj.org/parishfinder
St. Catherine of Siena Parish,"398 N 3rd St, Petersburg, AK, 99833",http://www.stcatherineofsienapetersburg.com/,Archdiocese of Anchorage-Juneau,Southeast,https://www.aoaj.org/parishfinder
St. Francis Mission,"Tenakee Springs, AK",,Archdiocese of Anchorage-Juneau,Southeast,https://www.aoaj.org/parishfinder
St. Gregory Nazianzen Parish,"606 Etolin St, Sitka, AK, 99835",https://sites.google.com/site/stgregorysitka/,Archdiocese of Anchorage-Juneau,Southeast,https://www.aoaj.org/parishfinder
St. John by the Sea Parish,"6840 Michigan Avenue, Klawock, AK, 99925",https://aoaj.org/st-john-by-the-sea,Archdiocese of Anchorage-Juneau,Southeast,https://www.aoaj.org/parishfinder
St. Rose of Lima Parish,"120 Church St, Wrangell, AK, 99929",http://www.stroseoflimawrangell.com/,Archdiocese of Anchorage-Juneau,Southeast,https://www.aoaj.org/parishfinder
St. Therese of the Child Jesus Parish,"9th Ave and State Street, Skagway, AK, 99840",https://www.skagwaycatholicchurch.org/,Archdiocese of Anchorage-Juneau,Southeast,https://www.aoaj.org/parishfinder
Blessed Sacrament Catholic Church,"Scammon Bay, AK",,Diocese of Fairbanks,Parishes,https://dioceseoffairbanks.org/parishfinder
Church of the Holy Angels Catholic Church,"Unalakleet, AK",,Diocese of Fairbanks,Parishes,https://dioceseoffairbanks.org/parishfinder
Church of the Nativity Catholic Church,"Saint Marys, AK",,Diocese of Fairbanks,Parishes,https://dioceseoffairbanks.org/parishfinder
Holy Family Catholic Church,Newtok,,Diocese of Fairbanks,Parishes,https://dioceseoffairbanks.org/parishfinder
Holy Family Catholic Church,"Holy Cross, AK",,Diocese of Fairbanks,Parishes,https://dioceseoffairbanks.org/parishfinder
Holy Mary of Guadalupe Catholic Church,"Healy, AK",https://www.hmogcatholic.com/,Diocese of Fairbanks,Parishes,https://dioceseoffairbanks.org/parishfinder
Holy Rosary Catholic Church,"Tok, AK",,Diocese of Fairbanks,Parishes,https://dioceseoffairbanks.org/parishfinder
Immaculate Conception Catholic Church,"2 Doyon Place, Fairbanks, AK, 99701-2830",http://iccfairbanks.org/,Diocese of Fairbanks,Parishes,https://dioceseoffairbanks.org/parishfinder
Immaculate Conception Catholic Church,"Bethel, AK",http://bethelcatholic.org/,Diocese of Fairbanks,Parishes,https://dioceseoffairbanks.org/parishfinder
Immaculate Conception Catholic Church,"Kalskag, AK",,Diocese of Fairbanks,Parishes,https://dioceseoffairbanks.org/parishfinder
Immaculate Heart of Mary Catholic Church,"Marshall, AK",,Diocese of Fairbanks,Parishes,https://dioceseoffairbanks.org/parishfinder
Little Flower of Jesus Catholic Church,"Hooper Bay, AK",,Diocese of Fairbanks,Parishes,https://dioceseoffairbanks.org/parishfinder
Our Lady of Guadalupe Catholic Church,"Russian Mission, AK",,Diocese of Fairbanks,Parishes,https://dioceseoffairbanks.org/parishfinder
Our Lady of Perpetual Help Catholic Church,"Nightmute, AK",,Diocese of Fairbanks,Parishes,https://dioceseoffairbanks.org/parishfinder
Our Lady of Sorrows Catholic Church,"2565 Deborah St, Delta Junction, AK, 99737-0446",https://sites.google.com/view/ourladyofsorrowstest2/,Diocese of Fairbanks,Parishes,https://dioceseoffairbanks.org/parishfinder
Our Lady of the Snows Catholic Church,"Nulato, AK",,Diocese of Fairbanks,Parishes,https://dioceseoffairbanks.org/parishfinder
Sacred Heart Cathedral,"1300 Peger Rd., Fairbanks, AK, 99709",http://www.sacreheartak.org,Diocese of Fairbanks,Parishes,https://dioceseoffairbanks.org/parishfinder
Sacred Heart Catholic Church,"Emmonak, AK",,Diocese of Fairbanks,Parishes,https://dioceseoffairbanks.org/parishfinder
Sacred Heart Catholic Church,"Chevak, AK, AK",,Diocese of Fairbanks,Parishes,https://dioceseoffairbanks.org/parishfinder
Saint Aloysius Catholic Church,"Tanana, AK",,Diocese of Fairbanks,Parishes,https://dioceseoffairbanks.org/parishfinder
Saint Ann Catholic Church,"Teller, AK",https://walaskacatholic.org,Diocese of Fairbanks,Parishes,https://dioceseoffairbanks.org/parishfinder
Saint Bernard Catholic Church,"Stebbins, AK",,Diocese of Fairbanks,Parishes,https://dioceseoffairbanks.org/parishfinder
Saint Catherine of Siena Catholic Church,"Chefornak, AK",,Diocese of Fairbanks,Parishes,https://dioceseoffairbanks.org/parishfinder
Saint Charles Spinola Catholic Church,Pilot Station,,Diocese of Fairbanks,Parishes,https://dioceseoffairbanks.org/parishfinder
Saint Francis Regis Catholic Church,"Huslia, AK",,Diocese of Fairbanks,Parishes,https://dioceseoffairbanks.org/parishfinder
Saint Francis Xavier,"Eagle, AK",,Diocese of Fairbanks,Parishes,https://dioceseoffairbanks.org/parishfinder
Saint Francis Xavier Catholic Church,"Kotzebue, AK",http://walaskacatholic.org/,Diocese of Fairbanks,Parishes,https://dioceseoffairbanks.org/parishfinder
Saint Ignatius Catholic Church,"Alakanuk, AK",,Diocese of Fairbanks,Parishes,https://dioceseoffairbanks.org/parishfinder
Saint John Berchmans Catholic Church,"Galena, AK",http://kiyu.com/stjohnschu,Diocese of Fairbanks,Parishes,https://dioceseoffairbanks.org/parishfinder
Saint Joseph Catholic Church,"Tununak, AK",,Diocese of Fairbanks,Parishes,https://dioceseoffairbanks.org/parishfinder
Saint Joseph Catholic Church,"100 West King Place, Nome , AK, 99762",http://walaskacatholic.org/,Diocese of Fairbanks,Parishes,https://dioceseoffairbanks.org/parishfinder
Saint Joseph Catholic Church,"Kotlik, AK",,Diocese of Fairbanks,Parishes,https://dioceseoffairbanks.org/parishfinder
Saint Jude Catholic Church,"Little Diomede Island, AK",http://walaskacatholic.org,Diocese of Fairbanks,Parishes,https://dioceseoffairbanks.org/parishfinder
Saint Lawrence Catholic Church,"Mountain Village, AK",,Diocese of Fairbanks,Parishes,https://dioceseoffairbanks.org/parishfinder
Saint Mark's University Parish,"Fairbanks, AK",,Diocese of Fairbanks,Parishes,https://dioceseoffairbanks.org/parishfinder
Saint Michael Catholic Church,"McGrath, AK",,Diocese of Fairbanks,Parishes,https://dioceseoffairbanks.org/parishfinder
Saint Michael Catholic Church,"Saint Michael, AK",,Diocese of Fairbanks,Parishes,https://dioceseoffairbanks.org/parishfinder
Saint Nicholas Catholic Church,"707 Saint Nicholas Drive, North Pole, AK, 99705-8011",http://www.stnicholasnp.org,Diocese of Fairbanks,Parishes,https://dioceseoffairbanks.org/parishfinder
Saint Patrick Catholic Church,"Koyukuk, AK",,Diocese of Fairbanks,Parishes,https://dioceseoffairbanks.org/parishfinder
Saint Patrick Catholic Church,"Barrow, AK",,Diocese of Fairbanks,Parishes,https://dioceseoffairbanks.org/parishfinder
Saint Peter Catholic Church,"Nunam Iqua, Ak",,Diocese of Fairbanks,Parishes,https://dioceseoffairbanks.org/parishfinder
Saint Peter in Chains Catholic Church,"Ruby, AK",,Diocese of Fairbanks,Parishes,https://dioceseoffairbanks.org/parishfinder
Saint Peter the Fisherman Catholic Church,"Toksook Bay, AK",,Diocese of Fairbanks,Parishes,https://dioceseoffairbanks.org/parishfinder
Saint Raphael Catholic Church,"1125 Old Steese Hwy N., Fairbanks, AK, 99710",https://straphaelfairbanks.org,Diocese of Fairbanks,Parishes,https://dioceseoffairbanks.org/parishfinder
Saint Teresa Catholic Church,"Kaltag, AK",,Diocese of Fairbanks,Parishes,https://dioceseoffairbanks.org/parishfinder
Saint Theresa Catholic Church,"Nenana, AK",,Diocese of Fairbanks,Parishes,https://dioceseoffairbanks.org/parishfinder
Saint Theresa Catholic Church,"Aniak, AK",,Diocese of Fairbanks,Parishes,https://dioceseoffairbanks.org/parishfinder
Saint Andrews Catholic Church,"Sierra Vista , AZ",https://standrewsv.org/,Diocese of Tucson,Sunday Mass Schedule,https://diocesetucson.org/parishfinder
St. Augustine Cathedral,"Tucson, AZ",https://cathedral-staugustine.org/,Diocese of Tucson,Sunday Mass Schedule,https://diocesetucson.org/parishfinder
Immaculate Conception,"928 C Ave, Douglas, AZ, 85607",https://www.douglascatholic.org/immaculate-conception,Diocese of Tucson,Cochise Vicariate,https://diocesetucson.org/parishfinder
Our Lady of Lourdes,"386 E 5th St., Benson, AZ, 85602",https://ololparish.com,Diocese of Tucson,Cochise Vicariate,https://diocesetucson.org/parishfinder
Our Lady of the Mountains,"1425 E. Yaqui St., Sierra Vista, AZ, 85650",https://olmaz.org,Diocese of Tucson,Cochise Vicariate,https://diocesetucson.org/parishfinder
Sacred Heart of Jesus,"215 W. Maley St., Willcox, AZ, 85643",,Diocese of Tucson,Cochise Vicariate,https://diocesetucson.org/parishfinder
Sacred Heart of Jesus,"598 E. Safford St., Tombstone, AZ, 85638",https://www.shctombstone.org,Diocese of Tucson,Cochise Vicariate,https://diocesetucson.org/parishfinder
Saint Andrew the Apostle,"800 Taylor Dr., Sierra Vista, AZ, 85635-1050",https://standrewsv.org,Diocese of Tucson,Cochise Vicariate,https://diocesetucson.org/parishfinder
Saint Bernard,"2308 N. McKinley Street, Pirtleville, AZ, 85626",https://www.douglascatholic.org/st-bernard-and-missions,Diocese of Tucson,Cochise Vicariate,https://diocesetucson.org/parishfinder
Saint Francis of Assisi Mission,"4110 Jefferson St., Elfrida, Arizona, 85610",,Diocese of Tucson,Cochise Vicariate,https://diocesetucson.org/parishfinder
Saint Jude Thaddeus,"Highway 191 Mile Post #51, Pearce, AZ, 85606",,Diocese of Tucson,Cochise Vicariate,https://diocesetucson.org/parishfinder
Saint Luke,"1211 E. 15th Street, Douglas, AZ, 85607",https://www.douglascatholic.org/st-luke,Diocese of Tucson,Cochise Vicariate,https://diocesetucson.org/parishfinder
Saint Patrick,"100 Quality Hill Rd., Bisbee, AZ, 85603",https://www.stpatsbisbee.com/,Diocese of Tucson,Cochise Vicariate,https://diocesetucson.org/parishfinder
Blessed Sacrament,"122 W. Church Dr., Mammoth, AZ, 85618",https://blessedsacramentparishmammoth.org/,Diocese of Tucson,Gila/Pinal-East/Graham/Greenlee Vicariate,https://diocesetucson.org/parishfinder
Holy Angels,"201 S. Broad St., Globe, AZ, 85501",https://www.holyangelscatholicchurchglobe.org,Diocese of Tucson,Gila/Pinal-East/Graham/Greenlee Vicariate,https://diocesetucson.org/parishfinder
Holy Cross,"205 Fairbanks Rd., Morenci, AZ, 85540",https://greenleecatholic.org/holycrossparish,Diocese of Tucson,Gila/Pinal-East/Graham/Greenlee Vicariate,https://diocesetucson.org/parishfinder
Infant Jesus of Prague,"501 Victoria Cir, Kearny, AZ, 85137",,Diocese of Tucson,Gila/Pinal-East/Graham/Greenlee Vicariate,https://diocesetucson.org/parishfinder
Our Lady of Guadalupe,"2257 S. 1st Avenue , Solomon, AZ, 85551",https://olgsolomon.com,Diocese of Tucson,Gila/Pinal-East/Graham/Greenlee Vicariate,https://diocesetucson.org/parishfinder
Our Lady of the Blessed Sacrament,"844 W. Sullivan St., Miami, AZ, 85539",https://www.ourladymiami.com,Diocese of Tucson,Gila/Pinal-East/Graham/Greenlee Vicariate,https://diocesetucson.org/parishfinder
Sacred Heart,"329 Chase Creek St., Clifton, AZ, 85533",https://greenleecatholic.org/sacredheartparish,Diocese of Tucson,Gila/Pinal-East/Graham/Greenlee Vicariate,https://diocesetucson.org/parishfinder
Saint Bartholomew,"609 W Park Pl, San Manuel, AZ, 85631",https://stbartholomewparishsanmanuel.org/,Diocese of Tucson,Gila/Pinal-East/Graham/Greenlee Vicariate,https://diocesetucson.org/parishfinder
Saint Charles Apache Mission Church,"460 San Carlos Ave, San Carlos, AZ, 85550",,Diocese of Tucson,Gila/Pinal-East/Graham/Greenlee Vicariate,https://diocesetucson.org/parishfinder
Saint Helen,"66 E Maplewood St., Oracle, AZ, 85623",https://www.sthelenparishoracle.org/,Diocese of Tucson,Gila/Pinal-East/Graham/Greenlee Vicariate,https://diocesetucson.org/parishfinder
Saint Joseph,"300 Mountain View Dr., Hayden, AZ, 85135",,Diocese of Tucson,Gila/Pinal-East/Graham/Greenlee Vicariate,https://diocesetucson.org/parishfinder
Saint Philip the Apostle,"511 S St. Philips St., Payson, AZ, 85541-5144",https://catholicpayson.com,Diocese of Tucson,Gila/Pinal-East/Graham/Greenlee Vicariate,https://diocesetucson.org/parishfinder
Saint Rose of Lima,"311 S Central Ave., Safford, AZ, 85546",https://www.saintroselima-safford.com,Diocese of Tucson,Gila/Pinal-East/Graham/Greenlee Vicariate,https://diocesetucson.org/parishfinder
St. Francis of Assisi Church,"11 Church Ave., Superior, AZ, 85173",https://stfrancissuperior.org/,Diocese of Tucson,Gila/Pinal-East/Graham/Greenlee Vicariate,https://diocesetucson.org/parishfinder
Most Holy Trinity,"1300 N. Greasewood Rd., Tucson, AZ, 85745",https://mostholytrinityparish.org/,Diocese of Tucson,Pima - Central Vicariate,https://diocesetucson.org/parishfinder
Our Lady of La Vang / St. Frances Cabrini,"3201 East Presidio Road, Tucson, Arizona, 85716",http://www.lavangtucson.com,Diocese of Tucson,Pima - Central Vicariate,https://diocesetucson.org/parishfinder
Sacred Heart,"601 East Ft. Lowell Road, Tucson, Arizona, 85705",https://sacredhearttucson.weconnect.com,Diocese of Tucson,Pima - Central Vicariate,https://diocesetucson.org/parishfinder
Saint Ambrose,"300 South Tucson Boulevard, Tucson, Arizona, 85716",https://www.stambroseparishtucson.org,Diocese of Tucson,Pima - Central Vicariate,https://diocesetucson.org/parishfinder
Saint Thomas More Newman Center,"1615 East 2nd Street, Tucson, AZ, 85719",https://www.uacatholic.org,Diocese of Tucson,Pima - Central Vicariate,https://diocesetucson.org/parishfinder
Sts. Peter and Paul Catholic Church,"1946 E Lee St., Tucson, AZ, 85719",https://sspp-parish.org/,Diocese of Tucson,Pima - Central Vicariate,https://diocesetucson.org/parishfinder
Corpus Christi,"300 North Tanque Verde Loop Road, Tucson, Arizona, 85748",http://www.cccctucson.org/,Diocese of Tucson,Pima - East Vicariate,https://diocesetucson.org/parishfinder
Our Lady Star of the Sea (Korean Community),"3820 Sabino Canyon Road, Tucson, Arizona, 85750",,Diocese of Tucson,Pima - East Vicariate,https://diocesetucson.org/parishfinder
Our Mother of Sorrows,"1800 South Kolb Road, Tucson, AZ, 85710",https://omosparish.org/,Diocese of Tucson,Pima - East Vicariate,https://diocesetucson.org/parishfinder
Saint Cyril of Alexandria,"1750 North Swan Road, Tucson, Arizona, 85712",http://stcyrilchurch-tucson.org/,Diocese of Tucson,Pima - East Vicariate,https://diocesetucson.org/parishfinder
Saint Joseph,"215 S Craycroft Rd, Tucson, AZ, 85711",https://www.stjosephtucsonaz.org/,Diocese of Tucson,Pima - East Vicariate,https://diocesetucson.org/parishfinder
Saint Rita in the Desert,"13260 E Colossal Cave Rd, Vail, AZ, 85641",https://www.stritainthedesert.org/,Diocese of Tucson,Pima - East Vicariate,https://diocesetucson.org/parishfinder
St. Francis de Sales Parish,"1375 South Camino Seco, Tucson, AZ, 85710",https://sfdstucson.org/,Diocese of Tucson,Pima - East Vicariate,https://diocesetucson.org/parishfinder
St. Pius X,"1800 N Camino Pio Decimo, Tucson, AZ, 85715",https://stpiusxtucson.org/,Diocese of Tucson,Pima - East Vicariate,https://diocesetucson.org/parishfinder
Our Lady of the Desert Conventual Church,"7101 West Picture Rocks Road, Tucson, Arizona, 85743",http://desertrenewal.org/,Diocese of Tucson,Pima - North Vicariate,https://diocesetucson.org/parishfinder
Santa Catalina,"14380 N. Oracle Rd., Tucson, AZ, 85739",https://jxlx5a.sites.ecatholic.com/,Diocese of Tucson,Pima - North Vicariate,https://diocesetucson.org/parishfinder
St. Christopher,"12101 West Moore Road, Marana, AZ, 85653",https://stchristophermarana.org/,Diocese of Tucson,Pima - North Vicariate,https://diocesetucson.org/parishfinder
St. Elizabeth Ann Seton,"8650 North Shannon Road, Tucson, AZ, 85742",https://parish.seastucson.org/,Diocese of Tucson,Pima - North Vicariate,https://diocesetucson.org/parishfinder
St. Elizabeth Ann Seton,"8650 North Shannon Road, Tucson, AZ, 85742",https://oe1qa.sites.ecatholic.com/,Diocese of Tucson,Pima - North Vicariate,https://diocesetucson.org/parishfinder
St. Mark the Evangelist,"2727 West Tangerine Road, Oro Valley, AZ, 85742",https://stmarkov.com/,Diocese of Tucson,Pima - North Vicariate,https://diocesetucson.org/parishfinder
St. Odilia,"7570 North Paseo Del Norte, Oro Valley, AZ, 85704",https://stodiliaparish.org/,Diocese of Tucson,Pima - North Vicariate,https://diocesetucson.org/parishfinder
St. Thomas the Apostle,"5150 North Valley View Road, Tucson, AZ, 85718",https://statucson.org/,Diocese of Tucson,Pima - North Vicariate,https://diocesetucson.org/parishfinder
Holy Family,"338 W. University Boulevard, Tucson, Arizona, 85705",https://holyfamilytucson.org/,Diocese of Tucson,Pima - South Vicariate,https://diocesetucson.org/parishfinder
Our Lady of Fatima,"1950 W. Irvington Place, Tucson, Arizona, 85746",https://www.fatimaintucson.org,Diocese of Tucson,Pima - South Vicariate,https://diocesetucson.org/parishfinder
Our Lady Queen of All Saints,"2915 E. 36th Street, Tucson, Arizona, 85713",,Diocese of Tucson,Pima - South Vicariate,https://diocesetucson.org/parishfinder
Saint Augustine Cathedral,"192 S. Stone Ave., Tucson, Arizona, 85701",http://cathedral-staugustine.org/,Diocese of Tucson,Pima - South Vicariate,https://diocesetucson.org/parishfinder
Saint Gianna Oratory,"338 W. University Blvd., Tucson, Arizona, 85705",https://institute-christ-king.org/tucson-home,Diocese of Tucson,Pima - South Vicariate,https://diocesetucson.org/parishfinder
Saint John the Evangelist,"602 W. Ajo Way, Tucson, AZ, 85713",https://www.stjohnevangelisttucson.org,Diocese of Tucson,Pima - South Vicariate,https://diocesetucson.org/parishfinder
Saint Margaret Mary Alacoque,"801 N. Grande Ave., Tucson, AZ, 85745",https://www.stmargaretmarytucson.org,Diocese of Tucson,Pima - South Vicariate,https://diocesetucson.org/parishfinder
Saint Mary of the Desert Mission,"10530 S. Sierrita Mountain Rd., Three Points, AZ, 85736",http://stmarydesert.org/en/,Diocese of Tucson,Pima - South Vicariate,https://diocesetucson.org/parishfinder
Saint Monica,"212 W. Medina Rd., Tucson, AZ, 85756",https://www.stmonicaparishtucson.org,Diocese of Tucson,Pima - South Vicariate,https://diocesetucson.org/parishfinder
Santa Cruz,"1220 S. 6th Ave., Tucson, AZ, 85713",https://santacruzchurchtucson.com,Diocese of Tucson,Pima - South Vicariate,https://diocesetucson.org/parishfinder
Immaculate Conception,"100 N Pizal Lane, Ajo, AZ, 85321",http://www.iccajo.com,Diocese of Tucson,Pima - West Vicariate,https://diocesetucson.org/parishfinder
San Solano Missions,"Topawa, AZ, 85639",https://www.facebook.com/SanSolanoMissions/,Diocese of Tucson,Pima - West Vicariate,https://diocesetucson.org/parishfinder
San Xavier del Bac Mission,"1950 W San Xavier Rd, Tucson, AZ, 85746",https://sanxaviermission.org,Diocese of Tucson,Pima - West Vicariate,https://diocesetucson.org/parishfinder
St. Kateri Tekakwitha Indian Mission,"507 W. 29th St., South Tucson, AZ, 85713",https://stkateritucson.org/,Diocese of Tucson,Pima - West Vicariate,https://diocesetucson.org/parishfinder
Assumption of the Blessed Virgin Mary Catholic Church,"177 E. 8th St., Florence, AZ, 85132",https://assumptionofmary.org/,Diocese of Tucson,Pinal - West Vicariate,https://diocesetucson.org/parishfinder
Our Lady of Grace,"18700 N. Saint Gabriel Way, Maricopa, AZ, 85138",https://www.maricopacatholic.org,Diocese of Tucson,Pinal - West Vicariate,https://diocesetucson.org/parishfinder
Saint Anthony of Padua,"201 N. Picacho St., Casa Grande, AZ, 85122",https://www.stanthonycg.org,Diocese of Tucson,Pinal - West Vicariate,https://diocesetucson.org/parishfinder
Saint George,"300 E. 16th Ave., Apache Junction, AZ, 85119",https://stgeorgeaj.com,Diocese of Tucson,Pinal - West Vicariate,https://diocesetucson.org/parishfinder
Saint Helen of the Cross,"205 W. 8th St., Eloy, AZ, 85131",https://www.sthelenofthecross.org,Diocese of Tucson,Pinal - West Vicariate,https://diocesetucson.org/parishfinder
Saint James the Apostle Catholic Church,"401 W. Wilson Ave., Coolidge, AZ, 85128",https://stjamescoolidge.org/,Diocese of Tucson,Pinal - West Vicariate,https://diocesetucson.org/parishfinder
Saint Michael the Archangel,"26035 N Apollo Dr., San Tan Valley/Florence, AZ, 85132",http://www.stmichaels77.org,Diocese of Tucson,Pinal - West Vicariate,https://diocesetucson.org/parishfinder
Most Holy Nativity of Our Lord Jesus Christ,"395 Avenida Coatimundi, Rio Rico, AZ, 85648",https://www.mhnparish.org,Diocese of Tucson,Santa Cruz Vicariate,https://diocesetucson.org/parishfinder
Our Lady of the Angels Mission,"22 Los Encinos Rd, Sonoita, AZ, 85637",https://olamissionaz.com/,Diocese of Tucson,Santa Cruz Vicariate,https://diocesetucson.org/parishfinder
Our Lady of the Valley,"505 N. La Cañada Dr., Green Valley, AZ, 85614",https://www.olvgv.org,Diocese of Tucson,Santa Cruz Vicariate,https://diocesetucson.org/parishfinder
Sacred Heart of Jesus,"272 N. Rodriguez St., Nogales, AZ, 85621",http://www.sacredheartnogales.com,Diocese of Tucson,Santa Cruz Vicariate,https://diocesetucson.org/parishfinder
Saint Ann,"11 Calle Iglesia, Tubac, AZ, 85646",https://stannsparishtubacaz.org,Diocese of Tucson,Santa Cruz Vicariate,https://diocesetucson.org/parishfinder
San Felipe de Jesus,"1901 N. Jose Gallego Dr., Nogales, AZ, 85621",http://www.sanfelipedejesusparish.org,Diocese of Tucson,Santa Cruz Vicariate,https://diocesetucson.org/parishfinder
San Martin de Porres,"15440 S. Santa Rita Rd., Sahuarita, AZ, 85629",http://www.sanmartinsahuarita.org,Diocese of Tucson,Santa Cruz Vicariate,https://diocesetucson.org/parishfinder
St. Therese of Lisieux,"222 Third Ave, Patagonia, AZ, 85624",https://sttheresepatagonia.org/,Diocese of Tucson,Santa Cruz Vicariate,https://diocesetucson.org/parishfinder
Immaculate Conception,"505 South Ave. B, Yuma, AZ, 85364",https://www.icyuma.com,Diocese of Tucson,Yuma/La Paz Vicariate,https://diocesetucson.org/parishfinder
Immaculate Heart of Mary,"310 W. Spring St., Somerton, AZ, 85350",https://www.ihmsomertonaz.com,Diocese of Tucson,Yuma/La Paz Vicariate,https://diocesetucson.org/parishfinder
Sacred Heart,"1101 Joshua Ave., Parker, AZ, 85344",http://www.sacredheartparker.org,Diocese of Tucson,Yuma/La Paz Vicariate,https://diocesetucson.org/parishfinder
Saint Francis of Assisi,"1815 S. 8th Ave., Yuma, AZ, 85364",https://www.stfrancisyuma.com,Diocese of Tucson,Yuma/La Paz Vicariate,https://diocesetucson.org/parishfinder
Saint Joseph the Worker,"8674 South Ave. 36 E., Wellton, AZ, 85356",http://www.stjosephwellton.com,Diocese of Tucson,Yuma/La Paz Vicariate,https://diocesetucson.org/parishfinder
Saint Jude Thaddeus,"984 N. Main St., San Luis, AZ, 85349",,Diocese of Tucson,Yuma/La Paz Vicariate,https://diocesetucson.org/parishfinder
St. John Neumann,"11545 E. 40th St., Yuma, AZ, 85367",https://sjnyuma.com/,Diocese of Tucson,Yuma/La Paz Vicariate,https://diocesetucson.org/parishfinder
Christ the King,"1800 Bedford Way, Bakersfield, CA, 93308",http://christtheking.ws/,Diocese of Fresno,Bakersfield Metro,https://dioceseoffresno.org/parishfinder
Our Lady of Perpetual Help,"124 Columbus St., Bakersfield, CA, 93305-1798",https://www.olphbakersfield.org/,Diocese of Fresno,Bakersfield Metro,https://dioceseoffresno.org/parishfinder
Our Lady of the Snows Mission,"7115 Lakewood Drive, Frazier, CA, 93225-9208",http://ourladyofthesnows.net/,Diocese of Fresno,Bakersfield Metro,https://dioceseoffresno.org/parishfinder
Sacred Heart,"9915 Ramos Ave., Bakersfield, CA, 93307-6235",https://sacredheartbakersfield.org/,Diocese of Fresno,Bakersfield Metro,https://dioceseoffresno.org/parishfinder
San Clemente Mission Parish,"1305 Water St., Bakersfield, CA, 93305-2832",http://www.sanclementemission.org/,Diocese of Fresno,Bakersfield Metro,https://dioceseoffresno.org/parishfinder
"Shrine of Our Lady of Guadalupe, Co-Patroness of the Unborn","601 E. California Ave., Bakersfield, CA, 93307-1143",https://www.guadalupebakersfield.org/,Diocese of Fresno,Bakersfield Metro,https://dioceseoffresno.org/parishfinder
St. Augustine,"10601 Myrtle Ave., Lamont, CA, 93241-2111",https://www.facebook.com/StAugustineChurchLamont,Diocese of Fresno,Bakersfield Metro,https://dioceseoffresno.org/parishfinder
St. Elizabeth Ann Seton,"12300 Reina Road, Bakersfield, CA, 93312",http://www.setoncatholicchurch.org/,Diocese of Fresno,Bakersfield Metro,https://dioceseoffresno.org/parishfinder
St. Francis of Assisi,"900 “H” Street, Bakersfield, CA, 93304-1312",https://www.stfran.org/,Diocese of Fresno,Bakersfield Metro,https://dioceseoffresno.org/parishfinder
St. Joseph,"1515 Baker St., Bakersfield, CA, 93305-3732",https://stjosephchurchbak.wixsite.com,Diocese of Fresno,Bakersfield Metro,https://dioceseoffresno.org/parishfinder
St. Philip the Apostle,"7100 Stockdale Highway, Bakersfield, CA, 93309-1399",http://www.stphilipchurch.org,Diocese of Fresno,Bakersfield Metro,https://dioceseoffresno.org/parishfinder
St. Thomas the Apostle,"350 E. Bear Mountain Blvd., Arvin, CA, 93203-1538",,Diocese of Fresno,Bakersfield Metro,https://dioceseoffresno.org/parishfinder
Holy Spirit,"724 E. Belle Terrace , Bakersfield , CA, 93307",,Diocese of Fresno,Bakersfield Metro Missions,https://dioceseoffresno.org/parishfinder
Catholic Community of St. Jude and Our Lady of the Assumption,"208 West Jefferson, Easton, CA, 93706-5838",https://www.stjude-easton.org/,Diocese of Fresno,Fresno Metro,https://dioceseoffresno.org/parishfinder
"Divine Mercy, Clovis; station: Shaver Laker  Community Chapel","2525 Alluvial Ave. Suite 271, Clovis, CA, 93611",https://divinemercyclovis.org,Diocese of Fresno,Fresno Metro,https://dioceseoffresno.org/parishfinder
"Holy Spirit, Fresno","355 East Champlain Drive, Fresno, CA 93730-1273, Fresno, CA, 93730-1273",http://www.holyspiritfresno.org/,Diocese of Fresno,Fresno Metro,https://dioceseoffresno.org/parishfinder
Our Lady of La Vang,"4144 N. Millbrook Ave., Fresno, CA, 93726",,Diocese of Fresno,Fresno Metro,https://dioceseoffresno.org/parishfinder
Our Lady of Mount Carmel,"816 Pottle Ave., Fresno, CA, 93706-3796",https://ourladyofmountcarmelchurch-catholicchurch.business.site/,Diocese of Fresno,Fresno Metro,https://dioceseoffresno.org/parishfinder
Our Lady of Perpetual Help,"929 Harvard Ave., Clovis, CA, 93612",https://www.olphclovis.org/,Diocese of Fresno,Fresno Metro,https://dioceseoffresno.org/parishfinder
Our Lady of the Assumption,"13540 S. Henderson Ave., Caruthers, CA, 93609",https://www.stjude-easton.org/,Diocese of Fresno,Fresno Metro,https://dioceseoffresno.org/parishfinder
Our Lady of Victory,"2918 N West Ave., Fresno, CA, 93705",https://olv-church.com/,Diocese of Fresno,Fresno Metro,https://dioceseoffresno.org/parishfinder
Sacred Heart,"2140 N. Cedar Ave., Fresno, CA, 93703-2697",http://www.sacredheartfresno.org/,Diocese of Fresno,Fresno Metro,https://dioceseoffresno.org/parishfinder
St Anthony Mary Claret Church,"2494 S. Chestnut Ave., Fresno, CA, 93725-1734",https://stanthonymaryclaretfresno.org/,Diocese of Fresno,Fresno Metro,https://dioceseoffresno.org/parishfinder
St. Alphonsus,"351 E Kearney Blvd., Fresno, CA, 93706",,Diocese of Fresno,Fresno Metro,https://dioceseoffresno.org/parishfinder
St. Anthony of Padua,"5770 N. Maroa Ave, Fresno, CA, 93704",https://stanthonyfresno.org/,Diocese of Fresno,Fresno Metro,https://dioceseoffresno.org/parishfinder
St. Genevieve,"1127 Tulare St., Fresno, CA, 93706",,Diocese of Fresno,Fresno Metro,https://dioceseoffresno.org/parishfinder
St. Helen,"4870 E. Belmont Ave, Fresno, CA, 93727",http://www.sthelensfresno.com/,Diocese of Fresno,Fresno Metro,https://dioceseoffresno.org/parishfinder
St. John's Cathedral,"2814 Mariposa St., Fresno, CA, 93721",https://www.stjohnsfresno.org/,Diocese of Fresno,Fresno Metro,https://dioceseoffresno.org/parishfinder
St. Mary Queen of Apostles,"4636 W. Dakota Ave., Fresno, CA, 93722-4699",http://stmaryschurchfresno.org/,Diocese of Fresno,Fresno Metro,https://dioceseoffresno.org/parishfinder
St. Paul Catholic Newman Center,"1572 E. Barstow Ave., Fresno, CA, 93710-6503",https://fresnonewmancenter.org/,Diocese of Fresno,Fresno Metro,https://dioceseoffresno.org/parishfinder
The Shrine of St. Therese,"1410 N. Wishon Ave.;mail address: 855 E. Floradora Ave., Fresno, 93728-1808, Fresno, CA, 93728-1808",https://shrineofsttherese.wordpress.com/,Diocese of Fresno,Fresno Metro,https://dioceseoffresno.org/parishfinder
Christ the King,"3545 W. Calvin Avenue, Malaga, CA, 93725",,Diocese of Fresno,Fresno Metro Missions,https://dioceseoffresno.org/parishfinder
Infant Jesus of Prague,"32054 Whispering Springs Rd., Tollhouse, CA, 93667",,Diocese of Fresno,Fresno Metro Missions,https://dioceseoffresno.org/parishfinder
St. Agnes,"111 W. Birch Street, Pinedale, CA, 93650",,Diocese of Fresno,Fresno Metro Missions,https://dioceseoffresno.org/parishfinder
Holy Family,"1275 Smith St., Kingsburg, Mail:  P.O. Box 798, Kingsburg. 93631; Office;  1700 Lewis St., Kingsburg, CA, 93631",https://www.holyfamilykingsburg.com/,Diocese of Fresno,Fresno Rural,https://dioceseoffresno.org/parishfinder
Our Lady of Sorrows,"830 Tulare St., Parlier, Parlier, CA, 93648-2401",https://ourladyofsorrowsparlier.org/,Diocese of Fresno,Fresno Rural,https://dioceseoffresno.org/parishfinder
St. Anthony of Padua,"1018 N. Frankwood Avenue (New Church); Mail:  P.O. Box 188, Reedley, 93654, Reedley, CA, 93654",http://www.stanthonyschurch-reedley.org/,Diocese of Fresno,Fresno Rural,https://dioceseoffresno.org/parishfinder
St. Catherine of Siena,"356 N. Villa Ave, Dinuba, CA, 93618-1637",https://stcatherinesdinuba.com/,Diocese of Fresno,Fresno Rural,https://dioceseoffresno.org/parishfinder
St. Isidore the Farmer,"480 Adams Ave., Orange Cove, CA, 93646",https://stisidoreoc.com/,Diocese of Fresno,Fresno Rural,https://dioceseoffresno.org/parishfinder
St. Joseph,"2441 Dockery Avenue, Selma, CA, 93662",http://stjosephselma.org,Diocese of Fresno,Fresno Rural,https://dioceseoffresno.org/parishfinder
St. Katherine,"P.O. Box 5114, Del Rey, CA, 93616",https://www.stmarysparishsanger.org/,Diocese of Fresno,Fresno Rural,https://dioceseoffresno.org/parishfinder
St. Lucy,"512 S. Fifth St., Fowler, CA, 93625",https://www.facebook.com/stlucysfowler.org/,Diocese of Fresno,Fresno Rural,https://dioceseoffresno.org/parishfinder
St. Mary,"12588 Avenue 407, Cutler, CA, 93615-2017",https://www.StMarysCatholicChurchParishCutler.com/,Diocese of Fresno,Fresno Rural,https://dioceseoffresno.org/parishfinder
St. Mary,"2590 E. North Ave, Sanger, CA, 93657, 93616",https://www.stmarysparishsanger.org/,Diocese of Fresno,Fresno Rural,https://dioceseoffresno.org/parishfinder
Santa Cruz,"5625 Avenue 378, London, CA, 93618",,Diocese of Fresno,Fresno Rural Missions,https://dioceseoffresno.org/parishfinder
St. John the Baptist,"1700 Lewis Street , Kingsburg, CA, 93631",https://holyfamilykingsburg.com/,Diocese of Fresno,Fresno Rural Missions,https://dioceseoffresno.org/parishfinder
St. Katherine,"5375 Carmel, Del Rey, CA, 93616",,Diocese of Fresno,Fresno Rural Missions,https://dioceseoffresno.org/parishfinder
St. Rita,"30673 George Smith Road, Yokuts Valley, CA, 93675",,Diocese of Fresno,Fresno Rural Missions,https://dioceseoffresno.org/parishfinder
Our Lady of Lourdes,"9970 California City Blvd.; Mail to:  P.O. Box 2060, California City 93504, California City, CA, 93505",https://www.ollcalcity.org/,Diocese of Fresno,High Desert,https://dioceseoffresno.org/parishfinder
Our Lady of Perpetual Help,"849 Home St., Bishop, CA, 93514",http://olphbishop.org/,Diocese of Fresno,High Desert,https://dioceseoffresno.org/parishfinder
"Santa Rosa; Stations:  Death Valley, Furnace Creek, Olancha","311 E. Locust, Lone Pine; mail: P.O. Box 246 Lone Pine, Lone Pine, CA, 93545-0246",,Diocese of Fresno,High Desert,https://dioceseoffresno.org/parishfinder
St. Ann,"446 W. Church Ave.; Mail;  P.O. Box 127, Ridgecrest, 93556-0127, Ridgecrest, CA, 93555",http://www.parishofsaintann.org/,Diocese of Fresno,High Desert,https://dioceseoffresno.org/parishfinder
St. Malachy,"407 West “E” Street, Tehachapi, CA, 93561-1642",http://www.saintmalachy.church/,Diocese of Fresno,High Desert,https://dioceseoffresno.org/parishfinder
St. Mary of the Desert,"3100 15th St.; Mail:  P.O. Box 1359 Rosamond 93560-1359 , Rosamond, CA, 93560-1359",http://www.stmary-stfrancis.com/,Diocese of Fresno,High Desert,https://dioceseoffresno.org/parishfinder
St. Therese of Lisieux,"300 W. Lerdo Highway, Shafter, CA, 93263-2552",https://www.facebook.com/santateresita.catolica,Diocese of Fresno,High Desert,https://dioceseoffresno.org/parishfinder
Santa Barbara,"64 Lexington Ave, Randsburg, CA, 93554",,Diocese of Fresno,High Desert Missions,https://dioceseoffresno.org/parishfinder
St. Francis of Assisi,"15382 Meyer Road, Mojave, CA, 93501",,Diocese of Fresno,High Desert Missions,https://dioceseoffresno.org/parishfinder
St. John the Baptist,"311 E. Locust, Lone Pine, CA, 93545",,Diocese of Fresno,High Desert Missions,https://dioceseoffresno.org/parishfinder
St. Joseph,"12430 Boron Ave, Boron, CA, 93516",,Diocese of Fresno,High Desert Missions,https://dioceseoffresno.org/parishfinder
St. Stephen,"461 S. Main Street, Big Pine, CA, 93513",,Diocese of Fresno,High Desert Missions,https://dioceseoffresno.org/parishfinder
St. Therese,"881 E. Old Spanish Trail, Tecopa, CA, 92389",,Diocese of Fresno,High Desert Missions,https://dioceseoffresno.org/parishfinder
St. Vivian,"331 N. Edwards, Independence, CA, 93545",,Diocese of Fresno,High Desert Missions,https://dioceseoffresno.org/parishfinder
Our Lady of Guadalupe,"1015 Clinton St., Delano, CA, 93215",https://www.facebook.com/iglesia.guadalupedelano,Diocese of Fresno,Kern Rural,https://dioceseoffresno.org/parishfinder
St. Elizabeth,"835 E. Perkins Ave., McFarland, CA, 93250",,Diocese of Fresno,Kern Rural,https://dioceseoffresno.org/parishfinder
St. John the Evangelist,"1129 9th Street, Wasco, CA, 93280-1804",https://www.facebook.com/stjohntheevangelistwasco/,Diocese of Fresno,Kern Rural,https://dioceseoffresno.org/parishfinder
St. Jude Thaddeus,"1270 E. Washington, Earlimart, CA, 93219",https://www.stjudeearlimart.com,Diocese of Fresno,Kern Rural,https://dioceseoffresno.org/parishfinder
St. Jude Thaddeus,"86 Nellie Dent Drive, Wofford Heights , CA, 93285",http://www.stjudecatholicchurch.faith,Diocese of Fresno,Kern Rural,https://dioceseoffresno.org/parishfinder
St. Mary,"420 Main Street, Buttonwillow, CA, 93206",,Diocese of Fresno,Kern Rural,https://dioceseoffresno.org/parishfinder
St. Mary,"110 E. Woodrow St., Taft, CA, 93268",https://stmarystaft.com/,Diocese of Fresno,Kern Rural,https://dioceseoffresno.org/parishfinder
St. Mary of the Miraculous Medal,"916 Lexington St., Delano, CA, 93215",https://www.facebook.com/stmarydelano/,Diocese of Fresno,Kern Rural,https://dioceseoffresno.org/parishfinder
Nuestra de la Paz,"Hwy 46 & Hwy 33,, Lost Hills, CA, 93249",,Diocese of Fresno,Kern Rural Missions,https://dioceseoffresno.org/parishfinder
St. Vincent de Paul,"524 Richgrove, Richgrove, CA, 93261",,Diocese of Fresno,Kern Rural Missions,https://dioceseoffresno.org/parishfinder
Immaculate Heart of Mary,"10435 Hanford-Armona Rd., Hanford, CA, 93230",http://.ihmhanford.org,Diocese of Fresno,Kings,https://dioceseoffresno.org/parishfinder
Our Lady of Lourdes,"1420 Hanna Ave, Corcoran, CA, 93212",,Diocese of Fresno,Kings,https://dioceseoffresno.org/parishfinder
Shrine Of Our Lady of Fatima,"20855 Fatima Avenue, Laton, CA, 93242",https://www.instagram.com/shrineolflaton/,Diocese of Fresno,Kings,https://dioceseoffresno.org/parishfinder
"St. Ann; Holy Family, Five Points","3047 W. Mt. Whitney; Mail:  P.O. Box 335, Riverdale, 93656, Riverdale, CA, 93656",https://www.facebook.com/stannriverdale,Diocese of Fresno,Kings,https://dioceseoffresno.org/parishfinder
St. Brigid,"1001 N. Douty Street ; Mail to:   200 E.Florinda St., Hanford 93230, Hanford, CA, 93230",http://www.stbrigid.org/,Diocese of Fresno,Kings,https://dioceseoffresno.org/parishfinder
St. Frances Cabrini,"36986 Los Angeles St.; Mail: P.O. Box 939, Huron, CA, 93234",,Diocese of Fresno,Kings,https://dioceseoffresno.org/parishfinder
St. Joseph,"428 E. Kern St., Avenal, CA, 93204-1625",https://stjosephavenal.com,Diocese of Fresno,Kings,https://dioceseoffresno.org/parishfinder
St. Paul the Apostle,"637 Sunset St.; Mail to:  P.O. Box 812 Coalinga 93210-0812, Coalinga, CA, 93210-0812",,Diocese of Fresno,Kings,https://dioceseoffresno.org/parishfinder
St. Peter Prince of Apostles,"870 N. Lemoore Ave., Lemoore, CA, 93245-2333",http://www.saintpeterpoa.org/,Diocese of Fresno,Kings,https://dioceseoffresno.org/parishfinder
Sacred Heart,"3860 Ave. 54, Alpaugh,, CA, 93201",,Diocese of Fresno,Kings Missions,https://dioceseoffresno.org/parishfinder
St. Cecilia,"Milham Ave & 8th St., Kettleman City, CA, 93239",,Diocese of Fresno,Kings Missions,https://dioceseoffresno.org/parishfinder
St. Joseph,"19300 Empire Street,, Stratford, CA, 93266",,Diocese of Fresno,Kings Missions,https://dioceseoffresno.org/parishfinder
Our Lady of Guadalupe,"484 Quince Street, Mendota, CA, 93640",https://www.facebook.com/guadalupechurchmendota,Diocese of Fresno,Madera,https://dioceseoffresno.org/parishfinder
Our Lady of the Sierra,"40180 Indian Springs Road, Oakhurst, CA, 93644",http://www.ols-oakhurst.org,Diocese of Fresno,Madera,https://dioceseoffresno.org/parishfinder
Sacred Heart,"1650 Lucerne Ave. Mail to:  1655 Lucerne Ave., Dos Palos, Dos Palos, CA, 93620-2623",https://www.facebook.com/Sacred-Heart-Church-Dos-Palos-113876106927500/,Diocese of Fresno,Madera,https://dioceseoffresno.org/parishfinder
St. Columba,"213 Orange Avenue, Chowchilla, CA, 93610",https://sites.google.com/view/st-columba-catholic-church/home,Diocese of Fresno,Madera,https://dioceseoffresno.org/parishfinder
St. Joachim,"401 West Fifth St, Madera, CA, 93637-4406",https://www.sjoachim.org/,Diocese of Fresno,Madera,https://dioceseoffresno.org/parishfinder
St. Joseph,"1558 Twelfth St., Firebaugh, CA, 93622",https://www.stjosephfb.org/,Diocese of Fresno,Madera,https://dioceseoffresno.org/parishfinder
St. Patrick,"15437 W. Kearney Blvd. Mail to: P.O.Box 375 Kerman, 93630, Kerman, CA, 93630",https://sites.google.com/a/stpatrickkerman.org/home/,Diocese of Fresno,Madera,https://dioceseoffresno.org/parishfinder
St. Paul,"25592 Doughty Avenue; Mail to:  P.O. Box 575 Tranquility, Tranquillity, CA, 93668",http://www.stpaultranquillity.com/,Diocese of Fresno,Madera,https://dioceseoffresno.org/parishfinder
Our Lady of Lourdes,"16101 S. Derrick Ave, Three Rocks, CA, 93608",,Diocese of Fresno,Madera Missions,https://dioceseoffresno.org/parishfinder
Our Lady of the Snows,"P.O. Box 2499, Oakhurst, CA, 93644",,Diocese of Fresno,Madera Missions,https://dioceseoffresno.org/parishfinder
St. Agnes Chapel,"7308 Highway 145, Ripperdan, CA, 93637",,Diocese of Fresno,Madera Missions,https://dioceseoffresno.org/parishfinder
St. Anne Chapel,"36483 Rd. 606, Raymond-Knowles, CA, 93653",,Diocese of Fresno,Madera Missions,https://dioceseoffresno.org/parishfinder
St. Dominic Savio,"40077 Road 222, Bass Lake, CA, 93604",,Diocese of Fresno,Madera Missions,https://dioceseoffresno.org/parishfinder
St. George,"10761 CA-59, El Nido, CA, 95317",,Diocese of Fresno,Madera Missions,https://dioceseoffresno.org/parishfinder
St. Joseph the Worker,"56522 Rd. 200, North Fork, CA, 93643",,Diocese of Fresno,Madera Missions,https://dioceseoffresno.org/parishfinder
St. Vincent de Paul,"8303 6th St., San Joaquin, CA, 93660",,Diocese of Fresno,Madera Missions,https://dioceseoffresno.org/parishfinder
"Holy Rosary; St. Mary, Stevinson","8471 Cypress Street, Hilmar, CA, 95324",http://www.hilmarholyrosary.org/,Diocese of Fresno,Merced-Mariposa,https://dioceseoffresno.org/parishfinder
Our Lady of Mercy,"459 W. 21st St., Merced, CA, 95340",https://sites.google.com/olmstpatrick.org/website/home,Diocese of Fresno,Merced-Mariposa,https://dioceseoffresno.org/parishfinder
Our Lady of the Snows,"9006 Cedar Court, Yosemite, CA, 95389",http://www.olscatholic.org/churches/our-lady-of-the-snows,Diocese of Fresno,Merced-Mariposa,https://dioceseoffresno.org/parishfinder
Sacred Heart,"562 W. 13th St., Merced, CA, 95341",https://www.jeaf.com/shc/,Diocese of Fresno,Merced-Mariposa,https://dioceseoffresno.org/parishfinder
Sacred Heart,"9317 Amistad St., Planada, CA, 95365",,Diocese of Fresno,Merced-Mariposa,https://dioceseoffresno.org/parishfinder
Shrine of Our Lady of Miracles,"370 Linden Ave, Gustine, CA, 95322-1499",,Diocese of Fresno,Merced-Mariposa,https://dioceseoffresno.org/parishfinder
Shrine of St. Jude Thaddeus,"330 Franci St., Livingston, CA, 95334",https://www.livingstonshrinestjudethaddeus.org/,Diocese of Fresno,Merced-Mariposa,https://dioceseoffresno.org/parishfinder
St. Anthony,"​1801 Winton Way; mail to:  1799 Winton Way, Atwater, 95301, Atwater, CA, 95301",,Diocese of Fresno,Merced-Mariposa,https://dioceseoffresno.org/parishfinder
St. Joseph,"4985 Bullion at Second St.; Mail: P.O. Box 215 Mariposa 95338-0215, Mariposa, CA , 95338-0215",https://stjosephsmariposa.org,Diocese of Fresno,Merced-Mariposa,https://dioceseoffresno.org/parishfinder
St. Joseph,"1621 Center Ave. mail to:  1516 Center Ave. Los Banos 93635, Los Banos, CA, 93635",http://www.stjosephlosbanos.com,Diocese of Fresno,Merced-Mariposa,https://dioceseoffresno.org/parishfinder
St. Patrick,"671 E. Yosemite Ave., Merced, Ca, 95340",https://sites.google.com/olmstpatrick.org/website/home,Diocese of Fresno,Merced-Mariposa,https://dioceseoffresno.org/parishfinder
Immaculate Conception,"2988 N. Buhach Rd, Buhach, CA, 95301",,Diocese of Fresno,Merced-Mariposa Missions,https://dioceseoffresno.org/parishfinder
Our Lady of Lourdes,"13145 Le Grand Road, Le Grand, CA, 95333",,Diocese of Fresno,Merced-Mariposa Missions,https://dioceseoffresno.org/parishfinder
St. Catherine of Siena,"7385 St. Catherine St., Hornitos, CA, 95325",,Diocese of Fresno,Merced-Mariposa Missions,https://dioceseoffresno.org/parishfinder
St. Teresa of Calcutta,"Mail: P.O. Box 86, Delhi, CA, 95315",,Diocese of Fresno,Merced-Mariposa Missions,https://dioceseoffresno.org/parishfinder
Holy Family,"1908 North Court Street; Mail:  506 N. Garden St. 93291, Visalia, CA, 93291",http://www.gscparish.org/,Diocese of Fresno,Tulare,https://dioceseoffresno.org/parishfinder
"Sacred Heart; St. Anthony of Egypt, Farmersville","417 North “E” St., Exeter, CA, 93221-1113",https://www.facebook.com/Sacred-HeartSagrado--ExeterFarmersville-112978373668855/,Diocese of Fresno,Tulare,https://dioceseoffresno.org/parishfinder
"Sacred Heart; Station: Santa Cruz, Lindsay","217 Lindero Ave., Lindsay, CA, 93247-2623",,Diocese of Fresno,Tulare,https://dioceseoffresno.org/parishfinder
St. Aloysius,"125 E. Pleasant Ave., Tulare, CA, 93274",https://www.facebook.com/staloysiustulare/,Diocese of Fresno,Tulare,https://dioceseoffresno.org/parishfinder
St. Anne Parish,"378 North “F” Street, Porterville, CA, 93257",http://www.stannesparish.com/,Diocese of Fresno,Tulare,https://dioceseoffresno.org/parishfinder
St. Anthony Retreat Center,"43816 Sierra Dr, Three Rivers, CA 93271, Three Rivers , CA, 93271",https://www.stanthonyretreat.org/,Diocese of Fresno,Tulare,https://dioceseoffresno.org/parishfinder
St. Charles Borromeo,"5049 W.  Caldwell Ave; Mail:  506 N. Garden St., 93291, Visalia, CA, 93277",https://www.gscparish.com/,Diocese of Fresno,Tulare,https://dioceseoffresno.org/parishfinder
St. Frances Cabrini,"198 North Pepper Street, Woodlake, CA, 93286",,Diocese of Fresno,Tulare,https://dioceseoffresno.org/parishfinder
"St. John the Evangelist; Station:  Our Lady of Assumption, Pixley","232 South Adams Road, Tipton, CA, 93272-9702",,Diocese of Fresno,Tulare,https://dioceseoffresno.org/parishfinder
St. Rita,"New Church: 1051 S. Morrison St., Old Church: 954 South “O” Street, Tulare, CA, 93274",http://www.stritacatholicchurch.com/,Diocese of Fresno,Tulare,https://dioceseoffresno.org/parishfinder
St. Teresita Youth Retreat Center,"43816 Sierra Dr. , Three Rivers , CA, 93271",https://www.stteresitaycc.org/,Diocese of Fresno,Tulare,https://dioceseoffresno.org/parishfinder
The Nativity of the Blessed Virgin Mary,"608 N. Church Street;Mail:  506 N. Garden St. Visalia 93291, Visalia, CA, 93291",http://www.gscparish.org/,Diocese of Fresno,Tulare,https://dioceseoffresno.org/parishfinder
Blessed Miguel Agustin Pro,"9120 Road 236, Terra Bella, CA, 93270",https://stannesparish.com/blessed-miguel-agustin-pro-mission,Diocese of Fresno,Tulare Missions,https://dioceseoffresno.org/parishfinder
Holy Cross Church,"1765 N Newcomb St. , Porterville, CA, 93257",https://stannesparish.com/holy-cross-church,Diocese of Fresno,Tulare Missions,https://dioceseoffresno.org/parishfinder
Mater Dolorosa,"186 N. Reservation Rd, Tule River Indian Reservation,, CA, 93257",,Diocese of Fresno,Tulare Missions,https://dioceseoffresno.org/parishfinder
San Felipe de Jesus,"32809 Road 159, Ivanhoe, CA, 93235",,Diocese of Fresno,Tulare Missions,https://dioceseoffresno.org/parishfinder
St. Anthony,"21631 Brooks Ave., Tonyville, CA, 93247",,Diocese of Fresno,Tulare Missions,https://dioceseoffresno.org/parishfinder
St. Clair,"43590 Alta Acres Drive, Three Rivers, CA, 93271",,Diocese of Fresno,Tulare Missions,https://dioceseoffresno.org/parishfinder
St. Francis of Assisi,"16410 Avenue 168, Woodville, CA, 93274",,Diocese of Fresno,Tulare Missions,https://dioceseoffresno.org/parishfinder
St. James,"19752 Guthrie Drive, Strathmore, CA, 93267",,Diocese of Fresno,Tulare Missions,https://dioceseoffresno.org/parishfinder
St. Maximillian Kolbe,"35725 Hwy. 190, Springville, CA, 93265",https://stannesparish.com/st-maximilian-kolbe-mission,Diocese of Fresno,Tulare Missions,https://dioceseoffresno.org/parishfinder
Carmel Mission Basilica,"3080 Rio Road, Carmel, CA, 93923",http://www.carmelmission.org,Diocese of Monterey,Parishes,https://www.dioceseofmonterey.org/parishfinder
Christ Child Church,"23230 Summit Road, Los Gatos, CA, 95033-9278",,Diocese of Monterey,Parishes,https://www.dioceseofmonterey.org/parishfinder
Christ the King Church,"240 Calle Cebu, Salinas, CA, 93901",,Diocese of Monterey,Parishes,https://www.dioceseofmonterey.org/parishfinder
Holy Cross Church,"210 High Street, Santa Cruz, CA, 95060",http://www.holycrosssantacruz.com,Diocese of Monterey,Parishes,https://www.dioceseofmonterey.org/parishfinder
Holy Eucharist Church,"527 Corralitos Road, Corralitos, CA, 95076",http://www.holyeucharistca.com,Diocese of Monterey,Parishes,https://www.dioceseofmonterey.org/parishfinder
Holy Trinity Church,"PO Box 276, Greenfield, CA, 93927",http://www.holytrinitygreenfield.org,Diocese of Monterey,Parishes,https://www.dioceseofmonterey.org/parishfinder
Immaculate Conception Church,"PO Box 247, Tres Pinos, CA, 95075-0247",http://www.immaculateattrespinos.org/contact.php,Diocese of Monterey,Parishes,https://www.dioceseofmonterey.org/parishfinder
Madonna del Sasso Church,"320 E. Laurel Drive, Salinas, CA, 93906",http://www.mdschurch.org,Diocese of Monterey,Parishes,https://www.dioceseofmonterey.org/parishfinder
Mission San Antonio de Padua,"PO Box 803, Jolon, CA, 93928",http://missionsanantonio.net,Diocese of Monterey,Parishes,https://www.dioceseofmonterey.org/parishfinder
Nativity of Our Lady Church,"221 Daly Avenue, San Luis Obispo, CA, 93405-1099",https://www.nativityslo.org/,Diocese of Monterey,Parishes,https://www.dioceseofmonterey.org/parishfinder
Old Mission Church,"751 Palm Street, San Luis Obispo, CA, 93401",http://www.missionsanluisobispo.org/?page_id=27,Diocese of Monterey,Parishes,https://www.dioceseofmonterey.org/parishfinder
Old Mission Church,"PO Box 69, San Miguel, CA, 93451-0069",https://www.oldmissionsanmiguel.org,Diocese of Monterey,Parishes,https://www.dioceseofmonterey.org/parishfinder
Old Mission Church,"PO Box 400, San Juan Bautista, CA, 95045",http://www.oldmissionsjb.org/contact,Diocese of Monterey,Parishes,https://www.dioceseofmonterey.org/parishfinder
Our Lady Help of Christians Church,"2401 E. Lake Avenue, Watsonville, CA, 95076",http://www.olhcchurch.org,Diocese of Monterey,Parishes,https://www.dioceseofmonterey.org/parishfinder
Our Lady of Mt. Carmel Church,"9 El Camino Road, Carmel Valley, CA, 93924",http://www.ourladycarmelvalley.org/?doing_wp_cron=1478878936.9869189262390136718750,Diocese of Monterey,Parishes,https://www.dioceseofmonterey.org/parishfinder
Our Lady of Refuge Church,"11140 Preston Street, Castroville, CA, 95012",http://www.olorc.org,Diocese of Monterey,Parishes,https://www.dioceseofmonterey.org/parishfinder
Our Lady of Solitude Church,"235 Main Street, Soledad, CA, 93960",,Diocese of Monterey,Parishes,https://www.dioceseofmonterey.org/parishfinder
Our Lady of the Assumption Church,"100 Salinas Road, Watsonville, CA, 95076",http://www.ladyassumptionchurch.org,Diocese of Monterey,Parishes,https://www.dioceseofmonterey.org/parishfinder
Our Lady Star of the Sea Church,"515 Frederick Street, Santa Cruz, CA, 95062",http://www.ourladystar.org,Diocese of Monterey,Parishes,https://www.dioceseofmonterey.org/parishfinder
Resurrection Church,"PO Box 87, Aptos, CA, 95001",http://resurrection-aptos.org,Diocese of Monterey,Parishes,https://www.dioceseofmonterey.org/parishfinder
Sacred Heart & St. Benedict's Pastoral Center,"680 College Street, Hollister, CA, 95023",http://catholichollister.org,Diocese of Monterey,Parishes,https://www.dioceseofmonterey.org/parishfinder
Sacred Heart Church,"22 Stone Street, Salinas, CA, 93901",http://www.shsalinas.org,Diocese of Monterey,Parishes,https://www.dioceseofmonterey.org/parishfinder
San Agustin Church,"257 Glenwood Drive, Scotts Valley, CA, 95066",http://sanagustin.church,Diocese of Monterey,Parishes,https://www.dioceseofmonterey.org/parishfinder
San Carlos Cathedral,"500 Church Street, Monterey, CA, 93940",http://www.sancarloscathedral.org,Diocese of Monterey,Parishes,https://www.dioceseofmonterey.org/parishfinder
Santa Margarita de Cortona,"PO Box 350, Santa Margarita, CA, 93453-0350",,Diocese of Monterey,Parishes,https://www.dioceseofmonterey.org/parishfinder
Santa Rosa Church,"1174 Main Street, Cambria, CA, 93428",http://www.santarosaparish.org,Diocese of Monterey,Parishes,https://www.dioceseofmonterey.org/parishfinder
Shrine of St. Joseph,"544 West Cliff Drive, Santa Cruz, CA, 95060",,Diocese of Monterey,Parishes,https://www.dioceseofmonterey.org/parishfinder
St. Angela Merici Church,"146 Eighth Street, Pacific Grove, CA, 93950",http://www.stangelamericipacificgrove.org,Diocese of Monterey,Parishes,https://www.dioceseofmonterey.org/parishfinder
St. Elizabeth Seton Parish,"2050 Palisades Avenue, Los Osos, CA, 93402",http://www.seasparishlo.org,Diocese of Monterey,Parishes,https://www.dioceseofmonterey.org/parishfinder
St. Francis Xavier Church,"1475 LaSalle Avenue, Seaside, CA, 93955",http://www.stfxavier.org/,Diocese of Monterey,Parishes,https://www.dioceseofmonterey.org/parishfinder
St. John the Baptist Church,"504 N. Third Street, King City, CA, 93930",http://stjohnparishkc.wixsite.com/saintjohnparishkc,Diocese of Monterey,Parishes,https://www.dioceseofmonterey.org/parishfinder
St. John’s Church,"PO Box M-1, Felton, CA, 95018",http://www.stjohnsfelton.org/ministries.php,Diocese of Monterey,Parishes,https://www.dioceseofmonterey.org/parishfinder
St. Joseph's Church,"435 Monterey Avenue, Capitola, CA, 95010-3613",http://saint-josephs.church/,Diocese of Monterey,Parishes,https://www.dioceseofmonterey.org/parishfinder
St. Joseph’s Church,"298 South Thompson, Nipomo, CA, 93444",http://stjonipomo.org,Diocese of Monterey,Parishes,https://www.dioceseofmonterey.org/parishfinder
St. Joseph’s Church,"360 Park Ave, Cayucos, CA, 93430",http://www.stjosephcayucos.org,Diocese of Monterey,Parishes,https://www.dioceseofmonterey.org/parishfinder
St. Joseph’s Church,"PO Box 7158, Spreckels, CA, 93962-7158",http://stjchurch.org/contact/,Diocese of Monterey,Parishes,https://www.dioceseofmonterey.org/parishfinder
St. Jude’s Catholic Church & Shrine,"303 Hillcrest Avenue, Marina, CA, 93933-3599",https://www.stjudemarina.org,Diocese of Monterey,Parishes,https://www.dioceseofmonterey.org/parishfinder
St. Mary of the Nativity Church,"1702 Second Avenue, Salinas, CA, 93905",http://www.stmarysalinas.org,Diocese of Monterey,Parishes,https://www.dioceseofmonterey.org/parishfinder
St. Michael’s Church,"13005 Pine Street, Boulder Creek, CA, 95006",http://www.stmichaelschurchbc.org,Diocese of Monterey,Parishes,https://www.dioceseofmonterey.org/parishfinder
St. Patrick's Church,"721 Main Street, Watsonville, CA, 95076",http://spatricks.org,Diocese of Monterey,Parishes,https://www.dioceseofmonterey.org/parishfinder
St. Patrick's Church,"501 Fair Oaks Avenue, Arroyo Grande, CA, 93421",http://www.stpatsag.org,Diocese of Monterey,Parishes,https://www.dioceseofmonterey.org/parishfinder
St. Paul the Apostle Church,"800 Bello Street, Pismo Beach, CA, 93449",http://www.stpaulspismobeach.com,Diocese of Monterey,Parishes,https://www.dioceseofmonterey.org/parishfinder
St. Rose of Lima Church,"PO Box 790, Paso Robles, CA, 93447-0790",http://www.saintrosechurch.org,Diocese of Monterey,Parishes,https://www.dioceseofmonterey.org/parishfinder
St. Theodore’s Church,"125 Center St. / P.O. Box B, Gonzales, CA, 93926",,Diocese of Monterey,Parishes,https://www.dioceseofmonterey.org/parishfinder
St. Timothy’s Church,"962 Piney Way, Morro Bay, CA, 93442",http://www.sttimothymorrobay.org,Diocese of Monterey,Parishes,https://www.dioceseofmonterey.org/parishfinder
St. Vincent de Paul Church c/o Shrine of St. Joseph,"544 W. Cliff Drive, Santa Cruz, CA, 95060",,Diocese of Monterey,Parishes,https://www.dioceseofmonterey.org/parishfinder
St. William’s Church,"6410 Santa Lucia Road, Atascadero, CA, 93422",http://stwilliams.org,Diocese of Monterey,Parishes,https://www.dioceseofmonterey.org/parishfinder
Blessed Sacrament Mission,"5750 CA-1, Elk, CA, 95432",https://coastcatholic.org/blessed-sacrament-elk,Diocese of Santa Rosa,,https://srdiocese.org/parishfinder
Cal Poly Newman Center,"700 Union Street., Arcata, CA, 95521",https://humboldtnewman.org/,Diocese of Santa Rosa,,https://srdiocese.org/parishfinder
Cathedral of St. Eugene,"2323 Montgomery Drive, Santa Rosa, CA, 95405",http://www.steugenes.com/,Diocese of Santa Rosa,,https://srdiocese.org/parishfinder
Christ the King Church,"1951 McKinleyville Ave, McKinleyville, CA, 95519",,Diocese of Santa Rosa,,https://srdiocese.org/parishfinder
Church of the Assumption,"546 Berding St., Ferndale, CA, 95536",,Diocese of Santa Rosa,,https://srdiocese.org/parishfinder
Hanna Boys Center,"1700 Arnold Drive, Sonoma, CA, 95476-3242",http://www.hannacenter.org/,Diocese of Santa Rosa,,https://srdiocese.org/parishfinder
Holy Family Church,"200 Antonina Avenue, American Canyon, CA, 94503",http://www.holyfamilycatholicchurch-amcan.org/?,Diocese of Santa Rosa,,https://srdiocese.org/parishfinder
Holy Family Mission,"1241 Niebaum Lane, Rutherford, CA, 94573",,Diocese of Santa Rosa,,https://srdiocese.org/parishfinder
Holy Spirit Church,"1244 St. Francis Rd, Santa Rosa, CA, 95409",http://www.holyspirit-sr.org/,Diocese of Santa Rosa,,https://srdiocese.org/parishfinder
Holy Trinity Mission (Christ The King),"Trinidad, CA",,Diocese of Santa Rosa,,https://srdiocese.org/parishfinder
Mary Star of the Sea Mission,"39141 Church St, Gualala, CA",,Diocese of Santa Rosa,,https://srdiocese.org/parishfinder
Our Lady of Good Counsel Church,"255 S. Harold St, Fort Bragg, CA, 95437",http://www.olgcinfb.org/,Diocese of Santa Rosa,,https://srdiocese.org/parishfinder
Our Lady of Guadalupe Church,"8400 Old Redwood Hwy, Windsor, CA, 95492",http://www.olgwindsor.org/,Diocese of Santa Rosa,,https://srdiocese.org/parishfinder
Our Lady of Mount Carmel Mission,"23600 Old Redwood Highway, Asti, CA",,Diocese of Santa Rosa,,https://srdiocese.org/parishfinder
Our Lady of Perpetual Help Church,"901 Washington St, Calistoga, CA, 94515",http://www.olphcalistoga.org/,Diocese of Santa Rosa,,https://srdiocese.org/parishfinder
Our Lady of the Lakes,"12836 Hwy 175, Loch Lomond, CA, 95461",,Diocese of Santa Rosa,,https://srdiocese.org/parishfinder
Our Lady of the Redwoods Church,"515 Maple Street, Garberville, CA, 95542",,Diocese of Santa Rosa,,https://srdiocese.org/parishfinder
Our Lady Queen of Peace Church,"14435 Uhl Ave, Clearlake, CA, 95422",https://qopcatholicchurch.org/,Diocese of Santa Rosa,,https://srdiocese.org/parishfinder
Our Lady Queen of Peace Mission,"23300 Foothill Blvd., Covelo,, CA, 95426",,Diocese of Santa Rosa,,https://srdiocese.org/parishfinder
Queen of the Rosary Mission,"3972 Country Club Drive, Lucerne, CA, 95458",,Diocese of Santa Rosa,,https://srdiocese.org/parishfinder
Resurrection Church,"303 Stony Point Rd, Santa Rosa, CA, 95401",http://www.resurrectionfamilies.org/,Diocese of Santa Rosa,,https://srdiocese.org/parishfinder
Sacred Heart Church,"2085 Myrtle Avenue, Eureka, CA, 95501",https://www.sacredheartparisheureka.com/,Diocese of Santa Rosa,,https://srdiocese.org/parishfinder
Sonoma State Newman Center,"1798 East Cotati Avenue, Penngrove, CA, 94951",https://connection.newmanministry.com/colleges/sonoma-state-university/,Diocese of Santa Rosa,,https://srdiocese.org/parishfinder
St. Aloysius Church,"70 School Street (Hwy 1), Point Arena, CA, 95468",http://www.staloysiuscatholicchurch.org/,Diocese of Santa Rosa,,https://srdiocese.org/parishfinder
St. Anthony Church,"10700 Lansing St., Mendocino, CA, 95460-0665",https://stanthonysofmendocino.org/,Diocese of Santa Rosa,,https://srdiocese.org/parishfinder
St. Anthony of Padua Church,"61 W. San Francisco Ave., Willits, CA, 95490",,Diocese of Santa Rosa,,https://srdiocese.org/parishfinder
St. Apollinaris Church,"3700 Lassen Street, Napa, CA, 94558",http://www.stapollinarisparish.org/,Diocese of Santa Rosa,,https://srdiocese.org/parishfinder
St. Bernard Church,"615 H Street, Eureka, CA, 95501",http://www.saintbernards.org/,Diocese of Santa Rosa,,https://srdiocese.org/parishfinder
St. Catherine of Siena Mission,"Chapel Drive, Monte Rio, CA",,Diocese of Santa Rosa,,https://srdiocese.org/parishfinder
St. Colman Mission,"Cazadero Highway, Cazadero, CA",,Diocese of Santa Rosa,,https://srdiocese.org/parishfinder
St. Elizabeth Ann Seton Church,"4595 Snyder Lane, Rohnert Park, CA, 94928",https://www.stelizabethrp.com/,Diocese of Santa Rosa,,https://srdiocese.org/parishfinder
St. Elizabeth Church,"14095 Woodland Drive, Guerneville, CA, 95446",http://www.rrchurches.com/,Diocese of Santa Rosa,,https://srdiocese.org/parishfinder
St. Francis Solano Church,"469 Third Street West, Sonoma, CA, 95476",http://www.stfrancissolano.org/,Diocese of Santa Rosa,,https://srdiocese.org/parishfinder
St. Helena Church,"1340 Tainter Street, St. Helena, CA, 94574",http://www.sthelenacatholic.com/,Diocese of Santa Rosa,,https://srdiocese.org/parishfinder
St. James Church,"125 Sonoma Mountain Parkway, Petaluma, CA, 94954",http://www.stjamespetaluma.org,Diocese of Santa Rosa,,https://srdiocese.org/parishfinder
St. Joan of Arc Church,"6404 Washington St, Yountville, CA, 94599",https://www.facebook.com/stjoanofarcyountville/,Diocese of Santa Rosa,,https://srdiocese.org/parishfinder
St. John the Baptist Church,"960 Caymus Street, Napa, CA, 94559",http://www.stjb1858.com/,Diocese of Santa Rosa,,https://srdiocese.org/parishfinder
St. John the Baptist Church,"208 Matheson St, Healdsburg, CA, 95448",http://www.stjohnshealdsburg.org/,Diocese of Santa Rosa,,https://srdiocese.org/parishfinder
St. Joseph Church,"21396 Hwy. 175, Middletown, CA, 95461",http://www.stjoseph-middletown.com/,Diocese of Santa Rosa,,https://srdiocese.org/parishfinder
St. Joseph Church,"319 E St., Crescent City, CA, 95531",http://www.sjccc.net/,Diocese of Santa Rosa,,https://srdiocese.org/parishfinder
St. Joseph Church,"150 St. Joseph Way, Cotati, CA, 94931-4117",http://www.sjccotati.org/,Diocese of Santa Rosa,,https://srdiocese.org/parishfinder
St. Joseph Church,"14th & N Streets, Fortuna, CA, 95540",http://www.saintjoeparish.org/,Diocese of Santa Rosa,,https://srdiocese.org/parishfinder
St. Joseph Mission,"340 Greenwood Ave, Blue Lake, CA",,Diocese of Santa Rosa,,https://srdiocese.org/parishfinder
St. Joseph Mission Church,"Henderson & C Street, Eureka, CA",,Diocese of Santa Rosa,,https://srdiocese.org/parishfinder
St. Kateri Tekakwitha Mission,"Kateri Lane-Pine Creek Rd., Hoopa, CA, 95546",,Diocese of Santa Rosa,,https://srdiocese.org/parishfinder
St. Leo the Great Church,"601 West Agua Caliente Road, Sonoma, CA, 95476",http://www.stleosonoma.org/,Diocese of Santa Rosa,,https://srdiocese.org/parishfinder
St. Mary Church,"1690 Janes Road, Arcata, CA, 95521",http://www.stmarysarcata.org,Diocese of Santa Rosa,,https://srdiocese.org/parishfinder
St. Mary Immaculate Church,"801 N. Main Street, Lakeport, CA, 95453",http://www.stmaryslakeport.com/,Diocese of Santa Rosa,,https://srdiocese.org/parishfinder
St. Mary of the Angels Church,"900 South Oak Street, Ukiah, CA, 95482",http://www.stmaryschurchukiah.com/,Diocese of Santa Rosa,,https://srdiocese.org/parishfinder
St. Patrick Mission,"29131 Mattole Rd, Petrolia, CA, 95536",,Diocese of Santa Rosa,,https://srdiocese.org/parishfinder
St. Patrick Mission,"Park & Pershing Sts, Loleta, CA, 95540",,Diocese of Santa Rosa,,https://srdiocese.org/parishfinder
St. Peter Church,"491 S. Franklin St., Cloverdale, CA, 95425",http://www.stpeterscloverdale.org,Diocese of Santa Rosa,,https://srdiocese.org/parishfinder
St. Peter Mission,"4085 Main Street, Kelseyville, CA, 95453",http://www.stmaryslakeport.com/,Diocese of Santa Rosa,,https://srdiocese.org/parishfinder
St. Philip the Apostle Church,"3730 Bohemian Highway, Occidental, CA, 95465",http://www.stphilipstteresa.org/,Diocese of Santa Rosa,,https://srdiocese.org/parishfinder
"St. Robert & St. Anne Mission, (St. Joseph, Crescent City) Klamath","Klamath, CA, 95531",,Diocese of Santa Rosa,,https://srdiocese.org/parishfinder
St. Rose of Lima Church,"398 Tenth Street, Santa Rosa, CA, 95401",http://www.stroseonline.com/,Diocese of Santa Rosa,,https://srdiocese.org/parishfinder
St. Sebastian Church,"7983 Covert Lane, Sebastopol, CA, 95472",http://www.stseb.org/,Diocese of Santa Rosa,,https://srdiocese.org/parishfinder
St. Teresa of Avila Mission,"17120 Bodega Hwy, Bodega, CA, 95465",,Diocese of Santa Rosa,,https://srdiocese.org/parishfinder
St. Thomas Aquinas Church,"2725 Elm Street, Napa, CA, 94558",https://stthomasaquinasnapa.com/,Diocese of Santa Rosa,,https://srdiocese.org/parishfinder
St. Vincent de Paul Church,"35 Liberty Street, Petaluma, CA, 94952",http://www.svdppetaluma.org/,Diocese of Santa Rosa,,https://srdiocese.org/parishfinder
Star of the Valley Church,"545 White Oak Dr., Santa Rosa, CA, 95409",http://www.starofthevalley.org/,Diocese of Santa Rosa,,https://srdiocese.org/parishfinder
Our Lady of the Rosary Parish,"5622 Julie Dr, Panama City, FL, 32404",https://olr.ptdiocese.org,Diocese of Pensacola-Tallahassee,East Central Deanery,https://www.ptdiocese.org/parishfinder
Our Lady Queen of Peace Mission,"18005 Lazy Ln., Fountain, FL, 32438",https://qop.ptdiocese.org/,Diocese of Pensacola-Tallahassee,East Central Deanery,https://www.ptdiocese.org/parishfinder
St. Anne Parish,"3009 Fifth St, Marianna, FL, 32446",http://stannemar.ptdiocese.org,Diocese of Pensacola-Tallahassee,East Central Deanery,https://www.ptdiocese.org/parishfinder
St. Bernadette Parish,"1214 Moylan Rd., Panama City Beach, FL, 32407",http://www.stbernadette.com,Diocese of Pensacola-Tallahassee,East Central Deanery,https://www.ptdiocese.org/parishfinder
St. Dominic Parish,"3308 E 15th St., Panama City, FL, 32405",http://saintdominicpc.com/,Diocese of Pensacola-Tallahassee,East Central Deanery,https://www.ptdiocese.org/parishfinder
St. Francis of Assisi Parish,"16498 SW Gaskin St., Blountstown, FL, 32424",,Diocese of Pensacola-Tallahassee,East Central Deanery,https://www.ptdiocese.org/parishfinder
St. John the Evangelist Parish,"1008 Fortune Ave., Panama City, FL, 32401",http://www.saintjohnpc.com/,Diocese of Pensacola-Tallahassee,East Central Deanery,https://www.ptdiocese.org/parishfinder
St. Joseph Parish,"2001 Monument Ave, Port St Joe, FL, 32456",http://stjosephpsj.com,Diocese of Pensacola-Tallahassee,East Central Deanery,https://www.ptdiocese.org/parishfinder
St. Joseph the Worker Parish,"1664 Main St., Chipley, FL, 32428",https://stjoeworker.ptdiocese.org,Diocese of Pensacola-Tallahassee,East Central Deanery,https://www.ptdiocese.org/parishfinder
St. Patrick Parish,"27 Sixth St., Apalachicola, FL, 32320",http://www.stpatricksmass.com/,Diocese of Pensacola-Tallahassee,East Central Deanery,https://www.ptdiocese.org/parishfinder
St. Theresa Parish,"2071 Sunny Hills Blvd, Sunny Hills, FL, 32428",https://sttheresa.ptdiocese.org/,Diocese of Pensacola-Tallahassee,East Central Deanery,https://www.ptdiocese.org/parishfinder
Sts. Peter and Paul Vietnamese Parish,"1003 N. East Ave., Panama City, FL, 32401",http://sspp.ptdiocese.org,Diocese of Pensacola-Tallahassee,East Central Deanery,https://www.ptdiocese.org/parishfinder
Blessed Sacrament Parish,"624 Miccosukee Rd., Tallahassee, FL, 32308",http://bsctlh.com,Diocese of Pensacola-Tallahassee,Eastern Deanery,https://www.ptdiocese.org/parishfinder
Co-Cathedral of St. Thomas More,"900 W. Tennessee St., Tallahassee, FL, 32304",http://www.cocathedral.com,Diocese of Pensacola-Tallahassee,Eastern Deanery,https://www.ptdiocese.org/parishfinder
Good Shepherd Parish,"4665 Thomasville Rd., Tallahassee, FL, 32309",http://www.goodshepherdparish.org/,Diocese of Pensacola-Tallahassee,Eastern Deanery,https://www.ptdiocese.org/parishfinder
Immaculate Conception Parish,"2750 South Byron Butler Pkwy., Perry, FL, 32348",https://www.immaculateperry.com/,Diocese of Pensacola-Tallahassee,Eastern Deanery,https://www.ptdiocese.org/parishfinder
Sacred Heart of Jesus Parish,"2653 Highway 98 East, Carrabelle, FL, 32323",http://shj.ptdiocese.org,Diocese of Pensacola-Tallahassee,Eastern Deanery,https://www.ptdiocese.org/parishfinder
St. Augustine Yu Korean Mission,"4621 Ramsgate Drive (mailing address), Tallahassee, FL, 32309",,Diocese of Pensacola-Tallahassee,Eastern Deanery,https://www.ptdiocese.org/parishfinder
St. Elizabeth Ann Seton Parish,"3609 Coastal Highway, Crawfordville, FL, 32327",http://www.catholicchurchwakulla.org,Diocese of Pensacola-Tallahassee,Eastern Deanery,https://www.ptdiocese.org/parishfinder
St. Eugene Mission,"701 Robert & Trudie Perkins Way, Tallahassee, FL, 32310",https://steugene.ptdiocese.org/,Diocese of Pensacola-Tallahassee,Eastern Deanery,https://www.ptdiocese.org/parishfinder
St. John Paul II Catholic Chapel,"3720 Capital Circle Southeast, Tallahassee, FL, 32311",https://sjpiichapel.org/,Diocese of Pensacola-Tallahassee,Eastern Deanery,https://www.ptdiocese.org/parishfinder
St. Louis Parish,"3640 Fred George Rd., Tallahassee, FL, 32303",https://www.stlouiscatholicchurch.org,Diocese of Pensacola-Tallahassee,Eastern Deanery,https://www.ptdiocese.org/parishfinder
St. Margaret Parish,"1565 E. Washington St., Monticello, FL, 32344",,Diocese of Pensacola-Tallahassee,Eastern Deanery,https://www.ptdiocese.org/parishfinder
St. Thomas the Apostle Parish,"27 Shadow St., Quincy, FL, 32353",http://stthomasquincy.com/,Diocese of Pensacola-Tallahassee,Eastern Deanery,https://www.ptdiocese.org/parishfinder
St. Vincent de Paul Parish,"186 NW Sumter St., Madison, FL, 32341",,Diocese of Pensacola-Tallahassee,Eastern Deanery,https://www.ptdiocese.org/parishfinder
Msgr. James Amos Pastoral Center,"11 North B St., Pensacola, FL, 32502",http://www.ptdiocese.org,Diocese of Pensacola-Tallahassee,Pastoral Center,https://www.ptdiocese.org/parishfinder
Blessed Trinity Parish,"2331 Highway 177A, Bonifay, FL, 32425",http://blessedtrinity.ptdiocese.org/,Diocese of Pensacola-Tallahassee,West Central Deanery,https://www.ptdiocese.org/parishfinder
Christ Our Redeemer Parish,"1028 White Point Dr., Niceville, FL, 32578",http://corcatholic.org/,Diocese of Pensacola-Tallahassee,West Central Deanery,https://www.ptdiocese.org/parishfinder
Christ the King Parish,"15524 331 Business, Freeport, FL, 32439",http://ctk.ptdiocese.org,Diocese of Pensacola-Tallahassee,West Central Deanery,https://www.ptdiocese.org/parishfinder
Corpus Christi Parish,"307 Beach Dr., Destin, FL, 32541",https://ccdestin.com/,Diocese of Pensacola-Tallahassee,West Central Deanery,https://www.ptdiocese.org/parishfinder
Holy Name of Jesus Parish,"1200 Valparaiso Blvd., Niceville, FL, 32578",http://www.holynamechurch.org/,Diocese of Pensacola-Tallahassee,West Central Deanery,https://www.ptdiocese.org/parishfinder
Our Lady of Victory Parish,"550 Adams Dr., Crestview, FL, 32536",https://olvnow.com/,Diocese of Pensacola-Tallahassee,West Central Deanery,https://www.ptdiocese.org/parishfinder
Resurrection Parish,"259 Miramar Beach Dr., Miramar Beach, FL, 32550",http://resurrectionbythebeach.org/,Diocese of Pensacola-Tallahassee,West Central Deanery,https://www.ptdiocese.org/parishfinder
St. Margaret of Scotland Parish,"247 US Highway 331 N, DeFuniak Springs, FL, 32435",https://stmargaret.ptdiocese.org/,Diocese of Pensacola-Tallahassee,West Central Deanery,https://www.ptdiocese.org/parishfinder
St. Mary Parish,"110 St. Mary Ave. SW, Fort Walton Beach, FL, 32548",https://www.saintmary.life/,Diocese of Pensacola-Tallahassee,West Central Deanery,https://www.ptdiocese.org/parishfinder
St. Peter Parish,"100 Francis St., Mary Esther, FL, 32569",http://www.stpeter.ptdiocese.org/,Diocese of Pensacola-Tallahassee,West Central Deanery,https://www.ptdiocese.org/parishfinder
St. Rita Parish,"22 Saint Rita Lane, Santa Rosa Beach, FL, 32459",http://www.saintritaparish.org/,Diocese of Pensacola-Tallahassee,West Central Deanery,https://www.ptdiocese.org/parishfinder
Basilica of St. Michael the Archangel,"21 North Palafox St, Pensacola, FL, 32502",https://stmichaelbasilica.com/,Diocese of Pensacola-Tallahassee,Western Deanery,https://www.ptdiocese.org/parishfinder
Cathedral of the Sacred Heart,"1212 E. Moreno St., Pensacola, FL, 32503",http://www.shc.ptdiocese.org/,Diocese of Pensacola-Tallahassee,Western Deanery,https://www.ptdiocese.org/parishfinder
Holy Spirit Parish,"10650 Gulf Beach Hwy., Pensacola, FL, 32507",http://www.holyspiritperdido.com,Diocese of Pensacola-Tallahassee,Western Deanery,https://www.ptdiocese.org/parishfinder
Little Flower Parish,"6495 Lillian Hwy., Pensacola, FL, 32506",https://www.ptlittleflower.org,Diocese of Pensacola-Tallahassee,Western Deanery,https://www.ptdiocese.org/parishfinder
Nativity of Our Lord Parish,"9945 Hillview Rd., Pensacola, FL, 32514",http://www.nativityofourlordcc.org/,Diocese of Pensacola-Tallahassee,Western Deanery,https://www.ptdiocese.org/parishfinder
Our Lady of the Assumption Mission,"920 Via de Luna Dr., Pensacola Beach, FL, 32561",https://www.stanngulfbreeze.org/,Diocese of Pensacola-Tallahassee,Western Deanery,https://www.ptdiocese.org/parishfinder
Our Lady Queen of Martyrs Parish,"3295 Barrancas Ave., Pensacola, FL, 32507",https://cttdpcola.org/index.html,Diocese of Pensacola-Tallahassee,Western Deanery,https://www.ptdiocese.org/parishfinder
St. Ann Parish,"100 Daniel Dr., Gulf Breeze, FL, 32561",https://www.stanngulfbreeze.org/,Diocese of Pensacola-Tallahassee,Western Deanery,https://www.ptdiocese.org/parishfinder
St. Anne Parish,"5200 Saufley Field Rd., Pensacola, FL, 32526",http://www.saintannebellview.org/,Diocese of Pensacola-Tallahassee,,https://www.ptdiocese.org/parishfinder
St. Anthony of Padua Parish,"1804 N. Davis Ave., Pensacola, FL, 32503",http://StAnthony.ptdiocese.org,Diocese of Pensacola-Tallahassee,,https://www.ptdiocese.org/parishfinder
St. Elizabeth of Hungary Mission,"3015 St. Elizabeth Street, Molino, FL, 32577",http://StElizabeth.ptdiocese.org,Diocese of Pensacola-Tallahassee,,https://www.ptdiocese.org/parishfinder
St. John the Evangelist Parish,"303 S Navy Blvd., Pensacola, FL, 32507",http://www.stjohnpensacola.com/,Diocese of Pensacola-Tallahassee,,https://www.ptdiocese.org/parishfinder
St. Joseph Parish,"140 West Government St., Pensacola, FL, 32502",https://stjoseph.ptdiocese.org/,Diocese of Pensacola-Tallahassee,,https://www.ptdiocese.org/parishfinder
St. Jude Thaddeus Parish,"303 Rocky Ave., Cantonment, FL, 32533",http://StJude.ptdiocese.org,Diocese of Pensacola-Tallahassee,,https://www.ptdiocese.org/parishfinder
St. Mary Parish,"401 Van Pelt Ln., Pensacola, FL, 32505",http://stmarypensacola.org/,Diocese of Pensacola-Tallahassee,,https://www.ptdiocese.org/parishfinder
St. Paul Parish,"3131 Hyde Park Rd., Pensacola, FL, 32503",http://www.stpaulcatholic.net/,Diocese of Pensacola-Tallahassee,,https://www.ptdiocese.org/parishfinder
St. Rose of Lima Parish,"6451 Park Ave., Milton, FL, 32570",http://www.srolparish.org,Diocese of Pensacola-Tallahassee,,https://www.ptdiocese.org/parishfinder
St. Stephen Parish,"900 W Garden St., Pensacola, FL, 32502",https://latinmasspensacola.org/,Diocese of Pensacola-Tallahassee,,https://www.ptdiocese.org/parishfinder
St. Sylvester Parish,"6464 Gulf Breeze Pkwy., Gulf Breeze, FL, 32563",http://www.stsylv.org,Diocese of Pensacola-Tallahassee,,https://www.ptdiocese.org/parishfinder
St. Thomas More Parish,"3295 Barrancas Avenue, Pensacola, FL, 32507",http://stthomasmore.ptdiocese.org/,Diocese of Pensacola-Tallahassee,,https://www.ptdiocese.org/parishfinder
All Saints Parish (St. John the Baptist Campus),"25743 State Road 1 , Guilford, IN, 47012",https://allsaintscatholic.net/,Archdiocese of Indianapolis,,https://www.archindy.org/parishfinder
All Saints Parish (St. Joseph Campus),"7536 Church Ln. , West Harrison, IN, 47060",https://allsaintscatholic.net/,Archdiocese of Indianapolis,,https://www.archindy.org/parishfinder
All Saints Parish (St. Martin Campus),"8044 Yorkridge Road , Guilford, IN, 47022",http://allsaintscatholic.net,Archdiocese of Indianapolis,,https://www.archindy.org/parishfinder
All Saints Parish (St. Paul Campus),"9788 N Dearborn Road, Guilford, In, 47022",,Archdiocese of Indianapolis,,https://www.archindy.org/parishfinder
American Martyrs (Church of the) Parish,"270 S. Bond St. , Scottsburg, IN, 47170-2009",http://amartyrs.org/,Archdiocese of Indianapolis,,https://www.archindy.org/parishfinder
Annunciation Parish,"19 N. Alabama St., Brazil, IN, 47834",http://annunciationbrazil.org,Archdiocese of Indianapolis,,https://www.archindy.org/parishfinder
Christ the King Parish,"1827 Kessler Blvd., E. Dr., Indianapolis, IN, 46220",https://www.ctk-indy.org/,Archdiocese of Indianapolis,,https://www.archindy.org/parishfinder
Good Shepherd Parish,"2905 S. Carson Ave., Indianapolis, IN, 46203",https://goodshepherdindy.org/,Archdiocese of Indianapolis,,https://www.archindy.org/parishfinder
Holy Angels (Church of the) Parish,"740 W. 28th Street, Indianapolis, IN, 46208-5099",https://holyangelsindy.org/,Archdiocese of Indianapolis,,https://www.archindy.org/parishfinder
Holy Cross Parish,"11056-11098 IN-62, St Croix, IN 47576, St. Croix, IN, 47576",https://www.facebook.com/holycross.saintcroix/,Archdiocese of Indianapolis,,https://www.archindy.org/parishfinder
Holy Family Parish,"3027 Pearl St., Oldenburg, IN, 47036",https://holyfamilyoldenburg.com/,Archdiocese of Indianapolis,,https://www.archindy.org/parishfinder
Holy Family Parish,"129 W. Daisy Ln., New Albany, IN, 47150",https://www.holyfamilynewalbany.org/,Archdiocese of Indianapolis,,https://www.archindy.org/parishfinder
"Holy Name (of Jesus, Church of the Most) Parish","89 N. 17th Ave., Beech Grove, IN, 46107",https://www.holyname.cc/,Archdiocese of Indianapolis,,https://www.archindy.org/parishfinder
Holy Rosary (Our Lady of the Most) Parish,"520 Stevens St., Indianapolis, IN , 46203",https://www.holyrosaryindy.org/,Archdiocese of Indianapolis,,https://www.archindy.org/parishfinder
Holy Spirit Parish,"7243 E. 10th St., Indianapolis, IN, 46219",http://www.holyspirit-indy.org/,Archdiocese of Indianapolis,,https://www.archindy.org/parishfinder
Holy Trinity Parish,"100 Keeley St., Edinburgh, IN, 46124",https://holytrinitycatholic.life,Archdiocese of Indianapolis,,https://www.archindy.org/parishfinder
Immaculate Conception Parish,"2081 E. County Rd. 820 S., Greensburg, IN, 47240-9636",https://millhousenchurch.com/,Archdiocese of Indianapolis,,https://www.archindy.org/parishfinder
Immaculate Heart of Mary Parish,"5692 Central Avenue , Indianapolis, IN, 46220",http://www.ihmindy.org/,Archdiocese of Indianapolis,,https://www.archindy.org/parishfinder
Mary Queen of Peace Parish,"1005 W. Main St. , Danville, IN, 46122",https://www.mqpdanville.org/,Archdiocese of Indianapolis,,https://www.archindy.org/parishfinder
Most Sorrowful Mother of God Parish,"Ferry St., Vevay, IN, 47043",https://www.popeace.org,Archdiocese of Indianapolis,,https://www.archindy.org/parishfinder
Nativity (of Our Lord Jesus Christ) Parish,"7225 Southeastern Ave.,  Indianapolis, IN, 46239",http://www.nativityindy.org/,Archdiocese of Indianapolis,,https://www.archindy.org/parishfinder
Our Lady of Lourdes Parish,"5333 E. Washington St. , Indianapolis, IN, 46219",https://www.ollindy.org/,Archdiocese of Indianapolis,,https://www.archindy.org/parishfinder
Our Lady of Perpetual Help Parish,"1752 Scheller Ln. , New Albany, IN, 47150",http://www.olphna.org/,Archdiocese of Indianapolis,,https://www.archindy.org/parishfinder
Our Lady of the Greenwood Parish,"335 S. Meridian St., Greenwood, IN, 46143",http://www.olgreenwood.org/,Archdiocese of Indianapolis,,https://www.archindy.org/parishfinder
Our Lady of the Springs Parish,"8796 W. State Road 56 , French Lick,, IN, 47454",https://occ-indy.org/,Archdiocese of Indianapolis,,https://www.archindy.org/parishfinder
Our Lord Jesus Christ the King Parish,"833 S. Triangle Road, Paoli, IN, 47454",https://www.occ-indy.org,Archdiocese of Indianapolis,,https://www.archindy.org/parishfinder
Prince of Peace Parish,"413 E. Second St., Madison, IN, 47250",http://www.popeace.org/,Archdiocese of Indianapolis,,https://www.archindy.org/parishfinder
Sacred Heart of Jesus Parish,"2322 N. 13 ½ St. , Terre Haute,, IN, 47804",https://www.sacredheart-stmarysvillage.org/,Archdiocese of Indianapolis,,https://www.archindy.org/parishfinder
Sacred Heart of Jesus Parish,"1840 E. Eighth St. , Jeffersonville, IN, 47130",https://www.jeffersonvillecatholic.org/,Archdiocese of Indianapolis,,https://www.archindy.org/parishfinder
Sacred Heart of Jesus Parish,"1530 Union St. , Indianapolis, IN, 46225-1672",https://www.sacredheartindy.com/,Archdiocese of Indianapolis,,https://www.archindy.org/parishfinder
Sacred Heart Parish,"610 S. 6th St., Clinton, IN, 47842",https://parkevermillioncatholicchurches.org,Archdiocese of Indianapolis,,https://www.archindy.org/parishfinder
St. Agnes Parish,"1008 McLary Road , Nashville, IN, 47448",https://www.stagnescatholicnashville.org/,Archdiocese of Indianapolis,,https://www.archindy.org/parishfinder
St. Ambrose Parish,"325 S. Chestnut St. , Seymour, IN, 47274",https://www.stambroseseymour.org/,Archdiocese of Indianapolis,,https://www.archindy.org/parishfinder
St. Andrew the Apostle Parish,"4052 E. 38th St. , Indianapolis, IN, 46218-1444",https://www.standrewindy.org/,Archdiocese of Indianapolis,,https://www.archindy.org/parishfinder
St. Ann Parish,"6350 S. Mooresville Road, Indianapolis, IN, 46221-4519",http://www.st-ann-rcindy.org/,Archdiocese of Indianapolis,,https://www.archindy.org/parishfinder
St. Anne Parish,"4570 N. County Road 150 East, North Vernon, IN, 47265",,Archdiocese of Indianapolis,,https://www.archindy.org/parishfinder
St. Anne Parish,"102 N. 19th St. , New Castle, IN, 47362",https://www.sa-se.org/,Archdiocese of Indianapolis,,https://www.archindy.org/parishfinder
St. Anthony of Padua Parish,"4773 E. Morris Church St., Morris, IN, 47033",https://www.stanthonymorris.org/,Archdiocese of Indianapolis,,https://www.archindy.org/parishfinder
St. Anthony of Padua Parish,"316 N. Sherwood Ave.,  Clarksville, IN, 47129",https://www.stanthony-clarksville.org/,Archdiocese of Indianapolis,,https://www.archindy.org/parishfinder
St. Anthony Parish,"379 N. Warman Ave. , Indianapolis, IN, 46222",https://www.saintanthonyindy.org/,Archdiocese of Indianapolis,,https://www.archindy.org/parishfinder
St. Augustine Parish,"18020 Lafayette St. , Leopold, IN,  47551",https://www.facebook.com/p/St-Augustine-Catholic-Church-100067775066147/,Archdiocese of Indianapolis,,https://www.archindy.org/parishfinder
St. Augustine Parish,"315 E. Chestnut St., Jeffersonville, IN, 47131-0447",https://www.jeffersonvillecatholic.org/,Archdiocese of Indianapolis,,https://www.archindy.org/parishfinder
St. Barnabas Parish,"8300 Rahke Road , Indianapolis, IN, 46217",https://www.stbindy.org/,Archdiocese of Indianapolis,,https://www.archindy.org/parishfinder
St. Bartholomew Parish,"1306 27th St. , Columbus, IN, 47201",https://www.saintbartholomew.org/,Archdiocese of Indianapolis,,https://www.archindy.org/parishfinder
St. Benedict Parish,"111 S. Ninth St. , Terre Haute, IN, 47807",https://www.stbenedictth.org/,Archdiocese of Indianapolis,,https://www.archindy.org/parishfinder
St. Bernard Parish,"7500 IN-337, Frenchtown, IN, 47115",https://www.saintmichaelschurch.net/,Archdiocese of Indianapolis,,https://www.archindy.org/parishfinder
St. Boniface Parish,"15519 N. State Road 545, Fulda, IN, 47577",https://www.sbcatholic.church/,Archdiocese of Indianapolis,,https://www.archindy.org/parishfinder
St. Bridget of Ireland Parish,"404 E. Vine St., Liberty, IN, 47353",https://stgandb.org/,Archdiocese of Indianapolis,,https://www.archindy.org/parishfinder
St. Catherine of Siena Parish (St. John the Evangelist Campus),"9995 E. Base Road , Greensburg, IN, 47240",https://stcatherinegreensburg.com/,Archdiocese of Indianapolis,,https://www.archindy.org/parishfinder
St. Catherine of Siena Parish (St. Maurice Campus),"8874 Harrison St., Napoleon, IN, 47034",https://www.stmauricechurch.org/index.html,Archdiocese of Indianapolis,,https://www.archindy.org/parishfinder
St. Charles Borromeo Parish,"213 Ripley St., Milan, IN, 47031",https://stcharlesmilan.org/,Archdiocese of Indianapolis,,https://www.archindy.org/parishfinder
St. Charles Borromeo Parish,"2222 E. Third St., Bloomington, IN, 47401",https://parish.stcharlesbloomington.org/,Archdiocese of Indianapolis,,https://www.archindy.org/parishfinder
St. Christopher Parish,"5301 W. 16th St., Indianapolis, IN, 46224",https://www.stchrisindy.org/,Archdiocese of Indianapolis,,https://www.archindy.org/parishfinder
St. Elizabeth Ann Seton Parish (Holy Family Campus),"815 W. Main St.., Richmond, IN, 47374",https://www.setoncatholics.org/,Archdiocese of Indianapolis,,https://www.archindy.org/parishfinder
St. Elizabeth Ann Seton Parish (St. Andrew Campus),"235 S. 5th St. , Richmond, IN, 47374",https://www.setoncatholics.org/,Archdiocese of Indianapolis,,https://www.archindy.org/parishfinder
St. Elizabeth Ann Seton Parish (St. Mary Campus),"720 N. “A” St., Richmond, IN, 47374",https://www.setoncatholics.org/,Archdiocese of Indianapolis,,https://www.archindy.org/parishfinder
St. Elizabeth of Hungary Parish,"333 W. Maple St., Cambridge City,, IN, 47237",https://www.sa-se.org/,Archdiocese of Indianapolis,,https://www.archindy.org/parishfinder
St. Francis & Clare Parish,"5901 Olive Branch Road, Greenwood, IN, 46143",https://www.ss-fc.org/,Archdiocese of Indianapolis,,https://www.archindy.org/parishfinder
St. Francis Xavier Parish,"101 N. Ferguson, Henryville, IN, 47126",http://www.stfrancisxavierhenryville.org/,Archdiocese of Indianapolis,,https://www.archindy.org/parishfinder
St. Gabriel Parish,"232 W. Ninth St. , Connersville,, IN, 47331-2099",https://stgandb.org/,Archdiocese of Indianapolis,,https://www.archindy.org/parishfinder
St. Gabriel the Archangel Parish,"6000 W. 34th St., Indianapolis, IN, 46224",https://stgabrielindy.org/,Archdiocese of Indianapolis,,https://www.archindy.org/parishfinder
St. Isidore the Farmer Parish,"6501 St. Isidore Road , Bristow, IN,  47515-9508",https://www.facebook.com/p/St-Isidore-Catholic-Church-Bristow-in-100081487843209/,Archdiocese of Indianapolis,,https://www.archindy.org/parishfinder
St. Joan of Arc Parish,"4217 Central Ave. , Indianapolis, IN, 46205",http://www.sjoa.org/,Archdiocese of Indianapolis,,https://www.archindy.org/parishfinder
St. John Paul II Parish,"2253 West St. Joe Road, Sellersburg, IN, 47172-1241",http://www.stjohnpaulparish.org/,Archdiocese of Indianapolis,,https://www.archindy.org/parishfinder
St. John the Apostle Parish,"4607 W. State Road 46 , Bloomington, IN, 47404-9255",http://www.sjabloomington.org/,Archdiocese of Indianapolis,,https://www.archindy.org/parishfinder
St. John the Baptist Parish,"8310 St. John Road, Floyds Knobs, IN, 47119",https://smn-sjs.org/,Archdiocese of Indianapolis,,https://www.archindy.org/parishfinder
St. John the Baptist Parish,"331 S. Buckeye St. , Osgood, IN, 47037",http://www.stjohncatholicchurchosgood.com/,Archdiocese of Indianapolis,,https://www.archindy.org/parishfinder
St. John the Evangelist Parish,"126 W. Georgia St. , Indianapolis, IN, 46225-1004",https://www.stjohnsindy.org/,Archdiocese of Indianapolis,,https://www.archindy.org/parishfinder
St. Joseph Parish,"201 E. Ohio Street, Rockville, IN, 47872",https://stjosephrockville.com/,Archdiocese of Indianapolis,,https://www.archindy.org/parishfinder
St. Joseph Parish,"2008 S. Mickley Ave. , Indianapolis, IN, 46241",https://www.stjosephindy.org/,Archdiocese of Indianapolis,,https://www.archindy.org/parishfinder
St. Joseph Parish,"341 State Road 66, Marengo, IN, 47140",https://www.saintmichaelschurch.net/,Archdiocese of Indianapolis,,https://www.archindy.org/parishfinder
St. Joseph Parish,"312 E. High St. , Corydon, IN, 47112",https://www.catholic-community.org/,Archdiocese of Indianapolis,,https://www.archindy.org/parishfinder
St. Joseph Parish,"125 E. Broadway , Shelbyville, IN, 46176",https://shelbycatholic.org/,Archdiocese of Indianapolis,,https://www.archindy.org/parishfinder
St. Joseph Parish,"1875 S. County Road 700 W. , North Vernon, IN, 47265",https://www.ccjc3.org/,Archdiocese of Indianapolis,,https://www.archindy.org/parishfinder
St. Joseph University Parish,"113 S. Fifth St., Terre Haute, IN, 47807",http://www.stjoeup.org/,Archdiocese of Indianapolis,,https://www.archindy.org/parishfinder
St. Jude Parish,"5353 McFarland Road , Indianapolis, IN, 46227",https://www.stjudeindy.org/,Archdiocese of Indianapolis,,https://www.archindy.org/parishfinder
St. Jude the Apostle Parish,"300 W. Hillside Ave., Spencer, IN, 47460",https://www.sjabloomington.org/,Archdiocese of Indianapolis,,https://www.archindy.org/parishfinder
St. Lawrence Parish,"542 Walnut St. , Lawrenceburg, IN, 47205",https://www.stlawrencecc.org/,Archdiocese of Indianapolis,,https://www.archindy.org/parishfinder
St. Lawrence Parish,"6944 E. 46th St. , Indianapolis, IN, 46226-3704",https://www.saintlawrence.net/,Archdiocese of Indianapolis,,https://www.archindy.org/parishfinder
St. Louis Parish,"13 St. Louis Place , Batesville, IN, 47006",https://www.stlouis-batesville.org/,Archdiocese of Indianapolis,,https://www.archindy.org/parishfinder
St. Luke the Evangelist Parish,"7575 Holliday Dr., E., Indianapolis, IN, 46260-3697",https://www.stluke.org/,Archdiocese of Indianapolis,,https://www.archindy.org/parishfinder
St. Malachy Parish,"9833 East County Road 750 North, Brownsburg, IN, 46112",https://stmalachy.org/,Archdiocese of Indianapolis,,https://www.archindy.org/parishfinder
St. Margaret Mary Parish,"2405 S. Seventh St. , Terre Haute, IN, 47802",https://www.smmth.org/,Archdiocese of Indianapolis,,https://www.archindy.org/parishfinder
St. Mark Parish,"5377 Acorn Road. , Tell City, IN, 47586",https://www.thequadparishes.org/,Archdiocese of Indianapolis,,https://www.archindy.org/parishfinder
St. Mark the Evangelist Parish,"535 E. Edgewood Ave. , Indianapolis, IN, 46227",https://www.stmarkindy.org/,Archdiocese of Indianapolis,,https://www.archindy.org/parishfinder
St. Martin of Tours Parish,"1709 E. Harrison St. , Martinsville, IN, 46151",https://www.stmtours.org/,Archdiocese of Indianapolis,,https://www.archindy.org/parishfinder
St. Mary (Immaculate Conception) Parish,"512 N. Perkins St., Rushville, IN, 46173",https://www.stmaryrush.org/,Archdiocese of Indianapolis,,https://www.archindy.org/parishfinder
St. Mary of the Annunciation Parish,"7500 Navilleton Road , Floyds Knobs, IN, 47119",https://smn-sjs.org/,Archdiocese of Indianapolis,,https://www.archindy.org/parishfinder
St. Mary of the Immaculate Conception Parish,"203 Fourth St. , Aurora, IN, 47001",https://www.stmaryscc.org/,Archdiocese of Indianapolis,,https://www.archindy.org/parishfinder
St. Mary Parish,"777 S. 11th St., Mitchell, IN, 47446-1643",https://www.yourcclc.org/,Archdiocese of Indianapolis,,https://www.archindy.org/parishfinder
St. Mary Parish,"212 Washington St. , North Vernon, IN, 47265",https://www.ccjc3.org/,Archdiocese of Indianapolis,,https://www.archindy.org/parishfinder
St. Mary Parish,"415 E. Eighth St., New Albany, IN, 47150",http://www.stmarysna.org/,Archdiocese of Indianapolis,,https://www.archindy.org/parishfinder
St. Mary Parish,"2500 St. Mary’s Dr., Lanesville, IN, 47136",https://catholic-community.org/,Archdiocese of Indianapolis,,https://www.archindy.org/parishfinder
St. Mary Parish,"317 N. New Jersey St., Indianapolis, IN, 46204-2174",https://saintmarysindy.org/,Archdiocese of Indianapolis,,https://www.archindy.org/parishfinder
St. Mary Parish,"1331 E. Hunter Robbins Way, Greensburg, IN, 47240-2197",https://church.stmarysgreensburg.com/,Archdiocese of Indianapolis,,https://www.archindy.org/parishfinder
St. Mary-of-the-Knobs Parish,"5719 Saint Marys Road, Floyds Knobs, IN, 47119-9142",https://www.yoursmk.org/,Archdiocese of Indianapolis,,https://www.archindy.org/parishfinder
St. Mary-of-the-Woods Parish,"3825 North Arms Place , St. Mary-of-the Woods, IN, 47876",https://www.sacredheart-stmarysvillage.org,Archdiocese of Indianapolis,,https://www.archindy.org/parishfinder
St. Matthew the Apostle Parish,"4100 E. 56th St. , Indianapolis, IN, 46220",https://www.saintmatt.org/,Archdiocese of Indianapolis,,https://www.archindy.org/parishfinder
St. Maurice Parish,"8874 Harrison St., Napoleon, IN, 47034",https://www.stmauricechurch.org/index.html,Archdiocese of Indianapolis,,https://www.archindy.org/parishfinder
St. Meinrad Parish,"19570 N. 4th St., St. Meinrad, IN, 47577",https://www.sbcatholic.church/,Archdiocese of Indianapolis,,https://www.archindy.org/parishfinder
St. Michael Church,"N. 8th St. & Washington St., Cannelton, IN, 47520",https://www.thequadparishes.org/,Archdiocese of Indianapolis,,https://www.archindy.org/parishfinder
St. Michael Parish,"145 St. Michael Blvd., Brookville, IN, 47012",https://www.brookvilleparishes.com/,Archdiocese of Indianapolis,,https://www.archindy.org/parishfinder
St. Michael Parish,"519 Jefferson Blvd., Greenfield, IN, 46140",https://www.stmichaelsgrfld.org/,Archdiocese of Indianapolis,,https://www.archindy.org/parishfinder
St. Michael Parish,"11400 Farmers Lane, NE, Greenville, IN, 47124",https://www.saintmichaelschurch.net/,Archdiocese of Indianapolis,,https://www.archindy.org/parishfinder
St. Michael Parish,"101 St. Michael Dr., Charlestown, IN, 47111",https://stmichaelcharlestown.org/,Archdiocese of Indianapolis,,https://www.archindy.org/parishfinder
St. Michael the Archangel Parish,"3354 W. 30th St., Indianapolis, IN,  46222",https://saintmichaelindy.org/,Archdiocese of Indianapolis,,https://www.archindy.org/parishfinder
St. Monica Parish,"6131 N. Michigan Road, Indianapolis, IN, 46228",https://www.stmonicaindy.org/,Archdiocese of Indianapolis,,https://www.archindy.org/parishfinder
St. Nicholas Parish,"6461 E. St. Nicholas Dr., Sunman, IN, 47041",https://www.stnicholas-sunman.org/,Archdiocese of Indianapolis,,https://www.archindy.org/parishfinder
St. Patrick Parish,"950 Prospect St.,  Indianapolis, IN, 46203",https://www.stpatrickindy.com/,Archdiocese of Indianapolis,,https://www.archindy.org/parishfinder
St. Patrick Parish,"208 S. Shelby St., Salem, IN, 47167",http://amartyrs.org/,Archdiocese of Indianapolis,,https://www.archindy.org/parishfinder
St. Patrick Parish,"1807 Poplar St., Terre Haute, In, 47803",https://www.saintpat.org/,Archdiocese of Indianapolis,,https://www.archindy.org/parishfinder
St. Paul Catholic Center,"1413 E. 17th St., Bloomington, IN, 47408-1602",http://www.hoosiercatholic.org/,Archdiocese of Indianapolis,,https://www.archindy.org/parishfinder
St. Paul Parish,"814 Jefferson Street, Tell City, IN, 47586",https://www.thequadparishes.org/,Archdiocese of Indianapolis,,https://www.archindy.org/parishfinder
St. Paul the Apostle Parish,"202 E. Washington St., Greencastle, IN, 46135",https://stpaul-greencastle.com/,Archdiocese of Indianapolis,,https://www.archindy.org/parishfinder
St. Peter,"1207 East Road, Brookville, IN, 47012",https://www.brookvilleparishes.com/,Archdiocese of Indianapolis,,https://www.archindy.org/parishfinder
St. Peter & Paul Cathedral,"1347 N. Meridian St., Indianapolis, In,  46202",http://www.ssppc.org/,Archdiocese of Indianapolis,,https://www.archindy.org/parishfinder
St. Philip Neri Parish,"550 N. Rural St.,  Indianapolis, IN, 46201",https://www.spnindy.org/,Archdiocese of Indianapolis,,https://www.archindy.org/parishfinder
St. Philomena & Cecilia Oratory,"16194 St. Mary’s Road, Brookville, IN, 47012",https://www.latinmassbrookville.com/,Archdiocese of Indianapolis,,https://www.archindy.org/parishfinder
St. Pius V Parish,"330 Franklin St, Tell City, IN, 47586",https://www.thequadparishes.org/,Archdiocese of Indianapolis,,https://www.archindy.org/parishfinder
St. Pius X Parish,"7200 Sarto Dr., Indianapolis, IN, 46240",https://www.spxparish.org/,Archdiocese of Indianapolis,,https://www.archindy.org/parishfinder
St. Rita Parish,"1733 Dr. Andrew J. Brown Ave, Indianapolis, IN, 46202-1998",https://www.stritaindy.org/,Archdiocese of Indianapolis,,https://www.archindy.org/parishfinder
St. Roch Parish,"3600 S. Pennsylvania St., Indianapolis, IN, 46227",https://www.strochindy.org/,Archdiocese of Indianapolis,,https://www.archindy.org/parishfinder
St. Rose of Lima Parish,"114 Lancelot Dr., Franklin, IN, 46131",https://saintrose.net/,Archdiocese of Indianapolis,,https://www.archindy.org/parishfinder
St. Simon the Apostle Parish,"8155 Oaklandon Road, Indianapolis, IN, 46236-8578",https://www.saintsimon.org/,Archdiocese of Indianapolis,,https://www.archindy.org/parishfinder
St. Susanna Parish,"1210 E. Main St., Plainfield, IN, 46168",https://www.saintsusannachurch.com/,Archdiocese of Indianapolis,,https://www.archindy.org/parishfinder
St. Teresa Benedicta of the Cross Parish,"23455 Gavin Lane, Lawrenceburg, IN,  47025",https://www.stteresacc.org/,Archdiocese of Indianapolis,,https://www.archindy.org/parishfinder
St. Therese of the Infant Jesus (Little Flower) Parish,"4720 E. 13th St., Indianapolis, IN, 46201",https://www.littleflowerparish.org/,Archdiocese of Indianapolis,,https://www.archindy.org/parishfinder
St. Thomas Aquinas Parish,"4625 N. Kenwood Ave., Indianapolis, IN, 46208",https://www.staindy.org/church/,Archdiocese of Indianapolis,,https://www.archindy.org/parishfinder
St. Thomas More Parish,"1200 N. Indiana St. , Mooresville, IN, 46158",https://www.stm-church.org/,Archdiocese of Indianapolis,,https://www.archindy.org/parishfinder
St. Thomas the Apostle Parish,"523 S. Merrill St., Fortville, IN, 46040",https://stthomasfortville.com/,Archdiocese of Indianapolis,,https://www.archindy.org/parishfinder
St. Vincent de Paul Parish,"1723 “I” St., Bedford, IN, 47421",https://www.yourcclc.org/,Archdiocese of Indianapolis,,https://www.archindy.org/parishfinder
St. Vincent de Paul Parish,"4218 E. Michigan Road, Shelbyville, IN, 46176",https://shelbycatholic.org/,Archdiocese of Indianapolis,,https://www.archindy.org/parishfinder
