parish_index,name,diocese,site_url,page_url,sources
0,Father Purcell Memorial Center for Exceptional Children,Archdiocese of Mobile,https://fatherpurcell.org/,https://fatherpurcell.org/,"homepage, homepage_link, sitemap"
0,Father Purcell Memorial Center for Exceptional Children,Archdiocese of Mobile,https://fatherpurcell.org/,https://fatherpurcell.org/admission,"homepage_link, sitemap"
0,Father Purcell Memorial Center for Exceptional Children,Archdiocese of Mobile,https://fatherpurcell.org/,https://fatherpurcell.org/blog,sitemap
0,Father Purcell Memorial Center for Exceptional Children,Archdiocese of Mobile,https://fatherpurcell.org/,https://fatherpurcell.org/bulletins,sitemap
0,Father Purcell Memorial Center for Exceptional Children,Archdiocese of Mobile,https://fatherpurcell.org/,https://fatherpurcell.org/calendar,sitemap
0,Father Purcell Memorial Center for Exceptional Children,Archdiocese of Mobile,https://fatherpurcell.org/,https://fatherpurcell.org/contact,"homepage_link, sitemap"
0,Father Purcell Memorial Center for Exceptional Children,Archdiocese of Mobile,https://fatherpurcell.org/,https://fatherpurcell.org/events,sitemap
0,Father Purcell Memorial Center for Exceptional Children,Archdiocese of Mobile,https://fatherpurcell.org/,https://fatherpurcell.org/history,"homepage_link, sitemap"
0,Father Purcell Memorial Center for Exceptional Children,Archdiocese of Mobile,https://fatherpurcell.org/,https://fatherpurcell.org/news,sitemap
0,Father Purcell Memorial Center for Exceptional Children,Archdiocese of Mobile,https://fatherpurcell.org/,https://fatherpurcell.org/photoalbums,sitemap
0,Father Purcell Memorial Center for Exceptional Children,Archdiocese of Mobile,https://fatherpurcell.org/,https://fatherpurcell.org/services,"homepage_link, sitemap"
1,Holy Spirit Catholic Parish,Archdiocese of Mobile,https://holyspiritmgm.org/,https://holyspiritmgm.org/,"homepage, homepage_link, sitemap"
1,Holy Spirit Catholic Parish,Archdiocese of Mobile,https://holyspiritmgm.org/,https://holyspiritmgm.org/adults,"homepage_link, sitemap"
1,Holy Spirit Catholic Parish,Archdiocese of Mobile,https://holyspiritmgm.org/,https://holyspiritmgm.org/become-catholic-join-ocia,"homepage_link, sitemap"
1,Holy Spirit Catholic Parish,Archdiocese of Mobile,https://holyspiritmgm.org/,https://holyspiritmgm.org/blog,sitemap
1,Holy Spirit Catholic Parish,Archdiocese of Mobile,https://holyspiritmgm.org/,https://holyspiritmgm.org/boy-scouts,"homepage_link, sitemap"
1,Holy Spirit Catholic Parish,Archdiocese of Mobile,https://holyspiritmgm.org/,https://holyspiritmgm.org/bulletins,"homepage_link, sitemap"
1,Holy Spirit Catholic Parish,Archdiocese of Mobile,https://holyspiritmgm.org/,https://holyspiritmgm.org/calendar,sitemap
1,Holy Spirit Catholic Parish,Archdiocese of Mobile,https://holyspiritmgm.org/,https://holyspiritmgm.org/catholic-resources,"homepage_link, sitemap"
1,Holy Spirit Catholic Parish,Archdiocese of Mobile,https://holyspiritmgm.org/,https://holyspiritmgm.org/cdn-cgi/l/email-protection,homepage_link
1,Holy Spirit Catholic Parish,Archdiocese of Mobile,https://holyspiritmgm.org/,https://holyspiritmgm.org/children,"homepage_link, sitemap"
1,Holy Spirit Catholic Parish,Archdiocese of Mobile,https://holyspiritmgm.org/,https://holyspiritmgm.org/confirmation,"homepage_link, sitemap"
1,Holy Spirit Catholic Parish,Archdiocese of Mobile,https://holyspiritmgm.org/,https://holyspiritmgm.org/contact-us,"homepage_link, sitemap"
1,Holy Spirit Catholic Parish,Archdiocese of Mobile,https://holyspiritmgm.org/,https://holyspiritmgm.org/events,"homepage_link, sitemap"
1,Holy Spirit Catholic Parish,Archdiocese of Mobile,https://holyspiritmgm.org/,https://holyspiritmgm.org/faq,"homepage_link, sitemap"
1,Holy Spirit Catholic Parish,Archdiocese of Mobile,https://holyspiritmgm.org/,https://holyspiritmgm.org/faq-1,"homepage_link, sitemap"
1,Holy Spirit Catholic Parish,Archdiocese of Mobile,https://holyspiritmgm.org/,https://holyspiritmgm.org/finance-council,"homepage_link, sitemap"
1,Holy Spirit Catholic Parish,Archdiocese of Mobile,https://holyspiritmgm.org/,https://holyspiritmgm.org/first-communion-reconciliation,"homepage_link, sitemap"
1,Holy Spirit Catholic Parish,Archdiocese of Mobile,https://holyspiritmgm.org/,https://holyspiritmgm.org/funerals,"homepage_link, sitemap"
1,Holy Spirit Catholic Parish,Archdiocese of Mobile,https://holyspiritmgm.org/,https://holyspiritmgm.org/girl-scouts,"homepage_link, sitemap"
1,Holy Spirit Catholic Parish,Archdiocese of Mobile,https://holyspiritmgm.org/,https://holyspiritmgm.org/high-school-youth-ministry,"homepage_link, sitemap"
1,Holy Spirit Catholic Parish,Archdiocese of Mobile,https://holyspiritmgm.org/,https://holyspiritmgm.org/join-our-parish,"homepage_link, sitemap"
1,Holy Spirit Catholic Parish,Archdiocese of Mobile,https://holyspiritmgm.org/,https://holyspiritmgm.org/knights-of-columbus,"homepage_link, sitemap"
1,Holy Spirit Catholic Parish,Archdiocese of Mobile,https://holyspiritmgm.org/,https://holyspiritmgm.org/liturgical-ministries,"homepage_link, sitemap"
1,Holy Spirit Catholic Parish,Archdiocese of Mobile,https://holyspiritmgm.org/,https://holyspiritmgm.org/mass-times,"homepage_link, sitemap"
1,Holy Spirit Catholic Parish,Archdiocese of Mobile,https://holyspiritmgm.org/,https://holyspiritmgm.org/middle-school-ministry,"homepage_link, sitemap"
1,Holy Spirit Catholic Parish,Archdiocese of Mobile,https://holyspiritmgm.org/,https://holyspiritmgm.org/ministries-overview,"homepage_link, sitemap"
1,Holy Spirit Catholic Parish,Archdiocese of Mobile,https://holyspiritmgm.org/,https://holyspiritmgm.org/news,sitemap
1,Holy Spirit Catholic Parish,Archdiocese of Mobile,https://holyspiritmgm.org/,https://holyspiritmgm.org/nursery,"homepage_link, sitemap"
1,Holy Spirit Catholic Parish,Archdiocese of Mobile,https://holyspiritmgm.org/,https://holyspiritmgm.org/parish-hall-rentals,"homepage_link, sitemap"
1,Holy Spirit Catholic Parish,Archdiocese of Mobile,https://holyspiritmgm.org/,https://holyspiritmgm.org/parish-history,"homepage_link, sitemap"
1,Holy Spirit Catholic Parish,Archdiocese of Mobile,https://holyspiritmgm.org/,https://holyspiritmgm.org/pastoral-council,"homepage_link, sitemap"
1,Holy Spirit Catholic Parish,Archdiocese of Mobile,https://holyspiritmgm.org/,https://holyspiritmgm.org/people/arleen-alexander,sitemap
1,Holy Spirit Catholic Parish,Archdiocese of Mobile,https://holyspiritmgm.org/,https://holyspiritmgm.org/people/deacon-david-ray,sitemap
1,Holy Spirit Catholic Parish,Archdiocese of Mobile,https://holyspiritmgm.org/,https://holyspiritmgm.org/people/deacon-raymond-gueret,sitemap
1,Holy Spirit Catholic Parish,Archdiocese of Mobile,https://holyspiritmgm.org/,https://holyspiritmgm.org/people/fr-francis-matiru-fmh,sitemap
1,Holy Spirit Catholic Parish,Archdiocese of Mobile,https://holyspiritmgm.org/,https://holyspiritmgm.org/people/john-klein,sitemap
1,Holy Spirit Catholic Parish,Archdiocese of Mobile,https://holyspiritmgm.org/,https://holyspiritmgm.org/people/karen-franklin,sitemap
1,Holy Spirit Catholic Parish,Archdiocese of Mobile,https://holyspiritmgm.org/,https://holyspiritmgm.org/people/kay-truslow,sitemap
1,Holy Spirit Catholic Parish,Archdiocese of Mobile,https://holyspiritmgm.org/,https://holyspiritmgm.org/people/liz-gregorius,sitemap
1,Holy Spirit Catholic Parish,Archdiocese of Mobile,https://holyspiritmgm.org/,https://holyspiritmgm.org/people/patrick-gregorius,sitemap
1,Holy Spirit Catholic Parish,Archdiocese of Mobile,https://holyspiritmgm.org/,https://holyspiritmgm.org/people/sarah-rose-burder,sitemap
1,Holy Spirit Catholic Parish,Archdiocese of Mobile,https://holyspiritmgm.org/,https://holyspiritmgm.org/people/tom-riello,sitemap
1,Holy Spirit Catholic Parish,Archdiocese of Mobile,https://holyspiritmgm.org/,https://holyspiritmgm.org/people/zavie-george,sitemap
1,Holy Spirit Catholic Parish,Archdiocese of Mobile,https://holyspiritmgm.org/,https://holyspiritmgm.org/photoalbums,sitemap
1,Holy Spirit Catholic Parish,Archdiocese of Mobile,https://holyspiritmgm.org/,https://holyspiritmgm.org/register-for-a-sacrament,"homepage_link, sitemap"
1,Holy Spirit Catholic Parish,Archdiocese of Mobile,https://holyspiritmgm.org/,https://holyspiritmgm.org/service-minstries,"homepage_link, sitemap"
1,Holy Spirit Catholic Parish,Archdiocese of Mobile,https://holyspiritmgm.org/,https://holyspiritmgm.org/society-of-st-vincent-de-paul,"homepage_link, sitemap"
1,Holy Spirit Catholic Parish,Archdiocese of Mobile,https://holyspiritmgm.org/,https://holyspiritmgm.org/spiritual-ministries,"homepage_link, sitemap"
1,Holy Spirit Catholic Parish,Archdiocese of Mobile,https://holyspiritmgm.org/,https://holyspiritmgm.org/staff,"homepage_link, sitemap"
1,Holy Spirit Catholic Parish,Archdiocese of Mobile,https://holyspiritmgm.org/,https://holyspiritmgm.org/what-are-the-sacraments,"homepage_link, sitemap"
1,Holy Spirit Catholic Parish,Archdiocese of Mobile,https://holyspiritmgm.org/,https://holyspiritmgm.org/young-adult-ministry,"homepage_link, sitemap"
1,Holy Spirit Catholic Parish,Archdiocese of Mobile,https://holyspiritmgm.org/,https://holyspiritmgm.org/youth-ministry,"homepage_link, sitemap"
2,Blessed Francis Xavier Seelos Parish,Archdiocese of Mobile,https://francisxseelos.org/,https://francisxseelos.org/,"homepage, homepage_link, sitemap"
2,Blessed Francis Xavier Seelos Parish,Archdiocese of Mobile,https://francisxseelos.org/,https://francisxseelos.org/about,sitemap
2,Blessed Francis Xavier Seelos Parish,Archdiocese of Mobile,https://francisxseelos.org/,https://francisxseelos.org/acyc-1,homepage_link
2,Blessed Francis Xavier Seelos Parish,Archdiocese of Mobile,https://francisxseelos.org/,https://francisxseelos.org/acyc-high-school,sitemap
2,Blessed Francis Xavier Seelos Parish,Archdiocese of Mobile,https://francisxseelos.org/,https://francisxseelos.org/acyc-jr,sitemap
2,Blessed Francis Xavier Seelos Parish,Archdiocese of Mobile,https://francisxseelos.org/,https://francisxseelos.org/altar-servers,"homepage_link, sitemap"
2,Blessed Francis Xavier Seelos Parish,Archdiocese of Mobile,https://francisxseelos.org/,https://francisxseelos.org/bfxs-hallow-1,"homepage_link, sitemap"
2,Blessed Francis Xavier Seelos Parish,Archdiocese of Mobile,https://francisxseelos.org/,https://francisxseelos.org/blog,sitemap
2,Blessed Francis Xavier Seelos Parish,Archdiocese of Mobile,https://francisxseelos.org/,https://francisxseelos.org/blog/40-days-for-life-mobile-campaign-1,sitemap
2,Blessed Francis Xavier Seelos Parish,Archdiocese of Mobile,https://francisxseelos.org/,https://francisxseelos.org/blog/are-you-or-a-loved-one-sick,sitemap
2,Blessed Francis Xavier Seelos Parish,Archdiocese of Mobile,https://francisxseelos.org/,https://francisxseelos.org/blog/building-progress-update,sitemap
2,Blessed Francis Xavier Seelos Parish,Archdiocese of Mobile,https://francisxseelos.org/,https://francisxseelos.org/blog/building-progress-update-aug-2021,sitemap
2,Blessed Francis Xavier Seelos Parish,Archdiocese of Mobile,https://francisxseelos.org/,https://francisxseelos.org/blog/building-progress-update-nov-2021,sitemap
2,Blessed Francis Xavier Seelos Parish,Archdiocese of Mobile,https://francisxseelos.org/,https://francisxseelos.org/blog/building-progress-update-oct-2021,sitemap
2,Blessed Francis Xavier Seelos Parish,Archdiocese of Mobile,https://francisxseelos.org/,https://francisxseelos.org/blog/formedorg,sitemap
2,Blessed Francis Xavier Seelos Parish,Archdiocese of Mobile,https://francisxseelos.org/,https://francisxseelos.org/blog/ground-breaking,sitemap
2,Blessed Francis Xavier Seelos Parish,Archdiocese of Mobile,https://francisxseelos.org/,https://francisxseelos.org/blog/join-us-for-sunday-school-2023-registration-begins-july-30th,sitemap
2,Blessed Francis Xavier Seelos Parish,Archdiocese of Mobile,https://francisxseelos.org/,https://francisxseelos.org/blog/join-us-for-vacation-bible-school,sitemap
2,Blessed Francis Xavier Seelos Parish,Archdiocese of Mobile,https://francisxseelos.org/,https://francisxseelos.org/blog/many-thanks-to-our-gracious-hosts,sitemap
2,Blessed Francis Xavier Seelos Parish,Archdiocese of Mobile,https://francisxseelos.org/,https://francisxseelos.org/blog/men-of-st-joseph-breakfast-sat-1204,sitemap
2,Blessed Francis Xavier Seelos Parish,Archdiocese of Mobile,https://francisxseelos.org/,https://francisxseelos.org/blog/parish-picnic-a-success-2021-celebration-of-blessed-francis-feast-day-1005,sitemap
2,Blessed Francis Xavier Seelos Parish,Archdiocese of Mobile,https://francisxseelos.org/,https://francisxseelos.org/blog/say-yes-to-vbs,sitemap
2,Blessed Francis Xavier Seelos Parish,Archdiocese of Mobile,https://francisxseelos.org/,https://francisxseelos.org/blog/the-search-lenten-program-starts-feb-12th,sitemap
2,Blessed Francis Xavier Seelos Parish,Archdiocese of Mobile,https://francisxseelos.org/,https://francisxseelos.org/blog/updated-mass-times,sitemap
2,Blessed Francis Xavier Seelos Parish,Archdiocese of Mobile,https://francisxseelos.org/,https://francisxseelos.org/blog/vbs-in-july,sitemap
2,Blessed Francis Xavier Seelos Parish,Archdiocese of Mobile,https://francisxseelos.org/,https://francisxseelos.org/bulletins,"homepage_link, sitemap"
2,Blessed Francis Xavier Seelos Parish,Archdiocese of Mobile,https://francisxseelos.org/,https://francisxseelos.org/calendar,"homepage_link, sitemap"
2,Blessed Francis Xavier Seelos Parish,Archdiocese of Mobile,https://francisxseelos.org/,https://francisxseelos.org/cdn-cgi/l/email-protection,homepage_link
2,Blessed Francis Xavier Seelos Parish,Archdiocese of Mobile,https://francisxseelos.org/,https://francisxseelos.org/confirmation,"homepage_link, sitemap"
2,Blessed Francis Xavier Seelos Parish,Archdiocese of Mobile,https://francisxseelos.org/,https://francisxseelos.org/contact-us,"homepage_link, sitemap"
2,Blessed Francis Xavier Seelos Parish,Archdiocese of Mobile,https://francisxseelos.org/,https://francisxseelos.org/donate-bottle-booth-items,sitemap
2,Blessed Francis Xavier Seelos Parish,Archdiocese of Mobile,https://francisxseelos.org/,https://francisxseelos.org/eucharistic-ministers,"homepage_link, sitemap"
2,Blessed Francis Xavier Seelos Parish,Archdiocese of Mobile,https://francisxseelos.org/,https://francisxseelos.org/events,sitemap
2,Blessed Francis Xavier Seelos Parish,Archdiocese of Mobile,https://francisxseelos.org/,https://francisxseelos.org/events-news,"homepage_link, sitemap"
2,Blessed Francis Xavier Seelos Parish,Archdiocese of Mobile,https://francisxseelos.org/,https://francisxseelos.org/events/1st-communion,sitemap
2,Blessed Francis Xavier Seelos Parish,Archdiocese of Mobile,https://francisxseelos.org/,https://francisxseelos.org/events/1st-communion-1,sitemap
2,Blessed Francis Xavier Seelos Parish,Archdiocese of Mobile,https://francisxseelos.org/,https://francisxseelos.org/events/1st-communion-2nd-grade,sitemap
2,Blessed Francis Xavier Seelos Parish,Archdiocese of Mobile,https://francisxseelos.org/,https://francisxseelos.org/events/1st-communion-parent-meeting,sitemap
2,Blessed Francis Xavier Seelos Parish,Archdiocese of Mobile,https://francisxseelos.org/,https://francisxseelos.org/events/1st-friday-mass,sitemap
2,Blessed Francis Xavier Seelos Parish,Archdiocese of Mobile,https://francisxseelos.org/,https://francisxseelos.org/events/1st-saturday-confessions-8am-mass-8-30-followed-by-the-rosary,sitemap
2,Blessed Francis Xavier Seelos Parish,Archdiocese of Mobile,https://francisxseelos.org/,https://francisxseelos.org/events/2025-confirmation-adoration,sitemap
2,Blessed Francis Xavier Seelos Parish,Archdiocese of Mobile,https://francisxseelos.org/,https://francisxseelos.org/events/2025-confirmation-class,sitemap
2,Blessed Francis Xavier Seelos Parish,Archdiocese of Mobile,https://francisxseelos.org/,https://francisxseelos.org/events/2025-confirmation-group-2,sitemap
2,Blessed Francis Xavier Seelos Parish,Archdiocese of Mobile,https://francisxseelos.org/,https://francisxseelos.org/events/2025-confirmation-group-3,sitemap
2,Blessed Francis Xavier Seelos Parish,Archdiocese of Mobile,https://francisxseelos.org/,https://francisxseelos.org/events/2025-confirmation-group-4,sitemap
2,Blessed Francis Xavier Seelos Parish,Archdiocese of Mobile,https://francisxseelos.org/,https://francisxseelos.org/events/2026-confirmation-group-1,sitemap
2,Blessed Francis Xavier Seelos Parish,Archdiocese of Mobile,https://francisxseelos.org/,https://francisxseelos.org/events/2027-confirmation-class,sitemap
2,Blessed Francis Xavier Seelos Parish,Archdiocese of Mobile,https://francisxseelos.org/,https://francisxseelos.org/events/2027-confirmation-class-1,sitemap
2,Blessed Francis Xavier Seelos Parish,Archdiocese of Mobile,https://francisxseelos.org/,https://francisxseelos.org/events/2027-confirmation-class-2,sitemap
2,Blessed Francis Xavier Seelos Parish,Archdiocese of Mobile,https://francisxseelos.org/,https://francisxseelos.org/events/2027-confirmation-class-3,sitemap
2,Blessed Francis Xavier Seelos Parish,Archdiocese of Mobile,https://francisxseelos.org/,https://francisxseelos.org/events/2027-confirmation-class-4,sitemap
2,Blessed Francis Xavier Seelos Parish,Archdiocese of Mobile,https://francisxseelos.org/,https://francisxseelos.org/events/2027-confirmation-class-adoration-at-ctk,sitemap
2,Blessed Francis Xavier Seelos Parish,Archdiocese of Mobile,https://francisxseelos.org/,https://francisxseelos.org/events/2027-confirmation-parent-student-meeting,sitemap
2,Blessed Francis Xavier Seelos Parish,Archdiocese of Mobile,https://francisxseelos.org/,https://francisxseelos.org/events/2028-confirmation-adoration-at-ctk,sitemap
2,Blessed Francis Xavier Seelos Parish,Archdiocese of Mobile,https://francisxseelos.org/,https://francisxseelos.org/events/2028-confirmation-class,sitemap
2,Blessed Francis Xavier Seelos Parish,Archdiocese of Mobile,https://francisxseelos.org/,https://francisxseelos.org/events/2028-confirmation-class-1,sitemap
2,Blessed Francis Xavier Seelos Parish,Archdiocese of Mobile,https://francisxseelos.org/,https://francisxseelos.org/events/2028-confirmation-class-2,sitemap
2,Blessed Francis Xavier Seelos Parish,Archdiocese of Mobile,https://francisxseelos.org/,https://francisxseelos.org/events/2028-confirmation-class-3,sitemap
2,Blessed Francis Xavier Seelos Parish,Archdiocese of Mobile,https://francisxseelos.org/,https://francisxseelos.org/events/2028-confirmation-class-4,sitemap
2,Blessed Francis Xavier Seelos Parish,Archdiocese of Mobile,https://francisxseelos.org/,https://francisxseelos.org/events/2028-confirmation-class-5,sitemap
2,Blessed Francis Xavier Seelos Parish,Archdiocese of Mobile,https://francisxseelos.org/,https://francisxseelos.org/events/acyc-high-school,sitemap
2,Blessed Francis Xavier Seelos Parish,Archdiocese of Mobile,https://francisxseelos.org/,https://francisxseelos.org/events/acyc-high-school-1,sitemap
2,Blessed Francis Xavier Seelos Parish,Archdiocese of Mobile,https://francisxseelos.org/,https://francisxseelos.org/events/acyc-high-school-2,sitemap
2,Blessed Francis Xavier Seelos Parish,Archdiocese of Mobile,https://francisxseelos.org/,https://francisxseelos.org/events/acyc-jr-2,sitemap
2,Blessed Francis Xavier Seelos Parish,Archdiocese of Mobile,https://francisxseelos.org/,https://francisxseelos.org/events/acyc-jr-3,sitemap
2,Blessed Francis Xavier Seelos Parish,Archdiocese of Mobile,https://francisxseelos.org/,https://francisxseelos.org/events/acyc-jr-4,sitemap
2,Blessed Francis Xavier Seelos Parish,Archdiocese of Mobile,https://francisxseelos.org/,https://francisxseelos.org/events/acyc-jr-holy-spirit-hall,sitemap
2,Blessed Francis Xavier Seelos Parish,Archdiocese of Mobile,https://francisxseelos.org/,https://francisxseelos.org/events/acyc-jr-holy-spirit-hall-1,sitemap
2,Blessed Francis Xavier Seelos Parish,Archdiocese of Mobile,https://francisxseelos.org/,https://francisxseelos.org/events/acyc-jr-holy-spirit-hall-2,sitemap
2,Blessed Francis Xavier Seelos Parish,Archdiocese of Mobile,https://francisxseelos.org/,https://francisxseelos.org/events/acyc-perdido-beach,sitemap
2,Blessed Francis Xavier Seelos Parish,Archdiocese of Mobile,https://francisxseelos.org/,https://francisxseelos.org/events/acyc-perdido-beach-1,sitemap
2,Blessed Francis Xavier Seelos Parish,Archdiocese of Mobile,https://francisxseelos.org/,https://francisxseelos.org/events/acyc-perdido-beach-2,sitemap
2,Blessed Francis Xavier Seelos Parish,Archdiocese of Mobile,https://francisxseelos.org/,https://francisxseelos.org/events/adoration,sitemap
2,Blessed Francis Xavier Seelos Parish,Archdiocese of Mobile,https://francisxseelos.org/,https://francisxseelos.org/events/all-catechist-meeting,sitemap
2,Blessed Francis Xavier Seelos Parish,Archdiocese of Mobile,https://francisxseelos.org/,https://francisxseelos.org/events/all-confirmation-classes,sitemap
2,Blessed Francis Xavier Seelos Parish,Archdiocese of Mobile,https://francisxseelos.org/,https://francisxseelos.org/events/all-parent-meeting,sitemap
2,Blessed Francis Xavier Seelos Parish,Archdiocese of Mobile,https://francisxseelos.org/,https://francisxseelos.org/events/ash-wednesday,sitemap
2,Blessed Francis Xavier Seelos Parish,Archdiocese of Mobile,https://francisxseelos.org/,https://francisxseelos.org/events/ash-wednesday-1,sitemap
2,Blessed Francis Xavier Seelos Parish,Archdiocese of Mobile,https://francisxseelos.org/,https://francisxseelos.org/events/be-prepared-seminar,sitemap
2,Blessed Francis Xavier Seelos Parish,Archdiocese of Mobile,https://francisxseelos.org/,https://francisxseelos.org/events/be-prepared-seminar-1,sitemap
2,Blessed Francis Xavier Seelos Parish,Archdiocese of Mobile,https://francisxseelos.org/,https://francisxseelos.org/events/be-prepared-seminar-2,sitemap
2,Blessed Francis Xavier Seelos Parish,Archdiocese of Mobile,https://francisxseelos.org/,https://francisxseelos.org/events/be-prepared-seminar-3,sitemap
2,Blessed Francis Xavier Seelos Parish,Archdiocese of Mobile,https://francisxseelos.org/,https://francisxseelos.org/events/be-prepared-seminar-4,sitemap
2,Blessed Francis Xavier Seelos Parish,Archdiocese of Mobile,https://francisxseelos.org/,https://francisxseelos.org/events/be-prepared-seminar-5,sitemap
2,Blessed Francis Xavier Seelos Parish,Archdiocese of Mobile,https://francisxseelos.org/,https://francisxseelos.org/events/be-prepared-series,sitemap
2,Blessed Francis Xavier Seelos Parish,Archdiocese of Mobile,https://francisxseelos.org/,https://francisxseelos.org/events/be-prepared-series-6,sitemap
2,Blessed Francis Xavier Seelos Parish,Archdiocese of Mobile,https://francisxseelos.org/,https://francisxseelos.org/events/bingo-4-babies,sitemap
2,Blessed Francis Xavier Seelos Parish,Archdiocese of Mobile,https://francisxseelos.org/,https://francisxseelos.org/events/bingo-for-the-building,sitemap
2,Blessed Francis Xavier Seelos Parish,Archdiocese of Mobile,https://francisxseelos.org/,https://francisxseelos.org/events/breakfast-with-santa,sitemap
2,Blessed Francis Xavier Seelos Parish,Archdiocese of Mobile,https://francisxseelos.org/,https://francisxseelos.org/events/breakfast-with-santa-1,sitemap
2,Blessed Francis Xavier Seelos Parish,Archdiocese of Mobile,https://francisxseelos.org/,https://francisxseelos.org/events/breakfast-with-santa-2,sitemap
2,Blessed Francis Xavier Seelos Parish,Archdiocese of Mobile,https://francisxseelos.org/,https://francisxseelos.org/events/bunco-night-2,sitemap
2,Blessed Francis Xavier Seelos Parish,Archdiocese of Mobile,https://francisxseelos.org/,https://francisxseelos.org/events/catechist-teachers-meeting,sitemap
2,Blessed Francis Xavier Seelos Parish,Archdiocese of Mobile,https://francisxseelos.org/,https://francisxseelos.org/events/childrens-christmas-mass,sitemap
2,Blessed Francis Xavier Seelos Parish,Archdiocese of Mobile,https://francisxseelos.org/,https://francisxseelos.org/events/chili-cookoff-dessert-bakeoff-1,sitemap
2,Blessed Francis Xavier Seelos Parish,Archdiocese of Mobile,https://francisxseelos.org/,https://francisxseelos.org/events/chili-cookoff-dessert-bakeoff-2,sitemap
2,Blessed Francis Xavier Seelos Parish,Archdiocese of Mobile,https://francisxseelos.org/,https://francisxseelos.org/events/christmas-day-mass,sitemap
2,Blessed Francis Xavier Seelos Parish,Archdiocese of Mobile,https://francisxseelos.org/,https://francisxseelos.org/events/christmas-day-mass-1,sitemap
2,Blessed Francis Xavier Seelos Parish,Archdiocese of Mobile,https://francisxseelos.org/,https://francisxseelos.org/events/christmas-eve-childrens-mass,sitemap
2,Blessed Francis Xavier Seelos Parish,Archdiocese of Mobile,https://francisxseelos.org/,https://francisxseelos.org/events/christmas-eve-mass,sitemap
2,Blessed Francis Xavier Seelos Parish,Archdiocese of Mobile,https://francisxseelos.org/,https://francisxseelos.org/events/christmas-eve-mass-1,sitemap
2,Blessed Francis Xavier Seelos Parish,Archdiocese of Mobile,https://francisxseelos.org/,https://francisxseelos.org/events/confessions-and-adoration,sitemap
2,Blessed Francis Xavier Seelos Parish,Archdiocese of Mobile,https://francisxseelos.org/,https://francisxseelos.org/events/confessions-and-adoration-1,sitemap
2,Blessed Francis Xavier Seelos Parish,Archdiocese of Mobile,https://francisxseelos.org/,https://francisxseelos.org/events/confirmation-2025-4-30-mass,sitemap
2,Blessed Francis Xavier Seelos Parish,Archdiocese of Mobile,https://francisxseelos.org/,https://francisxseelos.org/events/confirmation-2025-class-1,sitemap
2,Blessed Francis Xavier Seelos Parish,Archdiocese of Mobile,https://francisxseelos.org/,https://francisxseelos.org/events/confirmation-2025-mass,sitemap
2,Blessed Francis Xavier Seelos Parish,Archdiocese of Mobile,https://francisxseelos.org/,https://francisxseelos.org/events/confirmation-2026-adoration,sitemap
2,Blessed Francis Xavier Seelos Parish,Archdiocese of Mobile,https://francisxseelos.org/,https://francisxseelos.org/events/confirmation-2026-class,sitemap
2,Blessed Francis Xavier Seelos Parish,Archdiocese of Mobile,https://francisxseelos.org/,https://francisxseelos.org/events/confirmation-2026-class-1,sitemap
2,Blessed Francis Xavier Seelos Parish,Archdiocese of Mobile,https://francisxseelos.org/,https://francisxseelos.org/events/confirmation-2026-class-2,sitemap
2,Blessed Francis Xavier Seelos Parish,Archdiocese of Mobile,https://francisxseelos.org/,https://francisxseelos.org/events/confirmation-2026-class-3,sitemap
2,Blessed Francis Xavier Seelos Parish,Archdiocese of Mobile,https://francisxseelos.org/,https://francisxseelos.org/events/confirmation-2026-class-4,sitemap
2,Blessed Francis Xavier Seelos Parish,Archdiocese of Mobile,https://francisxseelos.org/,https://francisxseelos.org/events/confirmation-2026-class-adoration,sitemap
2,Blessed Francis Xavier Seelos Parish,Archdiocese of Mobile,https://francisxseelos.org/,https://francisxseelos.org/events/confirmation-2026-class-meeting,sitemap
2,Blessed Francis Xavier Seelos Parish,Archdiocese of Mobile,https://francisxseelos.org/,https://francisxseelos.org/events/confirmation-2026-prayer-mass,sitemap
2,Blessed Francis Xavier Seelos Parish,Archdiocese of Mobile,https://francisxseelos.org/,https://francisxseelos.org/events/confirmation-2027-class,sitemap
2,Blessed Francis Xavier Seelos Parish,Archdiocese of Mobile,https://francisxseelos.org/,https://francisxseelos.org/events/confirmation-2027-class-1,sitemap
2,Blessed Francis Xavier Seelos Parish,Archdiocese of Mobile,https://francisxseelos.org/,https://francisxseelos.org/events/confirmation-2027-class-2,sitemap
2,Blessed Francis Xavier Seelos Parish,Archdiocese of Mobile,https://francisxseelos.org/,https://francisxseelos.org/events/confirmation-2027-class-adoration,sitemap
2,Blessed Francis Xavier Seelos Parish,Archdiocese of Mobile,https://francisxseelos.org/,https://francisxseelos.org/events/confirmation-2028-class-meeting,sitemap
2,Blessed Francis Xavier Seelos Parish,Archdiocese of Mobile,https://francisxseelos.org/,https://francisxseelos.org/events/confirmation-all-classes,sitemap
2,Blessed Francis Xavier Seelos Parish,Archdiocese of Mobile,https://francisxseelos.org/,https://francisxseelos.org/events/confirmation-all-classes-1,sitemap
2,Blessed Francis Xavier Seelos Parish,Archdiocese of Mobile,https://francisxseelos.org/,https://francisxseelos.org/events/confirmation-mass-2026,sitemap
2,Blessed Francis Xavier Seelos Parish,Archdiocese of Mobile,https://francisxseelos.org/,https://francisxseelos.org/events/confirmation-practice-10am,sitemap
2,Blessed Francis Xavier Seelos Parish,Archdiocese of Mobile,https://francisxseelos.org/,https://francisxseelos.org/events/confirmation-prayer-mass-2027-class,sitemap
2,Blessed Francis Xavier Seelos Parish,Archdiocese of Mobile,https://francisxseelos.org/,https://francisxseelos.org/events/dinner-a-movie-family-life,sitemap
2,Blessed Francis Xavier Seelos Parish,Archdiocese of Mobile,https://francisxseelos.org/,https://francisxseelos.org/events/easter-mass,sitemap
2,Blessed Francis Xavier Seelos Parish,Archdiocese of Mobile,https://francisxseelos.org/,https://francisxseelos.org/events/easter-mass-1,sitemap
2,Blessed Francis Xavier Seelos Parish,Archdiocese of Mobile,https://francisxseelos.org/,https://francisxseelos.org/events/easter-vigil,sitemap
2,Blessed Francis Xavier Seelos Parish,Archdiocese of Mobile,https://francisxseelos.org/,https://francisxseelos.org/events/epci-epic-jr,sitemap
2,Blessed Francis Xavier Seelos Parish,Archdiocese of Mobile,https://francisxseelos.org/,https://francisxseelos.org/events/epic-7th-8th-grade-3,sitemap
2,Blessed Francis Xavier Seelos Parish,Archdiocese of Mobile,https://francisxseelos.org/,https://francisxseelos.org/events/epic-7th-8th-grade-4,sitemap
2,Blessed Francis Xavier Seelos Parish,Archdiocese of Mobile,https://francisxseelos.org/,https://francisxseelos.org/events/epic-7th-8th-grade-water-wars,sitemap
2,Blessed Francis Xavier Seelos Parish,Archdiocese of Mobile,https://francisxseelos.org/,https://francisxseelos.org/events/epic-epic-jr,sitemap
2,Blessed Francis Xavier Seelos Parish,Archdiocese of Mobile,https://francisxseelos.org/,https://francisxseelos.org/events/epic-epic-jr-1,sitemap
2,Blessed Francis Xavier Seelos Parish,Archdiocese of Mobile,https://francisxseelos.org/,https://francisxseelos.org/events/epic-epic-jr-2,sitemap
2,Blessed Francis Xavier Seelos Parish,Archdiocese of Mobile,https://francisxseelos.org/,https://francisxseelos.org/events/epic-epic-jr-3,sitemap
2,Blessed Francis Xavier Seelos Parish,Archdiocese of Mobile,https://francisxseelos.org/,https://francisxseelos.org/events/epic-high-school,sitemap
2,Blessed Francis Xavier Seelos Parish,Archdiocese of Mobile,https://francisxseelos.org/,https://francisxseelos.org/events/epic-high-school-1,sitemap
2,Blessed Francis Xavier Seelos Parish,Archdiocese of Mobile,https://francisxseelos.org/,https://francisxseelos.org/events/epic-high-school-10,sitemap
2,Blessed Francis Xavier Seelos Parish,Archdiocese of Mobile,https://francisxseelos.org/,https://francisxseelos.org/events/epic-high-school-11,sitemap
2,Blessed Francis Xavier Seelos Parish,Archdiocese of Mobile,https://francisxseelos.org/,https://francisxseelos.org/events/epic-high-school-12,sitemap
2,Blessed Francis Xavier Seelos Parish,Archdiocese of Mobile,https://francisxseelos.org/,https://francisxseelos.org/events/epic-high-school-13,sitemap
2,Blessed Francis Xavier Seelos Parish,Archdiocese of Mobile,https://francisxseelos.org/,https://francisxseelos.org/events/epic-high-school-2,sitemap
2,Blessed Francis Xavier Seelos Parish,Archdiocese of Mobile,https://francisxseelos.org/,https://francisxseelos.org/events/epic-high-school-3,sitemap
2,Blessed Francis Xavier Seelos Parish,Archdiocese of Mobile,https://francisxseelos.org/,https://francisxseelos.org/events/epic-high-school-4,sitemap
2,Blessed Francis Xavier Seelos Parish,Archdiocese of Mobile,https://francisxseelos.org/,https://francisxseelos.org/events/epic-high-school-5,sitemap
2,Blessed Francis Xavier Seelos Parish,Archdiocese of Mobile,https://francisxseelos.org/,https://francisxseelos.org/events/epic-high-school-6,sitemap
2,Blessed Francis Xavier Seelos Parish,Archdiocese of Mobile,https://francisxseelos.org/,https://francisxseelos.org/events/epic-high-school-7,sitemap
2,Blessed Francis Xavier Seelos Parish,Archdiocese of Mobile,https://francisxseelos.org/,https://francisxseelos.org/events/epic-high-school-8,sitemap
2,Blessed Francis Xavier Seelos Parish,Archdiocese of Mobile,https://francisxseelos.org/,https://francisxseelos.org/events/epic-high-school-9,sitemap
2,Blessed Francis Xavier Seelos Parish,Archdiocese of Mobile,https://francisxseelos.org/,https://francisxseelos.org/events/epic-high-school-movie-night,sitemap
2,Blessed Francis Xavier Seelos Parish,Archdiocese of Mobile,https://francisxseelos.org/,https://francisxseelos.org/events/epic-high-school-offsite-project,sitemap
2,Blessed Francis Xavier Seelos Parish,Archdiocese of Mobile,https://francisxseelos.org/,https://francisxseelos.org/events/epic-high-school-outting,sitemap
2,Blessed Francis Xavier Seelos Parish,Archdiocese of Mobile,https://francisxseelos.org/,https://francisxseelos.org/events/epic-high-school-service-night-at-prodisee,sitemap
2,Blessed Francis Xavier Seelos Parish,Archdiocese of Mobile,https://francisxseelos.org/,https://francisxseelos.org/events/epic-high-school-tubing,sitemap
2,Blessed Francis Xavier Seelos Parish,Archdiocese of Mobile,https://francisxseelos.org/,https://francisxseelos.org/events/epic-jr,sitemap
2,Blessed Francis Xavier Seelos Parish,Archdiocese of Mobile,https://francisxseelos.org/,https://francisxseelos.org/events/epic-jr-1,sitemap
2,Blessed Francis Xavier Seelos Parish,Archdiocese of Mobile,https://francisxseelos.org/,https://francisxseelos.org/events/epic-jr-2,sitemap
2,Blessed Francis Xavier Seelos Parish,Archdiocese of Mobile,https://francisxseelos.org/,https://francisxseelos.org/events/epic-jr-3,sitemap
2,Blessed Francis Xavier Seelos Parish,Archdiocese of Mobile,https://francisxseelos.org/,https://francisxseelos.org/events/epic-jr-4,sitemap
2,Blessed Francis Xavier Seelos Parish,Archdiocese of Mobile,https://francisxseelos.org/,https://francisxseelos.org/events/epic-jr-5,sitemap
2,Blessed Francis Xavier Seelos Parish,Archdiocese of Mobile,https://francisxseelos.org/,https://francisxseelos.org/events/epic-jr-7th-8th-grade-youth-group,sitemap
2,Blessed Francis Xavier Seelos Parish,Archdiocese of Mobile,https://francisxseelos.org/,https://francisxseelos.org/events/epic-jr-7th-8th-grade-youth-group-1,sitemap
2,Blessed Francis Xavier Seelos Parish,Archdiocese of Mobile,https://francisxseelos.org/,https://francisxseelos.org/events/epic-jr-7th-8th-grade-youth-group-10,sitemap
2,Blessed Francis Xavier Seelos Parish,Archdiocese of Mobile,https://francisxseelos.org/,https://francisxseelos.org/events/epic-jr-7th-8th-grade-youth-group-11,sitemap
2,Blessed Francis Xavier Seelos Parish,Archdiocese of Mobile,https://francisxseelos.org/,https://francisxseelos.org/events/epic-jr-7th-8th-grade-youth-group-12,sitemap
2,Blessed Francis Xavier Seelos Parish,Archdiocese of Mobile,https://francisxseelos.org/,https://francisxseelos.org/events/epic-jr-7th-8th-grade-youth-group-2,sitemap
2,Blessed Francis Xavier Seelos Parish,Archdiocese of Mobile,https://francisxseelos.org/,https://francisxseelos.org/events/epic-jr-7th-8th-grade-youth-group-3,sitemap
2,Blessed Francis Xavier Seelos Parish,Archdiocese of Mobile,https://francisxseelos.org/,https://francisxseelos.org/events/epic-jr-7th-8th-grade-youth-group-4,sitemap
2,Blessed Francis Xavier Seelos Parish,Archdiocese of Mobile,https://francisxseelos.org/,https://francisxseelos.org/events/epic-jr-7th-8th-grade-youth-group-5,sitemap
2,Blessed Francis Xavier Seelos Parish,Archdiocese of Mobile,https://francisxseelos.org/,https://francisxseelos.org/events/epic-jr-7th-8th-grade-youth-group-6,sitemap
2,Blessed Francis Xavier Seelos Parish,Archdiocese of Mobile,https://francisxseelos.org/,https://francisxseelos.org/events/epic-jr-7th-8th-grade-youth-group-7,sitemap
2,Blessed Francis Xavier Seelos Parish,Archdiocese of Mobile,https://francisxseelos.org/,https://francisxseelos.org/events/epic-jr-7th-8th-grade-youth-group-8,sitemap
2,Blessed Francis Xavier Seelos Parish,Archdiocese of Mobile,https://francisxseelos.org/,https://francisxseelos.org/events/epic-jr-7th-8th-grade-youth-group-9,sitemap
2,Blessed Francis Xavier Seelos Parish,Archdiocese of Mobile,https://francisxseelos.org/,https://francisxseelos.org/events/epic-jr-blakely-state-park-overnight,sitemap
2,Blessed Francis Xavier Seelos Parish,Archdiocese of Mobile,https://francisxseelos.org/,https://francisxseelos.org/events/epic-jr-blakely-state-park-overnight-1,sitemap
2,Blessed Francis Xavier Seelos Parish,Archdiocese of Mobile,https://francisxseelos.org/,https://francisxseelos.org/events/epic-youth-groups-water-wars,sitemap
2,Blessed Francis Xavier Seelos Parish,Archdiocese of Mobile,https://francisxseelos.org/,https://francisxseelos.org/events/epiphany-party-1,sitemap
2,Blessed Francis Xavier Seelos Parish,Archdiocese of Mobile,https://francisxseelos.org/,https://francisxseelos.org/events/epiphany-party-2,sitemap
2,Blessed Francis Xavier Seelos Parish,Archdiocese of Mobile,https://francisxseelos.org/,https://francisxseelos.org/events/faith-of-nations-pot-luck,sitemap
2,Blessed Francis Xavier Seelos Parish,Archdiocese of Mobile,https://francisxseelos.org/,https://francisxseelos.org/events/faith-of-nations-pot-luck-1,sitemap
2,Blessed Francis Xavier Seelos Parish,Archdiocese of Mobile,https://francisxseelos.org/,https://francisxseelos.org/events/families-with-disabilities-css,sitemap
2,Blessed Francis Xavier Seelos Parish,Archdiocese of Mobile,https://francisxseelos.org/,https://francisxseelos.org/events/families-with-disabilities-css-1,sitemap
2,Blessed Francis Xavier Seelos Parish,Archdiocese of Mobile,https://francisxseelos.org/,https://francisxseelos.org/events/family-life-planning-meeting,sitemap
2,Blessed Francis Xavier Seelos Parish,Archdiocese of Mobile,https://francisxseelos.org/,https://francisxseelos.org/events/football-watch-party,sitemap
2,Blessed Francis Xavier Seelos Parish,Archdiocese of Mobile,https://francisxseelos.org/,https://francisxseelos.org/events/francis-fest,sitemap
2,Blessed Francis Xavier Seelos Parish,Archdiocese of Mobile,https://francisxseelos.org/,https://francisxseelos.org/events/francis-fest-1,sitemap
2,Blessed Francis Xavier Seelos Parish,Archdiocese of Mobile,https://francisxseelos.org/,https://francisxseelos.org/events/francis-fest-2,sitemap
2,Blessed Francis Xavier Seelos Parish,Archdiocese of Mobile,https://francisxseelos.org/,https://francisxseelos.org/events/good-friday-1,sitemap
2,Blessed Francis Xavier Seelos Parish,Archdiocese of Mobile,https://francisxseelos.org/,https://francisxseelos.org/events/high-school-mission-trip,sitemap
2,Blessed Francis Xavier Seelos Parish,Archdiocese of Mobile,https://francisxseelos.org/,https://francisxseelos.org/events/holy-thursday-mass,sitemap
2,Blessed Francis Xavier Seelos Parish,Archdiocese of Mobile,https://francisxseelos.org/,https://francisxseelos.org/events/holy-thursday-mass-1,sitemap
2,Blessed Francis Xavier Seelos Parish,Archdiocese of Mobile,https://francisxseelos.org/,https://francisxseelos.org/events/lenten-book-study,sitemap
2,Blessed Francis Xavier Seelos Parish,Archdiocese of Mobile,https://francisxseelos.org/,https://francisxseelos.org/events/lenten-book-study-1,sitemap
2,Blessed Francis Xavier Seelos Parish,Archdiocese of Mobile,https://francisxseelos.org/,https://francisxseelos.org/events/lenten-book-study-2,sitemap
2,Blessed Francis Xavier Seelos Parish,Archdiocese of Mobile,https://francisxseelos.org/,https://francisxseelos.org/events/lenten-book-study-3,sitemap
2,Blessed Francis Xavier Seelos Parish,Archdiocese of Mobile,https://francisxseelos.org/,https://francisxseelos.org/events/lenten-book-study-4,sitemap
2,Blessed Francis Xavier Seelos Parish,Archdiocese of Mobile,https://francisxseelos.org/,https://francisxseelos.org/events/lenten-book-study-5,sitemap
2,Blessed Francis Xavier Seelos Parish,Archdiocese of Mobile,https://francisxseelos.org/,https://francisxseelos.org/events/lenten-book-study-pick-up-book-and-study-guide,sitemap
2,Blessed Francis Xavier Seelos Parish,Archdiocese of Mobile,https://francisxseelos.org/,https://francisxseelos.org/events/marc4-life-dc,sitemap
2,Blessed Francis Xavier Seelos Parish,Archdiocese of Mobile,https://francisxseelos.org/,https://francisxseelos.org/events/march-4-life-dc,sitemap
2,Blessed Francis Xavier Seelos Parish,Archdiocese of Mobile,https://francisxseelos.org/,https://francisxseelos.org/events/march-4-life-dc-1,sitemap
2,Blessed Francis Xavier Seelos Parish,Archdiocese of Mobile,https://francisxseelos.org/,https://francisxseelos.org/events/march-4-life-dc-2,sitemap
2,Blessed Francis Xavier Seelos Parish,Archdiocese of Mobile,https://francisxseelos.org/,https://francisxseelos.org/events/march-4-life-dc-3,sitemap
2,Blessed Francis Xavier Seelos Parish,Archdiocese of Mobile,https://francisxseelos.org/,https://francisxseelos.org/events/men-of-st-joseph,sitemap
2,Blessed Francis Xavier Seelos Parish,Archdiocese of Mobile,https://francisxseelos.org/,https://francisxseelos.org/events/middle-school-blakely-overnight,sitemap
2,Blessed Francis Xavier Seelos Parish,Archdiocese of Mobile,https://francisxseelos.org/,https://francisxseelos.org/events/middle-school-youth-group-1,sitemap
2,Blessed Francis Xavier Seelos Parish,Archdiocese of Mobile,https://francisxseelos.org/,https://francisxseelos.org/events/middle-school-youth-group-2,sitemap
2,Blessed Francis Xavier Seelos Parish,Archdiocese of Mobile,https://francisxseelos.org/,https://francisxseelos.org/events/middle-school-youth-group-3,sitemap
2,Blessed Francis Xavier Seelos Parish,Archdiocese of Mobile,https://francisxseelos.org/,https://francisxseelos.org/events/middle-school-youth-group-4,sitemap
2,Blessed Francis Xavier Seelos Parish,Archdiocese of Mobile,https://francisxseelos.org/,https://francisxseelos.org/events/middle-school-youth-group-5,sitemap
2,Blessed Francis Xavier Seelos Parish,Archdiocese of Mobile,https://francisxseelos.org/,https://francisxseelos.org/events/ministry-fair,sitemap
2,Blessed Francis Xavier Seelos Parish,Archdiocese of Mobile,https://francisxseelos.org/,https://francisxseelos.org/events/national-day-of-prayer-rosary-after-mass,sitemap
2,Blessed Francis Xavier Seelos Parish,Archdiocese of Mobile,https://francisxseelos.org/,https://francisxseelos.org/events/new-confirmation-parent-meeting,sitemap
2,Blessed Francis Xavier Seelos Parish,Archdiocese of Mobile,https://francisxseelos.org/,https://francisxseelos.org/events/new-confirmation-student-parent-meeting,sitemap
2,Blessed Francis Xavier Seelos Parish,Archdiocese of Mobile,https://francisxseelos.org/,https://francisxseelos.org/events/no-sunday-school,sitemap
2,Blessed Francis Xavier Seelos Parish,Archdiocese of Mobile,https://francisxseelos.org/,https://francisxseelos.org/events/no-sunday-school-1,sitemap
2,Blessed Francis Xavier Seelos Parish,Archdiocese of Mobile,https://francisxseelos.org/,https://francisxseelos.org/events/no-sunday-school-10,sitemap
2,Blessed Francis Xavier Seelos Parish,Archdiocese of Mobile,https://francisxseelos.org/,https://francisxseelos.org/events/no-sunday-school-11,sitemap
2,Blessed Francis Xavier Seelos Parish,Archdiocese of Mobile,https://francisxseelos.org/,https://francisxseelos.org/events/no-sunday-school-12,sitemap
2,Blessed Francis Xavier Seelos Parish,Archdiocese of Mobile,https://francisxseelos.org/,https://francisxseelos.org/events/no-sunday-school-13,sitemap
2,Blessed Francis Xavier Seelos Parish,Archdiocese of Mobile,https://francisxseelos.org/,https://francisxseelos.org/events/no-sunday-school-14,sitemap
2,Blessed Francis Xavier Seelos Parish,Archdiocese of Mobile,https://francisxseelos.org/,https://francisxseelos.org/events/no-sunday-school-15,sitemap
2,Blessed Francis Xavier Seelos Parish,Archdiocese of Mobile,https://francisxseelos.org/,https://francisxseelos.org/events/no-sunday-school-16,sitemap
2,Blessed Francis Xavier Seelos Parish,Archdiocese of Mobile,https://francisxseelos.org/,https://francisxseelos.org/events/no-sunday-school-17,sitemap
2,Blessed Francis Xavier Seelos Parish,Archdiocese of Mobile,https://francisxseelos.org/,https://francisxseelos.org/events/no-sunday-school-18,sitemap
2,Blessed Francis Xavier Seelos Parish,Archdiocese of Mobile,https://francisxseelos.org/,https://francisxseelos.org/events/no-sunday-school-19,sitemap
2,Blessed Francis Xavier Seelos Parish,Archdiocese of Mobile,https://francisxseelos.org/,https://francisxseelos.org/events/no-sunday-school-2,sitemap
2,Blessed Francis Xavier Seelos Parish,Archdiocese of Mobile,https://francisxseelos.org/,https://francisxseelos.org/events/no-sunday-school-20,sitemap
2,Blessed Francis Xavier Seelos Parish,Archdiocese of Mobile,https://francisxseelos.org/,https://francisxseelos.org/events/no-sunday-school-21,sitemap
2,Blessed Francis Xavier Seelos Parish,Archdiocese of Mobile,https://francisxseelos.org/,https://francisxseelos.org/events/no-sunday-school-22,sitemap
2,Blessed Francis Xavier Seelos Parish,Archdiocese of Mobile,https://francisxseelos.org/,https://francisxseelos.org/events/no-sunday-school-23,sitemap
2,Blessed Francis Xavier Seelos Parish,Archdiocese of Mobile,https://francisxseelos.org/,https://francisxseelos.org/events/no-sunday-school-24,sitemap
2,Blessed Francis Xavier Seelos Parish,Archdiocese of Mobile,https://francisxseelos.org/,https://francisxseelos.org/events/no-sunday-school-25,sitemap
2,Blessed Francis Xavier Seelos Parish,Archdiocese of Mobile,https://francisxseelos.org/,https://francisxseelos.org/events/no-sunday-school-26,sitemap
2,Blessed Francis Xavier Seelos Parish,Archdiocese of Mobile,https://francisxseelos.org/,https://francisxseelos.org/events/no-sunday-school-4,sitemap
2,Blessed Francis Xavier Seelos Parish,Archdiocese of Mobile,https://francisxseelos.org/,https://francisxseelos.org/events/no-sunday-school-5,sitemap
2,Blessed Francis Xavier Seelos Parish,Archdiocese of Mobile,https://francisxseelos.org/,https://francisxseelos.org/events/no-sunday-school-6,sitemap
2,Blessed Francis Xavier Seelos Parish,Archdiocese of Mobile,https://francisxseelos.org/,https://francisxseelos.org/events/no-sunday-school-7,sitemap
2,Blessed Francis Xavier Seelos Parish,Archdiocese of Mobile,https://francisxseelos.org/,https://francisxseelos.org/events/no-sunday-school-8,sitemap
2,Blessed Francis Xavier Seelos Parish,Archdiocese of Mobile,https://francisxseelos.org/,https://francisxseelos.org/events/no-sunday-school-9,sitemap
2,Blessed Francis Xavier Seelos Parish,Archdiocese of Mobile,https://francisxseelos.org/,https://francisxseelos.org/events/ocia-order-of-christian-initiation,sitemap
2,Blessed Francis Xavier Seelos Parish,Archdiocese of Mobile,https://francisxseelos.org/,https://francisxseelos.org/events/ocia-order-of-christian-initiation/20260923,homepage_link
2,Blessed Francis Xavier Seelos Parish,Archdiocese of Mobile,https://francisxseelos.org/,https://francisxseelos.org/events/ocia-rcia,sitemap
2,Blessed Francis Xavier Seelos Parish,Archdiocese of Mobile,https://francisxseelos.org/,https://francisxseelos.org/events/pancake-bfast-by-seniors-group,sitemap
2,Blessed Francis Xavier Seelos Parish,Archdiocese of Mobile,https://francisxseelos.org/,https://francisxseelos.org/events/parent-1st-reconciliation-meeting,sitemap
2,Blessed Francis Xavier Seelos Parish,Archdiocese of Mobile,https://francisxseelos.org/,https://francisxseelos.org/events/parish-mission,sitemap
2,Blessed Francis Xavier Seelos Parish,Archdiocese of Mobile,https://francisxseelos.org/,https://francisxseelos.org/events/parish-mission-1,sitemap
2,Blessed Francis Xavier Seelos Parish,Archdiocese of Mobile,https://francisxseelos.org/,https://francisxseelos.org/events/parish-mission-2,sitemap
2,Blessed Francis Xavier Seelos Parish,Archdiocese of Mobile,https://francisxseelos.org/,https://francisxseelos.org/events/parish-picnic,sitemap
2,Blessed Francis Xavier Seelos Parish,Archdiocese of Mobile,https://francisxseelos.org/,https://francisxseelos.org/events/parish-picnic-1,sitemap
2,Blessed Francis Xavier Seelos Parish,Archdiocese of Mobile,https://francisxseelos.org/,https://francisxseelos.org/events/parish-picnic-2,sitemap
2,Blessed Francis Xavier Seelos Parish,Archdiocese of Mobile,https://francisxseelos.org/,https://francisxseelos.org/events/photos-for-directory,sitemap
2,Blessed Francis Xavier Seelos Parish,Archdiocese of Mobile,https://francisxseelos.org/,https://francisxseelos.org/events/photos-for-directory-1,sitemap
2,Blessed Francis Xavier Seelos Parish,Archdiocese of Mobile,https://francisxseelos.org/,https://francisxseelos.org/events/photos-for-directory-2,sitemap
2,Blessed Francis Xavier Seelos Parish,Archdiocese of Mobile,https://francisxseelos.org/,https://francisxseelos.org/events/photos-for-directory-3,sitemap
2,Blessed Francis Xavier Seelos Parish,Archdiocese of Mobile,https://francisxseelos.org/,https://francisxseelos.org/events/photos-for-directory-4,sitemap
2,Blessed Francis Xavier Seelos Parish,Archdiocese of Mobile,https://francisxseelos.org/,https://francisxseelos.org/events/photos-for-directory-5,sitemap
2,Blessed Francis Xavier Seelos Parish,Archdiocese of Mobile,https://francisxseelos.org/,https://francisxseelos.org/events/respect-for-life-rosary,sitemap
2,Blessed Francis Xavier Seelos Parish,Archdiocese of Mobile,https://francisxseelos.org/,https://francisxseelos.org/events/respect-for-life-tea,sitemap
2,Blessed Francis Xavier Seelos Parish,Archdiocese of Mobile,https://francisxseelos.org/,https://francisxseelos.org/events/rite-of-sending,sitemap
2,Blessed Francis Xavier Seelos Parish,Archdiocese of Mobile,https://francisxseelos.org/,https://francisxseelos.org/events/safety-meeting-catechist-greeters-and-ushers,sitemap
2,Blessed Francis Xavier Seelos Parish,Archdiocese of Mobile,https://francisxseelos.org/,https://francisxseelos.org/events/safety-meeting-catechist-greeters-and-ushers-1,sitemap
2,Blessed Francis Xavier Seelos Parish,Archdiocese of Mobile,https://francisxseelos.org/,https://francisxseelos.org/events/seniors-55-group-new-years-potluck,sitemap
2,Blessed Francis Xavier Seelos Parish,Archdiocese of Mobile,https://francisxseelos.org/,https://francisxseelos.org/events/seniors-group-meeting-at-westminster,sitemap
2,Blessed Francis Xavier Seelos Parish,Archdiocese of Mobile,https://francisxseelos.org/,https://francisxseelos.org/events/seniors-group-painting-class,sitemap
2,Blessed Francis Xavier Seelos Parish,Archdiocese of Mobile,https://francisxseelos.org/,https://francisxseelos.org/events/seniors-group-planning-meeting,sitemap
2,Blessed Francis Xavier Seelos Parish,Archdiocese of Mobile,https://francisxseelos.org/,https://francisxseelos.org/events/seniors-luncheon-at-iveys,sitemap
2,Blessed Francis Xavier Seelos Parish,Archdiocese of Mobile,https://francisxseelos.org/,https://francisxseelos.org/events/service-at-the-prodisee-pantry,sitemap
2,Blessed Francis Xavier Seelos Parish,Archdiocese of Mobile,https://francisxseelos.org/,https://francisxseelos.org/events/solemnity-of-the-blessed-virgin-mary,sitemap
2,Blessed Francis Xavier Seelos Parish,Archdiocese of Mobile,https://francisxseelos.org/,https://francisxseelos.org/events/solemnity-of-the-blessed-virgin-mary-1,sitemap
2,Blessed Francis Xavier Seelos Parish,Archdiocese of Mobile,https://francisxseelos.org/,https://francisxseelos.org/events/solemnity-of-the-blessed-virgin-mary-vigil,sitemap
2,Blessed Francis Xavier Seelos Parish,Archdiocese of Mobile,https://francisxseelos.org/,https://francisxseelos.org/events/solemnity-of-the-blessed-virgin-mary-vigil-1,sitemap
2,Blessed Francis Xavier Seelos Parish,Archdiocese of Mobile,https://francisxseelos.org/,https://francisxseelos.org/events/soup-supper,sitemap
2,Blessed Francis Xavier Seelos Parish,Archdiocese of Mobile,https://francisxseelos.org/,https://francisxseelos.org/events/soup-supper-1,sitemap
2,Blessed Francis Xavier Seelos Parish,Archdiocese of Mobile,https://francisxseelos.org/,https://francisxseelos.org/events/soup-supper-2,sitemap
2,Blessed Francis Xavier Seelos Parish,Archdiocese of Mobile,https://francisxseelos.org/,https://francisxseelos.org/events/soup-supper-3,sitemap
2,Blessed Francis Xavier Seelos Parish,Archdiocese of Mobile,https://francisxseelos.org/,https://francisxseelos.org/events/soup-supper-4,sitemap
2,Blessed Francis Xavier Seelos Parish,Archdiocese of Mobile,https://francisxseelos.org/,https://francisxseelos.org/events/soup-supper-5,sitemap
2,Blessed Francis Xavier Seelos Parish,Archdiocese of Mobile,https://francisxseelos.org/,https://francisxseelos.org/events/soup-supper-6,sitemap
2,Blessed Francis Xavier Seelos Parish,Archdiocese of Mobile,https://francisxseelos.org/,https://francisxseelos.org/events/stations-of-the-cross-soup-supper,sitemap
2,Blessed Francis Xavier Seelos Parish,Archdiocese of Mobile,https://francisxseelos.org/,https://francisxseelos.org/events/stations-of-the-cross-soup-supper-1,sitemap
2,Blessed Francis Xavier Seelos Parish,Archdiocese of Mobile,https://francisxseelos.org/,https://francisxseelos.org/events/stations-of-the-cross-soup-supper-2,sitemap
2,Blessed Francis Xavier Seelos Parish,Archdiocese of Mobile,https://francisxseelos.org/,https://francisxseelos.org/events/stations-of-the-cross-soup-supper-3,sitemap
2,Blessed Francis Xavier Seelos Parish,Archdiocese of Mobile,https://francisxseelos.org/,https://francisxseelos.org/events/stations-of-the-cross-soup-supper-4,sitemap
2,Blessed Francis Xavier Seelos Parish,Archdiocese of Mobile,https://francisxseelos.org/,https://francisxseelos.org/events/stations-of-the-cross-soup-supper-5,sitemap
2,Blessed Francis Xavier Seelos Parish,Archdiocese of Mobile,https://francisxseelos.org/,https://francisxseelos.org/events/sunday-school,sitemap
2,Blessed Francis Xavier Seelos Parish,Archdiocese of Mobile,https://francisxseelos.org/,https://francisxseelos.org/events/sunday-school-1,sitemap
2,Blessed Francis Xavier Seelos Parish,Archdiocese of Mobile,https://francisxseelos.org/,https://francisxseelos.org/events/sunday-school-10,sitemap
2,Blessed Francis Xavier Seelos Parish,Archdiocese of Mobile,https://francisxseelos.org/,https://francisxseelos.org/events/sunday-school-10-17,sitemap
2,Blessed Francis Xavier Seelos Parish,Archdiocese of Mobile,https://francisxseelos.org/,https://francisxseelos.org/events/sunday-school-10-18,sitemap
2,Blessed Francis Xavier Seelos Parish,Archdiocese of Mobile,https://francisxseelos.org/,https://francisxseelos.org/events/sunday-school-10-19,sitemap
2,Blessed Francis Xavier Seelos Parish,Archdiocese of Mobile,https://francisxseelos.org/,https://francisxseelos.org/events/sunday-school-10-20,sitemap
2,Blessed Francis Xavier Seelos Parish,Archdiocese of Mobile,https://francisxseelos.org/,https://francisxseelos.org/events/sunday-school-10-21,sitemap
2,Blessed Francis Xavier Seelos Parish,Archdiocese of Mobile,https://francisxseelos.org/,https://francisxseelos.org/events/sunday-school-10-22,sitemap
2,Blessed Francis Xavier Seelos Parish,Archdiocese of Mobile,https://francisxseelos.org/,https://francisxseelos.org/events/sunday-school-10-23,sitemap
2,Blessed Francis Xavier Seelos Parish,Archdiocese of Mobile,https://francisxseelos.org/,https://francisxseelos.org/events/sunday-school-10-24,sitemap
2,Blessed Francis Xavier Seelos Parish,Archdiocese of Mobile,https://francisxseelos.org/,https://francisxseelos.org/events/sunday-school-10-25,sitemap
2,Blessed Francis Xavier Seelos Parish,Archdiocese of Mobile,https://francisxseelos.org/,https://francisxseelos.org/events/sunday-school-10-26,sitemap
2,Blessed Francis Xavier Seelos Parish,Archdiocese of Mobile,https://francisxseelos.org/,https://francisxseelos.org/events/sunday-school-11,sitemap
2,Blessed Francis Xavier Seelos Parish,Archdiocese of Mobile,https://francisxseelos.org/,https://francisxseelos.org/events/sunday-school-12,sitemap
2,Blessed Francis Xavier Seelos Parish,Archdiocese of Mobile,https://francisxseelos.org/,https://francisxseelos.org/events/sunday-school-13,sitemap
2,Blessed Francis Xavier Seelos Parish,Archdiocese of Mobile,https://francisxseelos.org/,https://francisxseelos.org/events/sunday-school-14,sitemap
2,Blessed Francis Xavier Seelos Parish,Archdiocese of Mobile,https://francisxseelos.org/,https://francisxseelos.org/events/sunday-school-15,sitemap
2,Blessed Francis Xavier Seelos Parish,Archdiocese of Mobile,https://francisxseelos.org/,https://francisxseelos.org/events/sunday-school-16,sitemap
2,Blessed Francis Xavier Seelos Parish,Archdiocese of Mobile,https://francisxseelos.org/,https://francisxseelos.org/events/sunday-school-17,sitemap
2,Blessed Francis Xavier Seelos Parish,Archdiocese of Mobile,https://francisxseelos.org/,https://francisxseelos.org/events/sunday-school-18,sitemap
2,Blessed Francis Xavier Seelos Parish,Archdiocese of Mobile,https://francisxseelos.org/,https://francisxseelos.org/events/sunday-school-19,sitemap
2,Blessed Francis Xavier Seelos Parish,Archdiocese of Mobile,https://francisxseelos.org/,https://francisxseelos.org/events/sunday-school-1st-class,sitemap
2,Blessed Francis Xavier Seelos Parish,Archdiocese of Mobile,https://francisxseelos.org/,https://francisxseelos.org/events/sunday-school-1st-communion-last-class,sitemap
2,Blessed Francis Xavier Seelos Parish,Archdiocese of Mobile,https://francisxseelos.org/,https://francisxseelos.org/events/sunday-school-1st-communion-parent-meeting,sitemap
2,Blessed Francis Xavier Seelos Parish,Archdiocese of Mobile,https://francisxseelos.org/,https://francisxseelos.org/events/sunday-school-1st-reconciliation-parent-meeting,sitemap
2,Blessed Francis Xavier Seelos Parish,Archdiocese of Mobile,https://francisxseelos.org/,https://francisxseelos.org/events/sunday-school-1st-reconciliations,sitemap
2,Blessed Francis Xavier Seelos Parish,Archdiocese of Mobile,https://francisxseelos.org/,https://francisxseelos.org/events/sunday-school-2,sitemap
2,Blessed Francis Xavier Seelos Parish,Archdiocese of Mobile,https://francisxseelos.org/,https://francisxseelos.org/events/sunday-school-20,sitemap
2,Blessed Francis Xavier Seelos Parish,Archdiocese of Mobile,https://francisxseelos.org/,https://francisxseelos.org/events/sunday-school-21,sitemap
2,Blessed Francis Xavier Seelos Parish,Archdiocese of Mobile,https://francisxseelos.org/,https://francisxseelos.org/events/sunday-school-22,"homepage_link, sitemap"
2,Blessed Francis Xavier Seelos Parish,Archdiocese of Mobile,https://francisxseelos.org/,https://francisxseelos.org/events/sunday-school-23,sitemap
2,Blessed Francis Xavier Seelos Parish,Archdiocese of Mobile,https://francisxseelos.org/,https://francisxseelos.org/events/sunday-school-24,sitemap
2,Blessed Francis Xavier Seelos Parish,Archdiocese of Mobile,https://francisxseelos.org/,https://francisxseelos.org/events/sunday-school-25,sitemap
2,Blessed Francis Xavier Seelos Parish,Archdiocese of Mobile,https://francisxseelos.org/,https://francisxseelos.org/events/sunday-school-26,sitemap
2,Blessed Francis Xavier Seelos Parish,Archdiocese of Mobile,https://francisxseelos.org/,https://francisxseelos.org/events/sunday-school-27,sitemap
2,Blessed Francis Xavier Seelos Parish,Archdiocese of Mobile,https://francisxseelos.org/,https://francisxseelos.org/events/sunday-school-28,sitemap
2,Blessed Francis Xavier Seelos Parish,Archdiocese of Mobile,https://francisxseelos.org/,https://francisxseelos.org/events/sunday-school-29,sitemap
2,Blessed Francis Xavier Seelos Parish,Archdiocese of Mobile,https://francisxseelos.org/,https://francisxseelos.org/events/sunday-school-3,sitemap
2,Blessed Francis Xavier Seelos Parish,Archdiocese of Mobile,https://francisxseelos.org/,https://francisxseelos.org/events/sunday-school-30,sitemap
2,Blessed Francis Xavier Seelos Parish,Archdiocese of Mobile,https://francisxseelos.org/,https://francisxseelos.org/events/sunday-school-31,sitemap
2,Blessed Francis Xavier Seelos Parish,Archdiocese of Mobile,https://francisxseelos.org/,https://francisxseelos.org/events/sunday-school-32,sitemap
2,Blessed Francis Xavier Seelos Parish,Archdiocese of Mobile,https://francisxseelos.org/,https://francisxseelos.org/events/sunday-school-33,sitemap
2,Blessed Francis Xavier Seelos Parish,Archdiocese of Mobile,https://francisxseelos.org/,https://francisxseelos.org/events/sunday-school-34,sitemap
2,Blessed Francis Xavier Seelos Parish,Archdiocese of Mobile,https://francisxseelos.org/,https://francisxseelos.org/events/sunday-school-35,sitemap
2,Blessed Francis Xavier Seelos Parish,Archdiocese of Mobile,https://francisxseelos.org/,https://francisxseelos.org/events/sunday-school-36,sitemap
2,Blessed Francis Xavier Seelos Parish,Archdiocese of Mobile,https://francisxseelos.org/,https://francisxseelos.org/events/sunday-school-37,sitemap
2,Blessed Francis Xavier Seelos Parish,Archdiocese of Mobile,https://francisxseelos.org/,https://francisxseelos.org/events/sunday-school-4,sitemap
2,Blessed Francis Xavier Seelos Parish,Archdiocese of Mobile,https://francisxseelos.org/,https://francisxseelos.org/events/sunday-school-5,sitemap
2,Blessed Francis Xavier Seelos Parish,Archdiocese of Mobile,https://francisxseelos.org/,https://francisxseelos.org/events/sunday-school-6,sitemap
2,Blessed Francis Xavier Seelos Parish,Archdiocese of Mobile,https://francisxseelos.org/,https://francisxseelos.org/events/sunday-school-7,sitemap
2,Blessed Francis Xavier Seelos Parish,Archdiocese of Mobile,https://francisxseelos.org/,https://francisxseelos.org/events/sunday-school-8,sitemap
2,Blessed Francis Xavier Seelos Parish,Archdiocese of Mobile,https://francisxseelos.org/,https://francisxseelos.org/events/sunday-school-9,sitemap
2,Blessed Francis Xavier Seelos Parish,Archdiocese of Mobile,https://francisxseelos.org/,https://francisxseelos.org/events/sunday-school-all-parent-meeting,sitemap
2,Blessed Francis Xavier Seelos Parish,Archdiocese of Mobile,https://francisxseelos.org/,https://francisxseelos.org/events/sunday-school-last-class,sitemap
2,Blessed Francis Xavier Seelos Parish,Archdiocese of Mobile,https://francisxseelos.org/,https://francisxseelos.org/events/sunday-school-new-confirmation-student-parent-meeting,sitemap
2,Blessed Francis Xavier Seelos Parish,Archdiocese of Mobile,https://francisxseelos.org/,https://francisxseelos.org/events/sunday-school-reconciliations,sitemap
2,Blessed Francis Xavier Seelos Parish,Archdiocese of Mobile,https://francisxseelos.org/,https://francisxseelos.org/events/sunday-school-reconciliations-1,sitemap
2,Blessed Francis Xavier Seelos Parish,Archdiocese of Mobile,https://francisxseelos.org/,https://francisxseelos.org/events/sunday-school-stations-of-the-cross-by-high-school-students,sitemap
2,Blessed Francis Xavier Seelos Parish,Archdiocese of Mobile,https://francisxseelos.org/,https://francisxseelos.org/events/sunday-school-w-1st-reconciliations,sitemap
2,Blessed Francis Xavier Seelos Parish,Archdiocese of Mobile,https://francisxseelos.org/,https://francisxseelos.org/events/sunday-school-w-reconciliations,sitemap
2,Blessed Francis Xavier Seelos Parish,Archdiocese of Mobile,https://francisxseelos.org/,https://francisxseelos.org/events/sunday-school-w-reconciliations-1,sitemap
2,Blessed Francis Xavier Seelos Parish,Archdiocese of Mobile,https://francisxseelos.org/,https://francisxseelos.org/events/sunday-school-w-reconciliations-2,sitemap
2,Blessed Francis Xavier Seelos Parish,Archdiocese of Mobile,https://francisxseelos.org/,https://francisxseelos.org/events/sunday-school-w-stations,sitemap
2,Blessed Francis Xavier Seelos Parish,Archdiocese of Mobile,https://francisxseelos.org/,https://francisxseelos.org/events/teen-mission-trip,sitemap
2,Blessed Francis Xavier Seelos Parish,Archdiocese of Mobile,https://francisxseelos.org/,https://francisxseelos.org/events/tmiy-this-man-is-you,sitemap
2,Blessed Francis Xavier Seelos Parish,Archdiocese of Mobile,https://francisxseelos.org/,https://francisxseelos.org/events/tmiy-this-man-is-you/20260924,homepage_link
2,Blessed Francis Xavier Seelos Parish,Archdiocese of Mobile,https://francisxseelos.org/,https://francisxseelos.org/events/trunk-or-treat-1,sitemap
2,Blessed Francis Xavier Seelos Parish,Archdiocese of Mobile,https://francisxseelos.org/,https://francisxseelos.org/events/trunk-or-treat-2,sitemap
2,Blessed Francis Xavier Seelos Parish,Archdiocese of Mobile,https://francisxseelos.org/,https://francisxseelos.org/events/vacation-bible-school,sitemap
2,Blessed Francis Xavier Seelos Parish,Archdiocese of Mobile,https://francisxseelos.org/,https://francisxseelos.org/events/vacation-bible-school-1,sitemap
2,Blessed Francis Xavier Seelos Parish,Archdiocese of Mobile,https://francisxseelos.org/,https://francisxseelos.org/events/vacation-bible-school-2,sitemap
2,Blessed Francis Xavier Seelos Parish,Archdiocese of Mobile,https://francisxseelos.org/,https://francisxseelos.org/events/vacation-bible-school-3,sitemap
2,Blessed Francis Xavier Seelos Parish,Archdiocese of Mobile,https://francisxseelos.org/,https://francisxseelos.org/events/vacation-bible-school-6-16-6-20,sitemap
2,Blessed Francis Xavier Seelos Parish,Archdiocese of Mobile,https://francisxseelos.org/,https://francisxseelos.org/events/vacation-bible-school-6-22-6-26th,sitemap
2,Blessed Francis Xavier Seelos Parish,Archdiocese of Mobile,https://francisxseelos.org/,https://francisxseelos.org/events/water-color-class,sitemap
2,Blessed Francis Xavier Seelos Parish,Archdiocese of Mobile,https://francisxseelos.org/,https://francisxseelos.org/events/water-colors,sitemap
2,Blessed Francis Xavier Seelos Parish,Archdiocese of Mobile,https://francisxseelos.org/,https://francisxseelos.org/events/water-colors-1,sitemap
2,Blessed Francis Xavier Seelos Parish,Archdiocese of Mobile,https://francisxseelos.org/,https://francisxseelos.org/events/water-colors-class,sitemap
2,Blessed Francis Xavier Seelos Parish,Archdiocese of Mobile,https://francisxseelos.org/,https://francisxseelos.org/events/water-colors-workshop,sitemap
2,Blessed Francis Xavier Seelos Parish,Archdiocese of Mobile,https://francisxseelos.org/,https://francisxseelos.org/events/water-colors-workshop-1,sitemap
2,Blessed Francis Xavier Seelos Parish,Archdiocese of Mobile,https://francisxseelos.org/,https://francisxseelos.org/events/welcome-home-catholics,sitemap
2,Blessed Francis Xavier Seelos Parish,Archdiocese of Mobile,https://francisxseelos.org/,https://francisxseelos.org/events/welcome-home-catholics-1,sitemap
2,Blessed Francis Xavier Seelos Parish,Archdiocese of Mobile,https://francisxseelos.org/,https://francisxseelos.org/events/welcome-home-catholics-2,sitemap
2,Blessed Francis Xavier Seelos Parish,Archdiocese of Mobile,https://francisxseelos.org/,https://francisxseelos.org/events/welcome-home-catholics-2/20260923,homepage_link
2,Blessed Francis Xavier Seelos Parish,Archdiocese of Mobile,https://francisxseelos.org/,https://francisxseelos.org/events/welcome-home-catholics-3,sitemap
2,Blessed Francis Xavier Seelos Parish,Archdiocese of Mobile,https://francisxseelos.org/,https://francisxseelos.org/events/womens-bible-study,sitemap
2,Blessed Francis Xavier Seelos Parish,Archdiocese of Mobile,https://francisxseelos.org/,https://francisxseelos.org/events/womens-bible-study/20260925,homepage_link
2,Blessed Francis Xavier Seelos Parish,Archdiocese of Mobile,https://francisxseelos.org/,https://francisxseelos.org/events/yard-sale-for-womens-health-center,sitemap
2,Blessed Francis Xavier Seelos Parish,Archdiocese of Mobile,https://francisxseelos.org/,https://francisxseelos.org/events?page=1,homepage_link
2,Blessed Francis Xavier Seelos Parish,Archdiocese of Mobile,https://francisxseelos.org/,https://francisxseelos.org/faith,sitemap
2,Blessed Francis Xavier Seelos Parish,Archdiocese of Mobile,https://francisxseelos.org/,https://francisxseelos.org/give,"homepage_link, sitemap"
2,Blessed Francis Xavier Seelos Parish,Archdiocese of Mobile,https://francisxseelos.org/,https://francisxseelos.org/greeters-1,"homepage_link, sitemap"
2,Blessed Francis Xavier Seelos Parish,Archdiocese of Mobile,https://francisxseelos.org/,https://francisxseelos.org/homilies,"homepage_link, sitemap"
2,Blessed Francis Xavier Seelos Parish,Archdiocese of Mobile,https://francisxseelos.org/,https://francisxseelos.org/join,"homepage_link, sitemap"
2,Blessed Francis Xavier Seelos Parish,Archdiocese of Mobile,https://francisxseelos.org/,https://francisxseelos.org/join-the-bbq-competition,sitemap
2,Blessed Francis Xavier Seelos Parish,Archdiocese of Mobile,https://francisxseelos.org/,https://francisxseelos.org/lectors,"homepage_link, sitemap"
2,Blessed Francis Xavier Seelos Parish,Archdiocese of Mobile,https://francisxseelos.org/,https://francisxseelos.org/mass-times,"homepage_link, sitemap"
2,Blessed Francis Xavier Seelos Parish,Archdiocese of Mobile,https://francisxseelos.org/,https://francisxseelos.org/news,sitemap
2,Blessed Francis Xavier Seelos Parish,Archdiocese of Mobile,https://francisxseelos.org/,https://francisxseelos.org/news/40-days-for-life-mobile-campaign-1,sitemap
2,Blessed Francis Xavier Seelos Parish,Archdiocese of Mobile,https://francisxseelos.org/,https://francisxseelos.org/news/are-you-or-a-loved-one-sick,sitemap
2,Blessed Francis Xavier Seelos Parish,Archdiocese of Mobile,https://francisxseelos.org/,https://francisxseelos.org/news/building-progress-update,sitemap
2,Blessed Francis Xavier Seelos Parish,Archdiocese of Mobile,https://francisxseelos.org/,https://francisxseelos.org/news/building-progress-update-aug-2021,sitemap
2,Blessed Francis Xavier Seelos Parish,Archdiocese of Mobile,https://francisxseelos.org/,https://francisxseelos.org/news/building-progress-update-nov-2021,sitemap
2,Blessed Francis Xavier Seelos Parish,Archdiocese of Mobile,https://francisxseelos.org/,https://francisxseelos.org/news/building-progress-update-oct-2021,sitemap
2,Blessed Francis Xavier Seelos Parish,Archdiocese of Mobile,https://francisxseelos.org/,https://francisxseelos.org/news/formedorg,sitemap
2,Blessed Francis Xavier Seelos Parish,Archdiocese of Mobile,https://francisxseelos.org/,https://francisxseelos.org/news/ground-breaking,sitemap
2,Blessed Francis Xavier Seelos Parish,Archdiocese of Mobile,https://francisxseelos.org/,https://francisxseelos.org/news/join-us-for-sunday-school-2023-registration-begins-july-30th,sitemap
2,Blessed Francis Xavier Seelos Parish,Archdiocese of Mobile,https://francisxseelos.org/,https://francisxseelos.org/news/join-us-for-vacation-bible-school,sitemap
2,Blessed Francis Xavier Seelos Parish,Archdiocese of Mobile,https://francisxseelos.org/,https://francisxseelos.org/news/many-thanks-to-our-gracious-hosts,sitemap
2,Blessed Francis Xavier Seelos Parish,Archdiocese of Mobile,https://francisxseelos.org/,https://francisxseelos.org/news/men-of-st-joseph-breakfast-sat-1204,sitemap
2,Blessed Francis Xavier Seelos Parish,Archdiocese of Mobile,https://francisxseelos.org/,https://francisxseelos.org/news/parish-picnic-a-success-2021-celebration-of-blessed-francis-feast-day-1005,sitemap
2,Blessed Francis Xavier Seelos Parish,Archdiocese of Mobile,https://francisxseelos.org/,https://francisxseelos.org/news/say-yes-to-vbs,sitemap
2,Blessed Francis Xavier Seelos Parish,Archdiocese of Mobile,https://francisxseelos.org/,https://francisxseelos.org/news/the-search-lenten-program-starts-feb-12th,sitemap
2,Blessed Francis Xavier Seelos Parish,Archdiocese of Mobile,https://francisxseelos.org/,https://francisxseelos.org/news/updated-mass-times,sitemap
2,Blessed Francis Xavier Seelos Parish,Archdiocese of Mobile,https://francisxseelos.org/,https://francisxseelos.org/news/vbs-in-july,sitemap
2,Blessed Francis Xavier Seelos Parish,Archdiocese of Mobile,https://francisxseelos.org/,https://francisxseelos.org/our-patron-saint,"homepage_link, sitemap"
2,Blessed Francis Xavier Seelos Parish,Archdiocese of Mobile,https://francisxseelos.org/,https://francisxseelos.org/parish-forms,"homepage_link, sitemap"
2,Blessed Francis Xavier Seelos Parish,Archdiocese of Mobile,https://francisxseelos.org/,https://francisxseelos.org/parishlife,sitemap
2,Blessed Francis Xavier Seelos Parish,Archdiocese of Mobile,https://francisxseelos.org/,https://francisxseelos.org/people/deacon-steve-nelson,sitemap
2,Blessed Francis Xavier Seelos Parish,Archdiocese of Mobile,https://francisxseelos.org/,https://francisxseelos.org/people/fr-jim-cink,sitemap
2,Blessed Francis Xavier Seelos Parish,Archdiocese of Mobile,https://francisxseelos.org/,https://francisxseelos.org/people/joan-dryden,sitemap
2,Blessed Francis Xavier Seelos Parish,Archdiocese of Mobile,https://francisxseelos.org/,https://francisxseelos.org/people/theresa-west,sitemap
2,Blessed Francis Xavier Seelos Parish,Archdiocese of Mobile,https://francisxseelos.org/,https://francisxseelos.org/people/todd-roof,sitemap
2,Blessed Francis Xavier Seelos Parish,Archdiocese of Mobile,https://francisxseelos.org/,https://francisxseelos.org/people/tracy-krause,sitemap
2,Blessed Francis Xavier Seelos Parish,Archdiocese of Mobile,https://francisxseelos.org/,https://francisxseelos.org/photoalbums,"homepage_link, sitemap"
2,Blessed Francis Xavier Seelos Parish,Archdiocese of Mobile,https://francisxseelos.org/,https://francisxseelos.org/photoalbums/1st-communion-2020,sitemap
2,Blessed Francis Xavier Seelos Parish,Archdiocese of Mobile,https://francisxseelos.org/,https://francisxseelos.org/photoalbums/1st-communion-2022,sitemap
2,Blessed Francis Xavier Seelos Parish,Archdiocese of Mobile,https://francisxseelos.org/,https://francisxseelos.org/photoalbums/1st-confirmation-group,sitemap
2,Blessed Francis Xavier Seelos Parish,Archdiocese of Mobile,https://francisxseelos.org/,https://francisxseelos.org/photoalbums/1st-mass-in-new-location,sitemap
2,Blessed Francis Xavier Seelos Parish,Archdiocese of Mobile,https://francisxseelos.org/,https://francisxseelos.org/photoalbums/1st-truck-or-treat,sitemap
2,Blessed Francis Xavier Seelos Parish,Archdiocese of Mobile,https://francisxseelos.org/,https://francisxseelos.org/photoalbums/2020-student-mission-trip,sitemap
2,Blessed Francis Xavier Seelos Parish,Archdiocese of Mobile,https://francisxseelos.org/,https://francisxseelos.org/photoalbums/2021-baptisms,sitemap
2,Blessed Francis Xavier Seelos Parish,Archdiocese of Mobile,https://francisxseelos.org/,https://francisxseelos.org/photoalbums/2021-ground-breaking-of-new-campus,sitemap
2,Blessed Francis Xavier Seelos Parish,Archdiocese of Mobile,https://francisxseelos.org/,https://francisxseelos.org/photoalbums/2021-parish-picnic,sitemap
2,Blessed Francis Xavier Seelos Parish,Archdiocese of Mobile,https://francisxseelos.org/,https://francisxseelos.org/photoalbums/2021-student-mission-trip,sitemap
2,Blessed Francis Xavier Seelos Parish,Archdiocese of Mobile,https://francisxseelos.org/,https://francisxseelos.org/photoalbums/7th-8th-grade-retreat-at-blakely-state-park,sitemap
2,Blessed Francis Xavier Seelos Parish,Archdiocese of Mobile,https://francisxseelos.org/,https://francisxseelos.org/photoalbums/7th-and-8th-grade-retreat-at-blakely-state-park,sitemap
2,Blessed Francis Xavier Seelos Parish,Archdiocese of Mobile,https://francisxseelos.org/,https://francisxseelos.org/photoalbums/back-to-school-bash-2022,sitemap
2,Blessed Francis Xavier Seelos Parish,Archdiocese of Mobile,https://francisxseelos.org/,https://francisxseelos.org/photoalbums/breakfast-with-santa-2022,sitemap
2,Blessed Francis Xavier Seelos Parish,Archdiocese of Mobile,https://francisxseelos.org/,https://francisxseelos.org/photoalbums/chili-cookoff-and-dessert-bakeoff-2023,sitemap
2,Blessed Francis Xavier Seelos Parish,Archdiocese of Mobile,https://francisxseelos.org/,https://francisxseelos.org/photoalbums/christ-the-king-medalist,sitemap
2,Blessed Francis Xavier Seelos Parish,Archdiocese of Mobile,https://francisxseelos.org/,https://francisxseelos.org/photoalbums/christmas-2022,sitemap
2,Blessed Francis Xavier Seelos Parish,Archdiocese of Mobile,https://francisxseelos.org/,https://francisxseelos.org/photoalbums/covid-services,sitemap
2,Blessed Francis Xavier Seelos Parish,Archdiocese of Mobile,https://francisxseelos.org/,https://francisxseelos.org/photoalbums/deacon-steve-nelson-1st-mass,sitemap
2,Blessed Francis Xavier Seelos Parish,Archdiocese of Mobile,https://francisxseelos.org/,https://francisxseelos.org/photoalbums/eagle-scout-beautification-project,sitemap
2,Blessed Francis Xavier Seelos Parish,Archdiocese of Mobile,https://francisxseelos.org/,https://francisxseelos.org/photoalbums/easter-2020,sitemap
2,Blessed Francis Xavier Seelos Parish,Archdiocese of Mobile,https://francisxseelos.org/,https://francisxseelos.org/photoalbums/easter-2022,sitemap
2,Blessed Francis Xavier Seelos Parish,Archdiocese of Mobile,https://francisxseelos.org/,https://francisxseelos.org/photoalbums/easter-sunday-mass,sitemap
2,Blessed Francis Xavier Seelos Parish,Archdiocese of Mobile,https://francisxseelos.org/,https://francisxseelos.org/photoalbums/first-communion-2021,sitemap
2,Blessed Francis Xavier Seelos Parish,Archdiocese of Mobile,https://francisxseelos.org/,https://francisxseelos.org/photoalbums/first-parish-picnic,sitemap
2,Blessed Francis Xavier Seelos Parish,Archdiocese of Mobile,https://francisxseelos.org/,https://francisxseelos.org/photoalbums/football-watch-party,sitemap
2,Blessed Francis Xavier Seelos Parish,Archdiocese of Mobile,https://francisxseelos.org/,https://francisxseelos.org/photoalbums/francis-fest-2026,sitemap
2,Blessed Francis Xavier Seelos Parish,Archdiocese of Mobile,https://francisxseelos.org/,https://francisxseelos.org/photoalbums/francis-in-february-2022,sitemap
2,Blessed Francis Xavier Seelos Parish,Archdiocese of Mobile,https://francisxseelos.org/,https://francisxseelos.org/photoalbums/francis-in-february-2023,sitemap
2,Blessed Francis Xavier Seelos Parish,Archdiocese of Mobile,https://francisxseelos.org/,https://francisxseelos.org/photoalbums/high-school-mission-trip-2022,sitemap
2,Blessed Francis Xavier Seelos Parish,Archdiocese of Mobile,https://francisxseelos.org/,https://francisxseelos.org/photoalbums/holy-thursday-2022,sitemap
2,Blessed Francis Xavier Seelos Parish,Archdiocese of Mobile,https://francisxseelos.org/,https://francisxseelos.org/photoalbums/holy-week-2023,sitemap
2,Blessed Francis Xavier Seelos Parish,Archdiocese of Mobile,https://francisxseelos.org/,https://francisxseelos.org/photoalbums/inaugural-annual-festival,sitemap
2,Blessed Francis Xavier Seelos Parish,Archdiocese of Mobile,https://francisxseelos.org/,https://francisxseelos.org/photoalbums/move-in-day-and-final-touches,sitemap
2,Blessed Francis Xavier Seelos Parish,Archdiocese of Mobile,https://francisxseelos.org/,https://francisxseelos.org/photoalbums/our-new-buildings-begin,sitemap
2,Blessed Francis Xavier Seelos Parish,Archdiocese of Mobile,https://francisxseelos.org/,https://francisxseelos.org/photoalbums/palm-sunday-2022,sitemap
2,Blessed Francis Xavier Seelos Parish,Archdiocese of Mobile,https://francisxseelos.org/,https://francisxseelos.org/photoalbums/parish-picnic,sitemap
2,Blessed Francis Xavier Seelos Parish,Archdiocese of Mobile,https://francisxseelos.org/,https://francisxseelos.org/photoalbums/progress-on-our-new-buildings,sitemap
2,Blessed Francis Xavier Seelos Parish,Archdiocese of Mobile,https://francisxseelos.org/,https://francisxseelos.org/photoalbums/prolife-tea,sitemap
2,Blessed Francis Xavier Seelos Parish,Archdiocese of Mobile,https://francisxseelos.org/,https://francisxseelos.org/photoalbums/vacation-bible-school-2022,sitemap
2,Blessed Francis Xavier Seelos Parish,Archdiocese of Mobile,https://francisxseelos.org/,https://francisxseelos.org/photoalbums/visit-to-the-shrine-of-blessed-francis-xavier-seelos,sitemap
2,Blessed Francis Xavier Seelos Parish,Archdiocese of Mobile,https://francisxseelos.org/,https://francisxseelos.org/photoalbums/youth-group-getting-ready-for-our-ministry-fair,sitemap
2,Blessed Francis Xavier Seelos Parish,Archdiocese of Mobile,https://francisxseelos.org/,https://francisxseelos.org/religious-education,"homepage_link, sitemap"
2,Blessed Francis Xavier Seelos Parish,Archdiocese of Mobile,https://francisxseelos.org/,https://francisxseelos.org/religious-education-sign-up,"homepage_link, sitemap"
2,Blessed Francis Xavier Seelos Parish,Archdiocese of Mobile,https://francisxseelos.org/,https://francisxseelos.org/sacraments,sitemap
2,Blessed Francis Xavier Seelos Parish,Archdiocese of Mobile,https://francisxseelos.org/,https://francisxseelos.org/sponsor-francis-in-february,sitemap
2,Blessed Francis Xavier Seelos Parish,Archdiocese of Mobile,https://francisxseelos.org/,https://francisxseelos.org/stewardship,"homepage_link, sitemap"
2,Blessed Francis Xavier Seelos Parish,Archdiocese of Mobile,https://francisxseelos.org/,https://francisxseelos.org/sunday-school,homepage_link
2,Blessed Francis Xavier Seelos Parish,Archdiocese of Mobile,https://francisxseelos.org/,https://francisxseelos.org/tickets-swag,sitemap
2,Blessed Francis Xavier Seelos Parish,Archdiocese of Mobile,https://francisxseelos.org/,https://francisxseelos.org/time-talent,"homepage_link, sitemap"
2,Blessed Francis Xavier Seelos Parish,Archdiocese of Mobile,https://francisxseelos.org/,https://francisxseelos.org/treasure,"homepage_link, sitemap"
2,Blessed Francis Xavier Seelos Parish,Archdiocese of Mobile,https://francisxseelos.org/,https://francisxseelos.org/ushers,"homepage_link, sitemap"
2,Blessed Francis Xavier Seelos Parish,Archdiocese of Mobile,https://francisxseelos.org/,https://francisxseelos.org/volunteer-for-francis-in-february,sitemap
2,Blessed Francis Xavier Seelos Parish,Archdiocese of Mobile,https://francisxseelos.org/,https://francisxseelos.org/who-we-are,"homepage_link, sitemap"
2,Blessed Francis Xavier Seelos Parish,Archdiocese of Mobile,https://francisxseelos.org/,https://francisxseelos.org/youth-group,"homepage_link, sitemap"
3,Chapel of Our Lady of Bon Secour,Archdiocese of Mobile,https://www.stjohnms.com/our-lady-of-bon-secour,https://stjohnms.com/bulletin,sitemap
3,Chapel of Our Lady of Bon Secour,Archdiocese of Mobile,https://www.stjohnms.com/our-lady-of-bon-secour,https://stjohnms.com/bulletin/1/10,sitemap
3,Chapel of Our Lady of Bon Secour,Archdiocese of Mobile,https://www.stjohnms.com/our-lady-of-bon-secour,https://stjohnms.com/bulletin/1/12,sitemap
3,Chapel of Our Lady of Bon Secour,Archdiocese of Mobile,https://www.stjohnms.com/our-lady-of-bon-secour,https://stjohnms.com/bulletin/1/16,sitemap
3,Chapel of Our Lady of Bon Secour,Archdiocese of Mobile,https://www.stjohnms.com/our-lady-of-bon-secour,https://stjohnms.com/bulletin/1/17,sitemap
3,Chapel of Our Lady of Bon Secour,Archdiocese of Mobile,https://www.stjohnms.com/our-lady-of-bon-secour,https://stjohnms.com/bulletin/1/17-1,sitemap
3,Chapel of Our Lady of Bon Secour,Archdiocese of Mobile,https://www.stjohnms.com/our-lady-of-bon-secour,https://stjohnms.com/bulletin/1/17-2,sitemap
3,Chapel of Our Lady of Bon Secour,Archdiocese of Mobile,https://www.stjohnms.com/our-lady-of-bon-secour,https://stjohnms.com/bulletin/1/18,sitemap
3,Chapel of Our Lady of Bon Secour,Archdiocese of Mobile,https://www.stjohnms.com/our-lady-of-bon-secour,https://stjohnms.com/bulletin/1/18-1,sitemap
3,Chapel of Our Lady of Bon Secour,Archdiocese of Mobile,https://www.stjohnms.com/our-lady-of-bon-secour,https://stjohnms.com/bulletin/1/19,sitemap
3,Chapel of Our Lady of Bon Secour,Archdiocese of Mobile,https://www.stjohnms.com/our-lady-of-bon-secour,https://stjohnms.com/bulletin/1/2,sitemap
3,Chapel of Our Lady of Bon Secour,Archdiocese of Mobile,https://www.stjohnms.com/our-lady-of-bon-secour,https://stjohnms.com/bulletin/1/20,sitemap
3,Chapel of Our Lady of Bon Secour,Archdiocese of Mobile,https://www.stjohnms.com/our-lady-of-bon-secour,https://stjohnms.com/bulletin/1/23,sitemap
3,Chapel of Our Lady of Bon Secour,Archdiocese of Mobile,https://www.stjohnms.com/our-lady-of-bon-secour,https://stjohnms.com/bulletin/1/24,sitemap
3,Chapel of Our Lady of Bon Secour,Archdiocese of Mobile,https://www.stjohnms.com/our-lady-of-bon-secour,https://stjohnms.com/bulletin/1/25,sitemap
3,Chapel of Our Lady of Bon Secour,Archdiocese of Mobile,https://www.stjohnms.com/our-lady-of-bon-secour,https://stjohnms.com/bulletin/1/26-1,sitemap
3,Chapel of Our Lady of Bon Secour,Archdiocese of Mobile,https://www.stjohnms.com/our-lady-of-bon-secour,https://stjohnms.com/bulletin/1/3,sitemap
3,Chapel of Our Lady of Bon Secour,Archdiocese of Mobile,https://www.stjohnms.com/our-lady-of-bon-secour,https://stjohnms.com/bulletin/1/30,sitemap
3,Chapel of Our Lady of Bon Secour,Archdiocese of Mobile,https://www.stjohnms.com/our-lady-of-bon-secour,https://stjohnms.com/bulletin/1/31,sitemap
3,Chapel of Our Lady of Bon Secour,Archdiocese of Mobile,https://www.stjohnms.com/our-lady-of-bon-secour,https://stjohnms.com/bulletin/1/5,sitemap
3,Chapel of Our Lady of Bon Secour,Archdiocese of Mobile,https://www.stjohnms.com/our-lady-of-bon-secour,https://stjohnms.com/bulletin/1/6,sitemap
3,Chapel of Our Lady of Bon Secour,Archdiocese of Mobile,https://www.stjohnms.com/our-lady-of-bon-secour,https://stjohnms.com/bulletin/1/6-1,sitemap
3,Chapel of Our Lady of Bon Secour,Archdiocese of Mobile,https://www.stjohnms.com/our-lady-of-bon-secour,https://stjohnms.com/bulletin/1/9,sitemap
3,Chapel of Our Lady of Bon Secour,Archdiocese of Mobile,https://www.stjohnms.com/our-lady-of-bon-secour,https://stjohnms.com/bulletin/10/1,sitemap
3,Chapel of Our Lady of Bon Secour,Archdiocese of Mobile,https://www.stjohnms.com/our-lady-of-bon-secour,https://stjohnms.com/bulletin/10/10,sitemap
3,Chapel of Our Lady of Bon Secour,Archdiocese of Mobile,https://www.stjohnms.com/our-lady-of-bon-secour,https://stjohnms.com/bulletin/10/11,sitemap
3,Chapel of Our Lady of Bon Secour,Archdiocese of Mobile,https://www.stjohnms.com/our-lady-of-bon-secour,https://stjohnms.com/bulletin/10/13,sitemap
3,Chapel of Our Lady of Bon Secour,Archdiocese of Mobile,https://www.stjohnms.com/our-lady-of-bon-secour,https://stjohnms.com/bulletin/10/15,sitemap
3,Chapel of Our Lady of Bon Secour,Archdiocese of Mobile,https://www.stjohnms.com/our-lady-of-bon-secour,https://stjohnms.com/bulletin/10/17,sitemap
3,Chapel of Our Lady of Bon Secour,Archdiocese of Mobile,https://www.stjohnms.com/our-lady-of-bon-secour,https://stjohnms.com/bulletin/10/18-1,sitemap
3,Chapel of Our Lady of Bon Secour,Archdiocese of Mobile,https://www.stjohnms.com/our-lady-of-bon-secour,https://stjohnms.com/bulletin/10/20,sitemap
3,Chapel of Our Lady of Bon Secour,Archdiocese of Mobile,https://www.stjohnms.com/our-lady-of-bon-secour,https://stjohnms.com/bulletin/10/21,sitemap
3,Chapel of Our Lady of Bon Secour,Archdiocese of Mobile,https://www.stjohnms.com/our-lady-of-bon-secour,https://stjohnms.com/bulletin/10/24,sitemap
3,Chapel of Our Lady of Bon Secour,Archdiocese of Mobile,https://www.stjohnms.com/our-lady-of-bon-secour,https://stjohnms.com/bulletin/10/26,sitemap
3,Chapel of Our Lady of Bon Secour,Archdiocese of Mobile,https://www.stjohnms.com/our-lady-of-bon-secour,https://stjohnms.com/bulletin/10/27,sitemap
3,Chapel of Our Lady of Bon Secour,Archdiocese of Mobile,https://www.stjohnms.com/our-lady-of-bon-secour,https://stjohnms.com/bulletin/10/29,sitemap
3,Chapel of Our Lady of Bon Secour,Archdiocese of Mobile,https://www.stjohnms.com/our-lady-of-bon-secour,https://stjohnms.com/bulletin/10/3,sitemap
3,Chapel of Our Lady of Bon Secour,Archdiocese of Mobile,https://www.stjohnms.com/our-lady-of-bon-secour,https://stjohnms.com/bulletin/10/31,sitemap
3,Chapel of Our Lady of Bon Secour,Archdiocese of Mobile,https://www.stjohnms.com/our-lady-of-bon-secour,https://stjohnms.com/bulletin/10/4,sitemap
3,Chapel of Our Lady of Bon Secour,Archdiocese of Mobile,https://www.stjohnms.com/our-lady-of-bon-secour,https://stjohnms.com/bulletin/10/6,sitemap
3,Chapel of Our Lady of Bon Secour,Archdiocese of Mobile,https://www.stjohnms.com/our-lady-of-bon-secour,https://stjohnms.com/bulletin/10/7,sitemap
3,Chapel of Our Lady of Bon Secour,Archdiocese of Mobile,https://www.stjohnms.com/our-lady-of-bon-secour,https://stjohnms.com/bulletin/11/1,sitemap
3,Chapel of Our Lady of Bon Secour,Archdiocese of Mobile,https://www.stjohnms.com/our-lady-of-bon-secour,https://stjohnms.com/bulletin/11/10,sitemap
3,Chapel of Our Lady of Bon Secour,Archdiocese of Mobile,https://www.stjohnms.com/our-lady-of-bon-secour,https://stjohnms.com/bulletin/11/10-1,sitemap
3,Chapel of Our Lady of Bon Secour,Archdiocese of Mobile,https://www.stjohnms.com/our-lady-of-bon-secour,https://stjohnms.com/bulletin/11/14,sitemap
3,Chapel of Our Lady of Bon Secour,Archdiocese of Mobile,https://www.stjohnms.com/our-lady-of-bon-secour,https://stjohnms.com/bulletin/11/15,sitemap
3,Chapel of Our Lady of Bon Secour,Archdiocese of Mobile,https://www.stjohnms.com/our-lady-of-bon-secour,https://stjohnms.com/bulletin/11/17,sitemap
3,Chapel of Our Lady of Bon Secour,Archdiocese of Mobile,https://www.stjohnms.com/our-lady-of-bon-secour,https://stjohnms.com/bulletin/11/18,sitemap
3,Chapel of Our Lady of Bon Secour,Archdiocese of Mobile,https://www.stjohnms.com/our-lady-of-bon-secour,https://stjohnms.com/bulletin/11/21,sitemap
3,Chapel of Our Lady of Bon Secour,Archdiocese of Mobile,https://www.stjohnms.com/our-lady-of-bon-secour,https://stjohnms.com/bulletin/11/22,sitemap
3,Chapel of Our Lady of Bon Secour,Archdiocese of Mobile,https://www.stjohnms.com/our-lady-of-bon-secour,https://stjohnms.com/bulletin/11/22-1,sitemap
3,Chapel of Our Lady of Bon Secour,Archdiocese of Mobile,https://www.stjohnms.com/our-lady-of-bon-secour,https://stjohnms.com/bulletin/11/24,sitemap
3,Chapel of Our Lady of Bon Secour,Archdiocese of Mobile,https://www.stjohnms.com/our-lady-of-bon-secour,https://stjohnms.com/bulletin/11/28,sitemap
3,Chapel of Our Lady of Bon Secour,Archdiocese of Mobile,https://www.stjohnms.com/our-lady-of-bon-secour,https://stjohnms.com/bulletin/11/29,sitemap
3,Chapel of Our Lady of Bon Secour,Archdiocese of Mobile,https://www.stjohnms.com/our-lady-of-bon-secour,https://stjohnms.com/bulletin/11/3,sitemap
3,Chapel of Our Lady of Bon Secour,Archdiocese of Mobile,https://www.stjohnms.com/our-lady-of-bon-secour,https://stjohnms.com/bulletin/11/6,sitemap
3,Chapel of Our Lady of Bon Secour,Archdiocese of Mobile,https://www.stjohnms.com/our-lady-of-bon-secour,https://stjohnms.com/bulletin/11/7,sitemap
3,Chapel of Our Lady of Bon Secour,Archdiocese of Mobile,https://www.stjohnms.com/our-lady-of-bon-secour,https://stjohnms.com/bulletin/11/8-1,sitemap
3,Chapel of Our Lady of Bon Secour,Archdiocese of Mobile,https://www.stjohnms.com/our-lady-of-bon-secour,https://stjohnms.com/bulletin/12/1,sitemap
3,Chapel of Our Lady of Bon Secour,Archdiocese of Mobile,https://www.stjohnms.com/our-lady-of-bon-secour,https://stjohnms.com/bulletin/12/12,sitemap
3,Chapel of Our Lady of Bon Secour,Archdiocese of Mobile,https://www.stjohnms.com/our-lady-of-bon-secour,https://stjohnms.com/bulletin/12/13,sitemap
3,Chapel of Our Lady of Bon Secour,Archdiocese of Mobile,https://www.stjohnms.com/our-lady-of-bon-secour,https://stjohnms.com/bulletin/12/15,sitemap
3,Chapel of Our Lady of Bon Secour,Archdiocese of Mobile,https://www.stjohnms.com/our-lady-of-bon-secour,https://stjohnms.com/bulletin/12/17,sitemap
3,Chapel of Our Lady of Bon Secour,Archdiocese of Mobile,https://www.stjohnms.com/our-lady-of-bon-secour,https://stjohnms.com/bulletin/12/19-2,sitemap
3,Chapel of Our Lady of Bon Secour,Archdiocese of Mobile,https://www.stjohnms.com/our-lady-of-bon-secour,https://stjohnms.com/bulletin/12/2,sitemap
3,Chapel of Our Lady of Bon Secour,Archdiocese of Mobile,https://www.stjohnms.com/our-lady-of-bon-secour,https://stjohnms.com/bulletin/12/20,sitemap
3,Chapel of Our Lady of Bon Secour,Archdiocese of Mobile,https://www.stjohnms.com/our-lady-of-bon-secour,https://stjohnms.com/bulletin/12/22,sitemap
3,Chapel of Our Lady of Bon Secour,Archdiocese of Mobile,https://www.stjohnms.com/our-lady-of-bon-secour,https://stjohnms.com/bulletin/12/23,sitemap
3,Chapel of Our Lady of Bon Secour,Archdiocese of Mobile,https://www.stjohnms.com/our-lady-of-bon-secour,https://stjohnms.com/bulletin/12/26,sitemap
3,Chapel of Our Lady of Bon Secour,Archdiocese of Mobile,https://www.stjohnms.com/our-lady-of-bon-secour,https://stjohnms.com/bulletin/12/27,sitemap
3,Chapel of Our Lady of Bon Secour,Archdiocese of Mobile,https://www.stjohnms.com/our-lady-of-bon-secour,https://stjohnms.com/bulletin/12/29,sitemap
3,Chapel of Our Lady of Bon Secour,Archdiocese of Mobile,https://www.stjohnms.com/our-lady-of-bon-secour,https://stjohnms.com/bulletin/12/30,sitemap
3,Chapel of Our Lady of Bon Secour,Archdiocese of Mobile,https://www.stjohnms.com/our-lady-of-bon-secour,https://stjohnms.com/bulletin/12/31,sitemap
3,Chapel of Our Lady of Bon Secour,Archdiocese of Mobile,https://www.stjohnms.com/our-lady-of-bon-secour,https://stjohnms.com/bulletin/12/5,sitemap
3,Chapel of Our Lady of Bon Secour,Archdiocese of Mobile,https://www.stjohnms.com/our-lady-of-bon-secour,https://stjohnms.com/bulletin/12/6,sitemap
3,Chapel of Our Lady of Bon Secour,Archdiocese of Mobile,https://www.stjohnms.com/our-lady-of-bon-secour,https://stjohnms.com/bulletin/12/7,sitemap
3,Chapel of Our Lady of Bon Secour,Archdiocese of Mobile,https://www.stjohnms.com/our-lady-of-bon-secour,https://stjohnms.com/bulletin/12/8,sitemap
3,Chapel of Our Lady of Bon Secour,Archdiocese of Mobile,https://www.stjohnms.com/our-lady-of-bon-secour,https://stjohnms.com/bulletin/2-6-22,sitemap
3,Chapel of Our Lady of Bon Secour,Archdiocese of Mobile,https://www.stjohnms.com/our-lady-of-bon-secour,https://stjohnms.com/bulletin/2/1,sitemap
3,Chapel of Our Lady of Bon Secour,Archdiocese of Mobile,https://www.stjohnms.com/our-lady-of-bon-secour,https://stjohnms.com/bulletin/2/12,sitemap
3,Chapel of Our Lady of Bon Secour,Archdiocese of Mobile,https://www.stjohnms.com/our-lady-of-bon-secour,https://stjohnms.com/bulletin/2/13,sitemap
3,Chapel of Our Lady of Bon Secour,Archdiocese of Mobile,https://www.stjohnms.com/our-lady-of-bon-secour,https://stjohnms.com/bulletin/2/14,sitemap
3,Chapel of Our Lady of Bon Secour,Archdiocese of Mobile,https://www.stjohnms.com/our-lady-of-bon-secour,https://stjohnms.com/bulletin/2/14-1,sitemap
3,Chapel of Our Lady of Bon Secour,Archdiocese of Mobile,https://www.stjohnms.com/our-lady-of-bon-secour,https://stjohnms.com/bulletin/2/14-2,sitemap
3,Chapel of Our Lady of Bon Secour,Archdiocese of Mobile,https://www.stjohnms.com/our-lady-of-bon-secour,https://stjohnms.com/bulletin/2/16,sitemap
3,Chapel of Our Lady of Bon Secour,Archdiocese of Mobile,https://www.stjohnms.com/our-lady-of-bon-secour,https://stjohnms.com/bulletin/2/19,sitemap
3,Chapel of Our Lady of Bon Secour,Archdiocese of Mobile,https://www.stjohnms.com/our-lady-of-bon-secour,https://stjohnms.com/bulletin/2/2,sitemap
3,Chapel of Our Lady of Bon Secour,Archdiocese of Mobile,https://www.stjohnms.com/our-lady-of-bon-secour,https://stjohnms.com/bulletin/2/20,sitemap
3,Chapel of Our Lady of Bon Secour,Archdiocese of Mobile,https://www.stjohnms.com/our-lady-of-bon-secour,https://stjohnms.com/bulletin/2/21,sitemap
3,Chapel of Our Lady of Bon Secour,Archdiocese of Mobile,https://www.stjohnms.com/our-lady-of-bon-secour,https://stjohnms.com/bulletin/2/23,sitemap
3,Chapel of Our Lady of Bon Secour,Archdiocese of Mobile,https://www.stjohnms.com/our-lady-of-bon-secour,https://stjohnms.com/bulletin/2/23-1,sitemap
3,Chapel of Our Lady of Bon Secour,Archdiocese of Mobile,https://www.stjohnms.com/our-lady-of-bon-secour,https://stjohnms.com/bulletin/2/23-2,sitemap
3,Chapel of Our Lady of Bon Secour,Archdiocese of Mobile,https://www.stjohnms.com/our-lady-of-bon-secour,https://stjohnms.com/bulletin/2/27,sitemap
3,Chapel of Our Lady of Bon Secour,Archdiocese of Mobile,https://www.stjohnms.com/our-lady-of-bon-secour,https://stjohnms.com/bulletin/2/27-1,sitemap
3,Chapel of Our Lady of Bon Secour,Archdiocese of Mobile,https://www.stjohnms.com/our-lady-of-bon-secour,https://stjohnms.com/bulletin/2/28,sitemap
3,Chapel of Our Lady of Bon Secour,Archdiocese of Mobile,https://www.stjohnms.com/our-lady-of-bon-secour,https://stjohnms.com/bulletin/2/6,sitemap
3,Chapel of Our Lady of Bon Secour,Archdiocese of Mobile,https://www.stjohnms.com/our-lady-of-bon-secour,https://stjohnms.com/bulletin/2/7,sitemap
3,Chapel of Our Lady of Bon Secour,Archdiocese of Mobile,https://www.stjohnms.com/our-lady-of-bon-secour,https://stjohnms.com/bulletin/2/9,sitemap
3,Chapel of Our Lady of Bon Secour,Archdiocese of Mobile,https://www.stjohnms.com/our-lady-of-bon-secour,https://stjohnms.com/bulletin/3/1,sitemap
3,Chapel of Our Lady of Bon Secour,Archdiocese of Mobile,https://www.stjohnms.com/our-lady-of-bon-secour,https://stjohnms.com/bulletin/3/13,sitemap
3,Chapel of Our Lady of Bon Secour,Archdiocese of Mobile,https://www.stjohnms.com/our-lady-of-bon-secour,https://stjohnms.com/bulletin/3/14,sitemap
3,Chapel of Our Lady of Bon Secour,Archdiocese of Mobile,https://www.stjohnms.com/our-lady-of-bon-secour,https://stjohnms.com/bulletin/3/15,sitemap
3,Chapel of Our Lady of Bon Secour,Archdiocese of Mobile,https://www.stjohnms.com/our-lady-of-bon-secour,https://stjohnms.com/bulletin/3/15-1,sitemap
3,Chapel of Our Lady of Bon Secour,Archdiocese of Mobile,https://www.stjohnms.com/our-lady-of-bon-secour,https://stjohnms.com/bulletin/3/16,sitemap
3,Chapel of Our Lady of Bon Secour,Archdiocese of Mobile,https://www.stjohnms.com/our-lady-of-bon-secour,https://stjohnms.com/bulletin/3/18,sitemap
3,Chapel of Our Lady of Bon Secour,Archdiocese of Mobile,https://www.stjohnms.com/our-lady-of-bon-secour,https://stjohnms.com/bulletin/3/20,sitemap
3,Chapel of Our Lady of Bon Secour,Archdiocese of Mobile,https://www.stjohnms.com/our-lady-of-bon-secour,https://stjohnms.com/bulletin/3/21,sitemap
3,Chapel of Our Lady of Bon Secour,Archdiocese of Mobile,https://www.stjohnms.com/our-lady-of-bon-secour,https://stjohnms.com/bulletin/3/22,sitemap
3,Chapel of Our Lady of Bon Secour,Archdiocese of Mobile,https://www.stjohnms.com/our-lady-of-bon-secour,https://stjohnms.com/bulletin/3/24,sitemap
3,Chapel of Our Lady of Bon Secour,Archdiocese of Mobile,https://www.stjohnms.com/our-lady-of-bon-secour,https://stjohnms.com/bulletin/3/24-1,sitemap
3,Chapel of Our Lady of Bon Secour,Archdiocese of Mobile,https://www.stjohnms.com/our-lady-of-bon-secour,https://stjohnms.com/bulletin/3/24-2,sitemap
3,Chapel of Our Lady of Bon Secour,Archdiocese of Mobile,https://www.stjohnms.com/our-lady-of-bon-secour,https://stjohnms.com/bulletin/3/27,sitemap
3,Chapel of Our Lady of Bon Secour,Archdiocese of Mobile,https://www.stjohnms.com/our-lady-of-bon-secour,https://stjohnms.com/bulletin/3/28,sitemap
3,Chapel of Our Lady of Bon Secour,Archdiocese of Mobile,https://www.stjohnms.com/our-lady-of-bon-secour,https://stjohnms.com/bulletin/3/29-3,sitemap
3,Chapel of Our Lady of Bon Secour,Archdiocese of Mobile,https://www.stjohnms.com/our-lady-of-bon-secour,https://stjohnms.com/bulletin/3/31,sitemap
3,Chapel of Our Lady of Bon Secour,Archdiocese of Mobile,https://www.stjohnms.com/our-lady-of-bon-secour,https://stjohnms.com/bulletin/3/4,sitemap
3,Chapel of Our Lady of Bon Secour,Archdiocese of Mobile,https://www.stjohnms.com/our-lady-of-bon-secour,https://stjohnms.com/bulletin/3/4-1,sitemap
3,Chapel of Our Lady of Bon Secour,Archdiocese of Mobile,https://www.stjohnms.com/our-lady-of-bon-secour,https://stjohnms.com/bulletin/3/5,sitemap
3,Chapel of Our Lady of Bon Secour,Archdiocese of Mobile,https://www.stjohnms.com/our-lady-of-bon-secour,https://stjohnms.com/bulletin/3/7,sitemap
3,Chapel of Our Lady of Bon Secour,Archdiocese of Mobile,https://www.stjohnms.com/our-lady-of-bon-secour,https://stjohnms.com/bulletin/3/8,sitemap
3,Chapel of Our Lady of Bon Secour,Archdiocese of Mobile,https://www.stjohnms.com/our-lady-of-bon-secour,https://stjohnms.com/bulletin/3/8-1,sitemap
3,Chapel of Our Lady of Bon Secour,Archdiocese of Mobile,https://www.stjohnms.com/our-lady-of-bon-secour,https://stjohnms.com/bulletin/4/10,sitemap
3,Chapel of Our Lady of Bon Secour,Archdiocese of Mobile,https://www.stjohnms.com/our-lady-of-bon-secour,https://stjohnms.com/bulletin/4/11,sitemap
3,Chapel of Our Lady of Bon Secour,Archdiocese of Mobile,https://www.stjohnms.com/our-lady-of-bon-secour,https://stjohnms.com/bulletin/4/12,sitemap
3,Chapel of Our Lady of Bon Secour,Archdiocese of Mobile,https://www.stjohnms.com/our-lady-of-bon-secour,https://stjohnms.com/bulletin/4/16,sitemap
3,Chapel of Our Lady of Bon Secour,Archdiocese of Mobile,https://www.stjohnms.com/our-lady-of-bon-secour,https://stjohnms.com/bulletin/4/17-1,sitemap
3,Chapel of Our Lady of Bon Secour,Archdiocese of Mobile,https://www.stjohnms.com/our-lady-of-bon-secour,https://stjohnms.com/bulletin/4/19,sitemap
3,Chapel of Our Lady of Bon Secour,Archdiocese of Mobile,https://www.stjohnms.com/our-lady-of-bon-secour,https://stjohnms.com/bulletin/4/21,sitemap
3,Chapel of Our Lady of Bon Secour,Archdiocese of Mobile,https://www.stjohnms.com/our-lady-of-bon-secour,https://stjohnms.com/bulletin/4/24,sitemap
3,Chapel of Our Lady of Bon Secour,Archdiocese of Mobile,https://www.stjohnms.com/our-lady-of-bon-secour,https://stjohnms.com/bulletin/4/25,sitemap
3,Chapel of Our Lady of Bon Secour,Archdiocese of Mobile,https://www.stjohnms.com/our-lady-of-bon-secour,https://stjohnms.com/bulletin/4/25-1,sitemap
3,Chapel of Our Lady of Bon Secour,Archdiocese of Mobile,https://www.stjohnms.com/our-lady-of-bon-secour,https://stjohnms.com/bulletin/4/26,sitemap
3,Chapel of Our Lady of Bon Secour,Archdiocese of Mobile,https://www.stjohnms.com/our-lady-of-bon-secour,https://stjohnms.com/bulletin/4/27,sitemap
3,Chapel of Our Lady of Bon Secour,Archdiocese of Mobile,https://www.stjohnms.com/our-lady-of-bon-secour,https://stjohnms.com/bulletin/4/27-1,sitemap
3,Chapel of Our Lady of Bon Secour,Archdiocese of Mobile,https://www.stjohnms.com/our-lady-of-bon-secour,https://stjohnms.com/bulletin/4/3,sitemap
3,Chapel of Our Lady of Bon Secour,Archdiocese of Mobile,https://www.stjohnms.com/our-lady-of-bon-secour,https://stjohnms.com/bulletin/4/4,sitemap
3,Chapel of Our Lady of Bon Secour,Archdiocese of Mobile,https://www.stjohnms.com/our-lady-of-bon-secour,https://stjohnms.com/bulletin/4/5,sitemap
3,Chapel of Our Lady of Bon Secour,Archdiocese of Mobile,https://www.stjohnms.com/our-lady-of-bon-secour,https://stjohnms.com/bulletin/4/7,sitemap
3,Chapel of Our Lady of Bon Secour,Archdiocese of Mobile,https://www.stjohnms.com/our-lady-of-bon-secour,https://stjohnms.com/bulletin/5/1,sitemap
3,Chapel of Our Lady of Bon Secour,Archdiocese of Mobile,https://www.stjohnms.com/our-lady-of-bon-secour,https://stjohnms.com/bulletin/5/1-1,sitemap
3,Chapel of Our Lady of Bon Secour,Archdiocese of Mobile,https://www.stjohnms.com/our-lady-of-bon-secour,https://stjohnms.com/bulletin/5/1-2,sitemap
3,Chapel of Our Lady of Bon Secour,Archdiocese of Mobile,https://www.stjohnms.com/our-lady-of-bon-secour,https://stjohnms.com/bulletin/5/1-3,sitemap
3,Chapel of Our Lady of Bon Secour,Archdiocese of Mobile,https://www.stjohnms.com/our-lady-of-bon-secour,https://stjohnms.com/bulletin/5/1-4,sitemap
3,Chapel of Our Lady of Bon Secour,Archdiocese of Mobile,https://www.stjohnms.com/our-lady-of-bon-secour,https://stjohnms.com/bulletin/5/10,sitemap
3,Chapel of Our Lady of Bon Secour,Archdiocese of Mobile,https://www.stjohnms.com/our-lady-of-bon-secour,https://stjohnms.com/bulletin/5/10-1,sitemap
3,Chapel of Our Lady of Bon Secour,Archdiocese of Mobile,https://www.stjohnms.com/our-lady-of-bon-secour,https://stjohnms.com/bulletin/5/11,sitemap
3,Chapel of Our Lady of Bon Secour,Archdiocese of Mobile,https://www.stjohnms.com/our-lady-of-bon-secour,https://stjohnms.com/bulletin/5/12,sitemap
3,Chapel of Our Lady of Bon Secour,Archdiocese of Mobile,https://www.stjohnms.com/our-lady-of-bon-secour,https://stjohnms.com/bulletin/5/16-1,sitemap
3,Chapel of Our Lady of Bon Secour,Archdiocese of Mobile,https://www.stjohnms.com/our-lady-of-bon-secour,https://stjohnms.com/bulletin/5/17,sitemap
3,Chapel of Our Lady of Bon Secour,Archdiocese of Mobile,https://www.stjohnms.com/our-lady-of-bon-secour,https://stjohnms.com/bulletin/5/17-1,sitemap
3,Chapel of Our Lady of Bon Secour,Archdiocese of Mobile,https://www.stjohnms.com/our-lady-of-bon-secour,https://stjohnms.com/bulletin/5/19,sitemap
3,Chapel of Our Lady of Bon Secour,Archdiocese of Mobile,https://www.stjohnms.com/our-lady-of-bon-secour,https://stjohnms.com/bulletin/5/22,sitemap
3,Chapel of Our Lady of Bon Secour,Archdiocese of Mobile,https://www.stjohnms.com/our-lady-of-bon-secour,https://stjohnms.com/bulletin/5/23,sitemap
3,Chapel of Our Lady of Bon Secour,Archdiocese of Mobile,https://www.stjohnms.com/our-lady-of-bon-secour,https://stjohnms.com/bulletin/5/24,sitemap
3,Chapel of Our Lady of Bon Secour,Archdiocese of Mobile,https://www.stjohnms.com/our-lady-of-bon-secour,https://stjohnms.com/bulletin/5/25,sitemap
3,Chapel of Our Lady of Bon Secour,Archdiocese of Mobile,https://www.stjohnms.com/our-lady-of-bon-secour,https://stjohnms.com/bulletin/5/26,sitemap
3,Chapel of Our Lady of Bon Secour,Archdiocese of Mobile,https://www.stjohnms.com/our-lady-of-bon-secour,https://stjohnms.com/bulletin/5/29,sitemap
3,Chapel of Our Lady of Bon Secour,Archdiocese of Mobile,https://www.stjohnms.com/our-lady-of-bon-secour,https://stjohnms.com/bulletin/5/3,sitemap
3,Chapel of Our Lady of Bon Secour,Archdiocese of Mobile,https://www.stjohnms.com/our-lady-of-bon-secour,https://stjohnms.com/bulletin/5/3-1,sitemap
3,Chapel of Our Lady of Bon Secour,Archdiocese of Mobile,https://www.stjohnms.com/our-lady-of-bon-secour,https://stjohnms.com/bulletin/5/30,sitemap
3,Chapel of Our Lady of Bon Secour,Archdiocese of Mobile,https://www.stjohnms.com/our-lady-of-bon-secour,https://stjohnms.com/bulletin/5/31-2,sitemap
3,Chapel of Our Lady of Bon Secour,Archdiocese of Mobile,https://www.stjohnms.com/our-lady-of-bon-secour,https://stjohnms.com/bulletin/5/4,sitemap
3,Chapel of Our Lady of Bon Secour,Archdiocese of Mobile,https://www.stjohnms.com/our-lady-of-bon-secour,https://stjohnms.com/bulletin/5/5,sitemap
3,Chapel of Our Lady of Bon Secour,Archdiocese of Mobile,https://www.stjohnms.com/our-lady-of-bon-secour,https://stjohnms.com/bulletin/5/8,sitemap
3,Chapel of Our Lady of Bon Secour,Archdiocese of Mobile,https://www.stjohnms.com/our-lady-of-bon-secour,https://stjohnms.com/bulletin/6/11,sitemap
3,Chapel of Our Lady of Bon Secour,Archdiocese of Mobile,https://www.stjohnms.com/our-lady-of-bon-secour,https://stjohnms.com/bulletin/6/12,sitemap
3,Chapel of Our Lady of Bon Secour,Archdiocese of Mobile,https://www.stjohnms.com/our-lady-of-bon-secour,https://stjohnms.com/bulletin/6/13,sitemap
3,Chapel of Our Lady of Bon Secour,Archdiocese of Mobile,https://www.stjohnms.com/our-lady-of-bon-secour,https://stjohnms.com/bulletin/6/14,sitemap
3,Chapel of Our Lady of Bon Secour,Archdiocese of Mobile,https://www.stjohnms.com/our-lady-of-bon-secour,https://stjohnms.com/bulletin/6/15,sitemap
3,Chapel of Our Lady of Bon Secour,Archdiocese of Mobile,https://www.stjohnms.com/our-lady-of-bon-secour,https://stjohnms.com/bulletin/6/16,sitemap
3,Chapel of Our Lady of Bon Secour,Archdiocese of Mobile,https://www.stjohnms.com/our-lady-of-bon-secour,https://stjohnms.com/bulletin/6/19,sitemap
3,Chapel of Our Lady of Bon Secour,Archdiocese of Mobile,https://www.stjohnms.com/our-lady-of-bon-secour,https://stjohnms.com/bulletin/6/2,sitemap
3,Chapel of Our Lady of Bon Secour,Archdiocese of Mobile,https://www.stjohnms.com/our-lady-of-bon-secour,https://stjohnms.com/bulletin/6/20,sitemap
3,Chapel of Our Lady of Bon Secour,Archdiocese of Mobile,https://www.stjohnms.com/our-lady-of-bon-secour,https://stjohnms.com/bulletin/6/21,sitemap
3,Chapel of Our Lady of Bon Secour,Archdiocese of Mobile,https://www.stjohnms.com/our-lady-of-bon-secour,https://stjohnms.com/bulletin/6/23,sitemap
3,Chapel of Our Lady of Bon Secour,Archdiocese of Mobile,https://www.stjohnms.com/our-lady-of-bon-secour,https://stjohnms.com/bulletin/6/24,sitemap
3,Chapel of Our Lady of Bon Secour,Archdiocese of Mobile,https://www.stjohnms.com/our-lady-of-bon-secour,https://stjohnms.com/bulletin/6/26,sitemap
3,Chapel of Our Lady of Bon Secour,Archdiocese of Mobile,https://www.stjohnms.com/our-lady-of-bon-secour,https://stjohnms.com/bulletin/6/27,sitemap
3,Chapel of Our Lady of Bon Secour,Archdiocese of Mobile,https://www.stjohnms.com/our-lady-of-bon-secour,https://stjohnms.com/bulletin/6/28,sitemap
3,Chapel of Our Lady of Bon Secour,Archdiocese of Mobile,https://www.stjohnms.com/our-lady-of-bon-secour,https://stjohnms.com/bulletin/6/3,sitemap
3,Chapel of Our Lady of Bon Secour,Archdiocese of Mobile,https://www.stjohnms.com/our-lady-of-bon-secour,https://stjohnms.com/bulletin/6/30,sitemap
3,Chapel of Our Lady of Bon Secour,Archdiocese of Mobile,https://www.stjohnms.com/our-lady-of-bon-secour,https://stjohnms.com/bulletin/6/5-1,sitemap
3,Chapel of Our Lady of Bon Secour,Archdiocese of Mobile,https://www.stjohnms.com/our-lady-of-bon-secour,https://stjohnms.com/bulletin/6/6,sitemap
3,Chapel of Our Lady of Bon Secour,Archdiocese of Mobile,https://www.stjohnms.com/our-lady-of-bon-secour,https://stjohnms.com/bulletin/6/7,sitemap
3,Chapel of Our Lady of Bon Secour,Archdiocese of Mobile,https://www.stjohnms.com/our-lady-of-bon-secour,https://stjohnms.com/bulletin/6/8,sitemap
3,Chapel of Our Lady of Bon Secour,Archdiocese of Mobile,https://www.stjohnms.com/our-lady-of-bon-secour,https://stjohnms.com/bulletin/7/11,sitemap
3,Chapel of Our Lady of Bon Secour,Archdiocese of Mobile,https://www.stjohnms.com/our-lady-of-bon-secour,https://stjohnms.com/bulletin/7/11-1,sitemap
3,Chapel of Our Lady of Bon Secour,Archdiocese of Mobile,https://www.stjohnms.com/our-lady-of-bon-secour,https://stjohnms.com/bulletin/7/12,sitemap
3,Chapel of Our Lady of Bon Secour,Archdiocese of Mobile,https://www.stjohnms.com/our-lady-of-bon-secour,https://stjohnms.com/bulletin/7/14,sitemap
3,Chapel of Our Lady of Bon Secour,Archdiocese of Mobile,https://www.stjohnms.com/our-lady-of-bon-secour,https://stjohnms.com/bulletin/7/14-1,sitemap
3,Chapel of Our Lady of Bon Secour,Archdiocese of Mobile,https://www.stjohnms.com/our-lady-of-bon-secour,https://stjohnms.com/bulletin/7/17,sitemap
3,Chapel of Our Lady of Bon Secour,Archdiocese of Mobile,https://www.stjohnms.com/our-lady-of-bon-secour,https://stjohnms.com/bulletin/7/18,sitemap
3,Chapel of Our Lady of Bon Secour,Archdiocese of Mobile,https://www.stjohnms.com/our-lady-of-bon-secour,https://stjohnms.com/bulletin/7/2,sitemap
3,Chapel of Our Lady of Bon Secour,Archdiocese of Mobile,https://www.stjohnms.com/our-lady-of-bon-secour,https://stjohnms.com/bulletin/7/20,sitemap
3,Chapel of Our Lady of Bon Secour,Archdiocese of Mobile,https://www.stjohnms.com/our-lady-of-bon-secour,https://stjohnms.com/bulletin/7/21,sitemap
3,Chapel of Our Lady of Bon Secour,Archdiocese of Mobile,https://www.stjohnms.com/our-lady-of-bon-secour,https://stjohnms.com/bulletin/7/22,sitemap
3,Chapel of Our Lady of Bon Secour,Archdiocese of Mobile,https://www.stjohnms.com/our-lady-of-bon-secour,https://stjohnms.com/bulletin/7/24,sitemap
3,Chapel of Our Lady of Bon Secour,Archdiocese of Mobile,https://www.stjohnms.com/our-lady-of-bon-secour,https://stjohnms.com/bulletin/7/25-1,sitemap
3,Chapel of Our Lady of Bon Secour,Archdiocese of Mobile,https://www.stjohnms.com/our-lady-of-bon-secour,https://stjohnms.com/bulletin/7/26,sitemap
3,Chapel of Our Lady of Bon Secour,Archdiocese of Mobile,https://www.stjohnms.com/our-lady-of-bon-secour,https://stjohnms.com/bulletin/7/28,sitemap
3,Chapel of Our Lady of Bon Secour,Archdiocese of Mobile,https://www.stjohnms.com/our-lady-of-bon-secour,https://stjohnms.com/bulletin/7/28-1,sitemap
3,Chapel of Our Lady of Bon Secour,Archdiocese of Mobile,https://www.stjohnms.com/our-lady-of-bon-secour,https://stjohnms.com/bulletin/7/3,sitemap
3,Chapel of Our Lady of Bon Secour,Archdiocese of Mobile,https://www.stjohnms.com/our-lady-of-bon-secour,https://stjohnms.com/bulletin/7/5,sitemap
3,Chapel of Our Lady of Bon Secour,Archdiocese of Mobile,https://www.stjohnms.com/our-lady-of-bon-secour,https://stjohnms.com/bulletin/7/7,sitemap
3,Chapel of Our Lady of Bon Secour,Archdiocese of Mobile,https://www.stjohnms.com/our-lady-of-bon-secour,https://stjohnms.com/bulletin/7/7-1,sitemap
3,Chapel of Our Lady of Bon Secour,Archdiocese of Mobile,https://www.stjohnms.com/our-lady-of-bon-secour,https://stjohnms.com/bulletin/7/7-2,sitemap
3,Chapel of Our Lady of Bon Secour,Archdiocese of Mobile,https://www.stjohnms.com/our-lady-of-bon-secour,https://stjohnms.com/bulletin/8/1,sitemap
3,Chapel of Our Lady of Bon Secour,Archdiocese of Mobile,https://www.stjohnms.com/our-lady-of-bon-secour,https://stjohnms.com/bulletin/8/1-1,sitemap
3,Chapel of Our Lady of Bon Secour,Archdiocese of Mobile,https://www.stjohnms.com/our-lady-of-bon-secour,https://stjohnms.com/bulletin/8/11,sitemap
3,Chapel of Our Lady of Bon Secour,Archdiocese of Mobile,https://www.stjohnms.com/our-lady-of-bon-secour,https://stjohnms.com/bulletin/8/13,sitemap
3,Chapel of Our Lady of Bon Secour,Archdiocese of Mobile,https://www.stjohnms.com/our-lady-of-bon-secour,https://stjohnms.com/bulletin/8/14,sitemap
3,Chapel of Our Lady of Bon Secour,Archdiocese of Mobile,https://www.stjohnms.com/our-lady-of-bon-secour,https://stjohnms.com/bulletin/8/15,sitemap
3,Chapel of Our Lady of Bon Secour,Archdiocese of Mobile,https://www.stjohnms.com/our-lady-of-bon-secour,https://stjohnms.com/bulletin/8/16,sitemap
3,Chapel of Our Lady of Bon Secour,Archdiocese of Mobile,https://www.stjohnms.com/our-lady-of-bon-secour,https://stjohnms.com/bulletin/8/18,sitemap
3,Chapel of Our Lady of Bon Secour,Archdiocese of Mobile,https://www.stjohnms.com/our-lady-of-bon-secour,https://stjohnms.com/bulletin/8/2,sitemap
3,Chapel of Our Lady of Bon Secour,Archdiocese of Mobile,https://www.stjohnms.com/our-lady-of-bon-secour,https://stjohnms.com/bulletin/8/20,sitemap
3,Chapel of Our Lady of Bon Secour,Archdiocese of Mobile,https://www.stjohnms.com/our-lady-of-bon-secour,https://stjohnms.com/bulletin/8/21,sitemap
3,Chapel of Our Lady of Bon Secour,Archdiocese of Mobile,https://www.stjohnms.com/our-lady-of-bon-secour,https://stjohnms.com/bulletin/8/22,sitemap
3,Chapel of Our Lady of Bon Secour,Archdiocese of Mobile,https://www.stjohnms.com/our-lady-of-bon-secour,https://stjohnms.com/bulletin/8/23,sitemap
3,Chapel of Our Lady of Bon Secour,Archdiocese of Mobile,https://www.stjohnms.com/our-lady-of-bon-secour,https://stjohnms.com/bulletin/8/25,sitemap
3,Chapel of Our Lady of Bon Secour,Archdiocese of Mobile,https://www.stjohnms.com/our-lady-of-bon-secour,https://stjohnms.com/bulletin/8/28,sitemap
3,Chapel of Our Lady of Bon Secour,Archdiocese of Mobile,https://www.stjohnms.com/our-lady-of-bon-secour,https://stjohnms.com/bulletin/8/29,sitemap
3,Chapel of Our Lady of Bon Secour,Archdiocese of Mobile,https://www.stjohnms.com/our-lady-of-bon-secour,https://stjohnms.com/bulletin/8/30,sitemap
3,Chapel of Our Lady of Bon Secour,Archdiocese of Mobile,https://www.stjohnms.com/our-lady-of-bon-secour,https://stjohnms.com/bulletin/8/4,sitemap
3,Chapel of Our Lady of Bon Secour,Archdiocese of Mobile,https://www.stjohnms.com/our-lady-of-bon-secour,https://stjohnms.com/bulletin/8/6,sitemap
3,Chapel of Our Lady of Bon Secour,Archdiocese of Mobile,https://www.stjohnms.com/our-lady-of-bon-secour,https://stjohnms.com/bulletin/8/8,sitemap
3,Chapel of Our Lady of Bon Secour,Archdiocese of Mobile,https://www.stjohnms.com/our-lady-of-bon-secour,https://stjohnms.com/bulletin/8/8-2,sitemap
3,Chapel of Our Lady of Bon Secour,Archdiocese of Mobile,https://www.stjohnms.com/our-lady-of-bon-secour,https://stjohnms.com/bulletin/8/9,sitemap
3,Chapel of Our Lady of Bon Secour,Archdiocese of Mobile,https://www.stjohnms.com/our-lady-of-bon-secour,https://stjohnms.com/bulletin/9/1,sitemap
3,Chapel of Our Lady of Bon Secour,Archdiocese of Mobile,https://www.stjohnms.com/our-lady-of-bon-secour,https://stjohnms.com/bulletin/9/1-1,sitemap
3,Chapel of Our Lady of Bon Secour,Archdiocese of Mobile,https://www.stjohnms.com/our-lady-of-bon-secour,https://stjohnms.com/bulletin/9/11,sitemap
3,Chapel of Our Lady of Bon Secour,Archdiocese of Mobile,https://www.stjohnms.com/our-lady-of-bon-secour,https://stjohnms.com/bulletin/9/12,sitemap
3,Chapel of Our Lady of Bon Secour,Archdiocese of Mobile,https://www.stjohnms.com/our-lady-of-bon-secour,https://stjohnms.com/bulletin/9/13,sitemap
3,Chapel of Our Lady of Bon Secour,Archdiocese of Mobile,https://www.stjohnms.com/our-lady-of-bon-secour,https://stjohnms.com/bulletin/9/15,sitemap
3,Chapel of Our Lady of Bon Secour,Archdiocese of Mobile,https://www.stjohnms.com/our-lady-of-bon-secour,https://stjohnms.com/bulletin/9/17,sitemap
3,Chapel of Our Lady of Bon Secour,Archdiocese of Mobile,https://www.stjohnms.com/our-lady-of-bon-secour,https://stjohnms.com/bulletin/9/18-1,sitemap
3,Chapel of Our Lady of Bon Secour,Archdiocese of Mobile,https://www.stjohnms.com/our-lady-of-bon-secour,https://stjohnms.com/bulletin/9/19,sitemap
3,Chapel of Our Lady of Bon Secour,Archdiocese of Mobile,https://www.stjohnms.com/our-lady-of-bon-secour,https://stjohnms.com/bulletin/9/2,sitemap
3,Chapel of Our Lady of Bon Secour,Archdiocese of Mobile,https://www.stjohnms.com/our-lady-of-bon-secour,https://stjohnms.com/bulletin/9/20-3,sitemap
3,Chapel of Our Lady of Bon Secour,Archdiocese of Mobile,https://www.stjohnms.com/our-lady-of-bon-secour,https://stjohnms.com/bulletin/9/22,sitemap
3,Chapel of Our Lady of Bon Secour,Archdiocese of Mobile,https://www.stjohnms.com/our-lady-of-bon-secour,https://stjohnms.com/bulletin/9/24,sitemap
3,Chapel of Our Lady of Bon Secour,Archdiocese of Mobile,https://www.stjohnms.com/our-lady-of-bon-secour,https://stjohnms.com/bulletin/9/26,sitemap
3,Chapel of Our Lady of Bon Secour,Archdiocese of Mobile,https://www.stjohnms.com/our-lady-of-bon-secour,https://stjohnms.com/bulletin/9/27,sitemap
3,Chapel of Our Lady of Bon Secour,Archdiocese of Mobile,https://www.stjohnms.com/our-lady-of-bon-secour,https://stjohnms.com/bulletin/9/28,sitemap
3,Chapel of Our Lady of Bon Secour,Archdiocese of Mobile,https://www.stjohnms.com/our-lady-of-bon-secour,https://stjohnms.com/bulletin/9/4,sitemap
3,Chapel of Our Lady of Bon Secour,Archdiocese of Mobile,https://www.stjohnms.com/our-lady-of-bon-secour,https://stjohnms.com/bulletin/9/5,sitemap
3,Chapel of Our Lady of Bon Secour,Archdiocese of Mobile,https://www.stjohnms.com/our-lady-of-bon-secour,https://stjohnms.com/bulletin/9/6,sitemap
3,Chapel of Our Lady of Bon Secour,Archdiocese of Mobile,https://www.stjohnms.com/our-lady-of-bon-secour,https://stjohnms.com/bulletin/9/8,sitemap
3,Chapel of Our Lady of Bon Secour,Archdiocese of Mobile,https://www.stjohnms.com/our-lady-of-bon-secour,https://stjohnms.com/bulletin/9/9,sitemap
3,Chapel of Our Lady of Bon Secour,Archdiocese of Mobile,https://www.stjohnms.com/our-lady-of-bon-secour,https://stjohnms.com/bulletin/blog-post-title-four-amest,sitemap
3,Chapel of Our Lady of Bon Secour,Archdiocese of Mobile,https://www.stjohnms.com/our-lady-of-bon-secour,https://stjohnms.com/census,sitemap
3,Chapel of Our Lady of Bon Secour,Archdiocese of Mobile,https://www.stjohnms.com/our-lady-of-bon-secour,https://stjohnms.com/church-tour,sitemap
3,Chapel of Our Lady of Bon Secour,Archdiocese of Mobile,https://www.stjohnms.com/our-lady-of-bon-secour,https://stjohnms.com/contact,sitemap
3,Chapel of Our Lady of Bon Secour,Archdiocese of Mobile,https://www.stjohnms.com/our-lady-of-bon-secour,https://stjohnms.com/giving,sitemap
3,Chapel of Our Lady of Bon Secour,Archdiocese of Mobile,https://www.stjohnms.com/our-lady-of-bon-secour,https://stjohnms.com/lectio,sitemap
3,Chapel of Our Lady of Bon Secour,Archdiocese of Mobile,https://www.stjohnms.com/our-lady-of-bon-secour,https://stjohnms.com/map-olb,sitemap
3,Chapel of Our Lady of Bon Secour,Archdiocese of Mobile,https://www.stjohnms.com/our-lady-of-bon-secour,https://stjohnms.com/mass-and-confession-times,sitemap
3,Chapel of Our Lady of Bon Secour,Archdiocese of Mobile,https://www.stjohnms.com/our-lady-of-bon-secour,https://stjohnms.com/men,sitemap
3,Chapel of Our Lady of Bon Secour,Archdiocese of Mobile,https://www.stjohnms.com/our-lady-of-bon-secour,https://stjohnms.com/new-page,sitemap
3,Chapel of Our Lady of Bon Secour,Archdiocese of Mobile,https://www.stjohnms.com/our-lady-of-bon-secour,https://stjohnms.com/obligation,sitemap
3,Chapel of Our Lady of Bon Secour,Archdiocese of Mobile,https://www.stjohnms.com/our-lady-of-bon-secour,https://stjohnms.com/stanne,sitemap
3,Chapel of Our Lady of Bon Secour,Archdiocese of Mobile,https://www.stjohnms.com/our-lady-of-bon-secour,https://stjohnms.com/stjohn,sitemap
3,Chapel of Our Lady of Bon Secour,Archdiocese of Mobile,https://www.stjohnms.com/our-lady-of-bon-secour,https://stjohnms.com/stjohnmscom/bazaar,sitemap
4,Christ the King Catholic Church,Archdiocese of Mobile,https://ctkdaphne.org/,http://www.ctkdaphne.org/parish-staff,homepage_link
4,Christ the King Catholic Church,Archdiocese of Mobile,https://ctkdaphne.org/,https://ctkdaphne.org/,"homepage, homepage_link"
4,Christ the King Catholic Church,Archdiocese of Mobile,https://ctkdaphne.org/,https://ctkdaphne.org/0-4,"homepage_link, sitemap"
4,Christ the King Catholic Church,Archdiocese of Mobile,https://ctkdaphne.org/,https://ctkdaphne.org/2023-winterspring-schedule,"homepage_link, sitemap"
4,Christ the King Catholic Church,Archdiocese of Mobile,https://ctkdaphne.org/,https://ctkdaphne.org/about-us,"homepage_link, sitemap"
4,Christ the King Catholic Church,Archdiocese of Mobile,https://ctkdaphne.org/,https://ctkdaphne.org/about-us-1,"homepage_link, sitemap"
4,Christ the King Catholic Church,Archdiocese of Mobile,https://ctkdaphne.org/,https://ctkdaphne.org/aboutus,"homepage_link, sitemap"
4,Christ the King Catholic Church,Archdiocese of Mobile,https://ctkdaphne.org/,https://ctkdaphne.org/adult-faith,"homepage_link, sitemap"
4,Christ the King Catholic Church,Archdiocese of Mobile,https://ctkdaphne.org/,https://ctkdaphne.org/adult-faith-formation,"homepage_link, sitemap"
4,Christ the King Catholic Church,Archdiocese of Mobile,https://ctkdaphne.org/,https://ctkdaphne.org/adult-faith-formation-1,"homepage_link, sitemap"
4,Christ the King Catholic Church,Archdiocese of Mobile,https://ctkdaphne.org/,https://ctkdaphne.org/altar-servers,"homepage_link, sitemap"
4,Christ the King Catholic Church,Archdiocese of Mobile,https://ctkdaphne.org/,https://ctkdaphne.org/anointing-of-the-sick,"homepage_link, sitemap"
4,Christ the King Catholic Church,Archdiocese of Mobile,https://ctkdaphne.org/,https://ctkdaphne.org/apostolate-for-persons-with-disabilities,"homepage_link, sitemap"
4,Christ the King Catholic Church,Archdiocese of Mobile,https://ctkdaphne.org/,https://ctkdaphne.org/assumption-hall,"homepage_link, sitemap"
4,Christ the King Catholic Church,Archdiocese of Mobile,https://ctkdaphne.org/,https://ctkdaphne.org/athletic-prayer-and-pledge,"homepage_link, sitemap"
4,Christ the King Catholic Church,Archdiocese of Mobile,https://ctkdaphne.org/,https://ctkdaphne.org/baptism,"homepage_link, sitemap"
4,Christ the King Catholic Church,Archdiocese of Mobile,https://ctkdaphne.org/,https://ctkdaphne.org/bathing-suit-policy,"homepage_link, sitemap"
4,Christ the King Catholic Church,Archdiocese of Mobile,https://ctkdaphne.org/,https://ctkdaphne.org/be-a-coach,"homepage_link, sitemap"
4,Christ the King Catholic Church,Archdiocese of Mobile,https://ctkdaphne.org/,https://ctkdaphne.org/blessed-francis-xavier-seelos-prayer-group,"homepage_link, sitemap"
4,Christ the King Catholic Church,Archdiocese of Mobile,https://ctkdaphne.org/,https://ctkdaphne.org/blessed-sacrament-chapel,"homepage_link, sitemap"
4,Christ the King Catholic Church,Archdiocese of Mobile,https://ctkdaphne.org/,https://ctkdaphne.org/blog,sitemap
4,Christ the King Catholic Church,Archdiocese of Mobile,https://ctkdaphne.org/,https://ctkdaphne.org/blog/1st-grade-cyo-basketball-league-registration-is-open,sitemap
4,Christ the King Catholic Church,Archdiocese of Mobile,https://ctkdaphne.org/,https://ctkdaphne.org/blog/2018-catholic-charities-appeal,sitemap
4,Christ the King Catholic Church,Archdiocese of Mobile,https://ctkdaphne.org/,https://ctkdaphne.org/blog/2022-2023-confirmation-check-in-dates-times-sign-up,sitemap
4,Christ the King Catholic Church,Archdiocese of Mobile,https://ctkdaphne.org/,https://ctkdaphne.org/blog/2022-catholic-charities-appeal,sitemap
4,Christ the King Catholic Church,Archdiocese of Mobile,https://ctkdaphne.org/,https://ctkdaphne.org/blog/3-on-3-hoopalooza-2017,sitemap
4,Christ the King Catholic Church,Archdiocese of Mobile,https://ctkdaphne.org/,https://ctkdaphne.org/blog/5-years-later-pea-draws-in-many-souls,sitemap
4,Christ the King Catholic Church,Archdiocese of Mobile,https://ctkdaphne.org/,https://ctkdaphne.org/blog/5th-grade-childrens-faith-formation-students-to-perform-the-nativity,sitemap
4,Christ the King Catholic Church,Archdiocese of Mobile,https://ctkdaphne.org/,https://ctkdaphne.org/blog/9th-and-10th-grade-confirmation-day,sitemap
4,Christ the King Catholic Church,Archdiocese of Mobile,https://ctkdaphne.org/,https://ctkdaphne.org/blog/accw-meeting-at-ctk,sitemap
4,Christ the King Catholic Church,Archdiocese of Mobile,https://ctkdaphne.org/,https://ctkdaphne.org/blog/acyc-jr,sitemap
4,Christ the King Catholic Church,Archdiocese of Mobile,https://ctkdaphne.org/,https://ctkdaphne.org/blog/adoration-chapel-christmas-hours,sitemap
4,Christ the King Catholic Church,Archdiocese of Mobile,https://ctkdaphne.org/,https://ctkdaphne.org/blog/adoration-chapel-hours,sitemap
4,Christ the King Catholic Church,Archdiocese of Mobile,https://ctkdaphne.org/,https://ctkdaphne.org/blog/adoration-chapel-will-close-at-7-am-wednesday-october-10,sitemap
4,Christ the King Catholic Church,Archdiocese of Mobile,https://ctkdaphne.org/,https://ctkdaphne.org/blog/adoration-speaker-nikki-kingsley,sitemap
4,Christ the King Catholic Church,Archdiocese of Mobile,https://ctkdaphne.org/,https://ctkdaphne.org/blog/adult-faith-formation,sitemap
4,Christ the King Catholic Church,Archdiocese of Mobile,https://ctkdaphne.org/,https://ctkdaphne.org/blog/adult-faith-formation-fall-2023-courses,sitemap
4,Christ the King Catholic Church,Archdiocese of Mobile,https://ctkdaphne.org/,https://ctkdaphne.org/blog/adult-faith-formation-fall-2024-course-registration-is-open,sitemap
4,Christ the King Catholic Church,Archdiocese of Mobile,https://ctkdaphne.org/,https://ctkdaphne.org/blog/adult-faith-formation-fall-2024-course-registration-is-open-1,sitemap
4,Christ the King Catholic Church,Archdiocese of Mobile,https://ctkdaphne.org/,https://ctkdaphne.org/blog/adult-faith-formation-fall-2026-course-registration-is-open,sitemap
4,Christ the King Catholic Church,Archdiocese of Mobile,https://ctkdaphne.org/,https://ctkdaphne.org/blog/adult-faith-formation-spring-2025-course-registration-is-open,sitemap
4,Christ the King Catholic Church,Archdiocese of Mobile,https://ctkdaphne.org/,https://ctkdaphne.org/blog/adult-faith-formation-spring-2026-course-registration-is-open,sitemap
4,Christ the King Catholic Church,Archdiocese of Mobile,https://ctkdaphne.org/,https://ctkdaphne.org/blog/advent-and-christmas-schedule,sitemap
4,Christ the King Catholic Church,Archdiocese of Mobile,https://ctkdaphne.org/,https://ctkdaphne.org/blog/advent-christmas-schedule,sitemap
4,Christ the King Catholic Church,Archdiocese of Mobile,https://ctkdaphne.org/,https://ctkdaphne.org/blog/advent-penance-service,sitemap
4,Christ the King Catholic Church,Archdiocese of Mobile,https://ctkdaphne.org/,https://ctkdaphne.org/blog/advent-penance-service-1,sitemap
4,Christ the King Catholic Church,Archdiocese of Mobile,https://ctkdaphne.org/,https://ctkdaphne.org/blog/all-saints-day,sitemap
4,Christ the King Catholic Church,Archdiocese of Mobile,https://ctkdaphne.org/,https://ctkdaphne.org/blog/all-saints-day-friday-november-1,sitemap
4,Christ the King Catholic Church,Archdiocese of Mobile,https://ctkdaphne.org/,https://ctkdaphne.org/blog/all-saints-day-holy-day-of-obligation-november-1,sitemap
4,Christ the King Catholic Church,Archdiocese of Mobile,https://ctkdaphne.org/,https://ctkdaphne.org/blog/all-saints-day-is-november-1,sitemap
4,Christ the King Catholic Church,Archdiocese of Mobile,https://ctkdaphne.org/,https://ctkdaphne.org/blog/altar-server-camp-1,sitemap
4,Christ the King Catholic Church,Archdiocese of Mobile,https://ctkdaphne.org/,https://ctkdaphne.org/blog/altar-server-training,sitemap
4,Christ the King Catholic Church,Archdiocese of Mobile,https://ctkdaphne.org/,https://ctkdaphne.org/blog/altar-serving-training,sitemap
4,Christ the King Catholic Church,Archdiocese of Mobile,https://ctkdaphne.org/,https://ctkdaphne.org/blog/anointing-of-the-sick-this-sunday,sitemap
4,Christ the King Catholic Church,Archdiocese of Mobile,https://ctkdaphne.org/,https://ctkdaphne.org/blog/appeal-for-the-heralds-of-the-good-news,sitemap
4,Christ the King Catholic Church,Archdiocese of Mobile,https://ctkdaphne.org/,https://ctkdaphne.org/blog/april-newsletter,sitemap
4,Christ the King Catholic Church,Archdiocese of Mobile,https://ctkdaphne.org/,https://ctkdaphne.org/blog/archdiocesan-catholic-youth-conference,sitemap
4,Christ the King Catholic Church,Archdiocese of Mobile,https://ctkdaphne.org/,https://ctkdaphne.org/blog/archdiocesan-council-of-catholic-women-quarterly-meeting,sitemap
4,Christ the King Catholic Church,Archdiocese of Mobile,https://ctkdaphne.org/,https://ctkdaphne.org/blog/ash-wednesday-february-26,sitemap
4,Christ the King Catholic Church,Archdiocese of Mobile,https://ctkdaphne.org/,https://ctkdaphne.org/blog/ash-wednesday-mass-schedule,sitemap
4,Christ the King Catholic Church,Archdiocese of Mobile,https://ctkdaphne.org/,https://ctkdaphne.org/blog/august-15-is-the-solemnity-of-the-assumption-of-the-blessed-virgin-mary-a-holy-day-of-obligation,sitemap
4,Christ the King Catholic Church,Archdiocese of Mobile,https://ctkdaphne.org/,https://ctkdaphne.org/blog/august-newsletter,sitemap
4,Christ the King Catholic Church,Archdiocese of Mobile,https://ctkdaphne.org/,https://ctkdaphne.org/blog/august-newsletter-1,sitemap
4,Christ the King Catholic Church,Archdiocese of Mobile,https://ctkdaphne.org/,https://ctkdaphne.org/blog/baldwin-county-quest-retreat,sitemap
4,Christ the King Catholic Church,Archdiocese of Mobile,https://ctkdaphne.org/,https://ctkdaphne.org/blog/basketball-registration-is-open,sitemap
4,Christ the King Catholic Church,Archdiocese of Mobile,https://ctkdaphne.org/,https://ctkdaphne.org/blog/basketball-registration-is-open-1,sitemap
4,Christ the King Catholic Church,Archdiocese of Mobile,https://ctkdaphne.org/,https://ctkdaphne.org/blog/between-the-masses,sitemap
4,Christ the King Catholic Church,Archdiocese of Mobile,https://ctkdaphne.org/,https://ctkdaphne.org/blog/between-the-masses-1,sitemap
4,Christ the King Catholic Church,Archdiocese of Mobile,https://ctkdaphne.org/,https://ctkdaphne.org/blog/between-the-masses-2,sitemap
4,Christ the King Catholic Church,Archdiocese of Mobile,https://ctkdaphne.org/,https://ctkdaphne.org/blog/between-the-masses-june-4,sitemap
4,Christ the King Catholic Church,Archdiocese of Mobile,https://ctkdaphne.org/,https://ctkdaphne.org/blog/between-the-masses-this-sunday,sitemap
4,Christ the King Catholic Church,Archdiocese of Mobile,https://ctkdaphne.org/,https://ctkdaphne.org/blog/between-the-masses-this-sunday-1,sitemap
4,Christ the King Catholic Church,Archdiocese of Mobile,https://ctkdaphne.org/,https://ctkdaphne.org/blog/bilingual-mass,sitemap
4,Christ the King Catholic Church,Archdiocese of Mobile,https://ctkdaphne.org/,https://ctkdaphne.org/blog/bilingual-mass-1,sitemap
4,Christ the King Catholic Church,Archdiocese of Mobile,https://ctkdaphne.org/,https://ctkdaphne.org/blog/bilingual-mass-2,sitemap
4,Christ the King Catholic Church,Archdiocese of Mobile,https://ctkdaphne.org/,https://ctkdaphne.org/blog/bilingual-mass-for-november,sitemap
4,Christ the King Catholic Church,Archdiocese of Mobile,https://ctkdaphne.org/,https://ctkdaphne.org/blog/bilingual-mass-sunday-june-4,sitemap
4,Christ the King Catholic Church,Archdiocese of Mobile,https://ctkdaphne.org/,https://ctkdaphne.org/blog/blessed-seelos-mass,sitemap
4,Christ the King Catholic Church,Archdiocese of Mobile,https://ctkdaphne.org/,https://ctkdaphne.org/blog/blessing-of-the-animals,sitemap
4,Christ the King Catholic Church,Archdiocese of Mobile,https://ctkdaphne.org/,https://ctkdaphne.org/blog/blessing-of-the-animals-1,sitemap
4,Christ the King Catholic Church,Archdiocese of Mobile,https://ctkdaphne.org/,https://ctkdaphne.org/blog/booster-club-hoopalooza-meeting-this-sunday,sitemap
4,Christ the King Catholic Church,Archdiocese of Mobile,https://ctkdaphne.org/,https://ctkdaphne.org/blog/booster-club-meeting,sitemap
4,Christ the King Catholic Church,Archdiocese of Mobile,https://ctkdaphne.org/,https://ctkdaphne.org/blog/booster-club-pep-rally-and-bonfire,sitemap
4,Christ the King Catholic Church,Archdiocese of Mobile,https://ctkdaphne.org/,https://ctkdaphne.org/blog/burse-club-sunday-is-september-10,sitemap
4,Christ the King Catholic Church,Archdiocese of Mobile,https://ctkdaphne.org/,https://ctkdaphne.org/blog/burse-sunday,sitemap
4,Christ the King Catholic Church,Archdiocese of Mobile,https://ctkdaphne.org/,https://ctkdaphne.org/blog/casting-nets-parish-mission,sitemap
4,Christ the King Catholic Church,Archdiocese of Mobile,https://ctkdaphne.org/,https://ctkdaphne.org/blog/catholic-social-services-giving-tree,sitemap
4,Christ the King Catholic Church,Archdiocese of Mobile,https://ctkdaphne.org/,https://ctkdaphne.org/blog/catholic-social-services-volunteer-training,sitemap
4,Christ the King Catholic Church,Archdiocese of Mobile,https://ctkdaphne.org/,https://ctkdaphne.org/blog/childrens-faith-formation-catichists-needed,sitemap
4,Christ the King Catholic Church,Archdiocese of Mobile,https://ctkdaphne.org/,https://ctkdaphne.org/blog/childrens-faith-formation-classes-will-resume-january-7,sitemap
4,Christ the King Catholic Church,Archdiocese of Mobile,https://ctkdaphne.org/,https://ctkdaphne.org/blog/childrens-faith-formation-new-student-registration-1,sitemap
4,Christ the King Catholic Church,Archdiocese of Mobile,https://ctkdaphne.org/,https://ctkdaphne.org/blog/childrens-faith-formation-new-student-registration-now-open,sitemap
4,Christ the King Catholic Church,Archdiocese of Mobile,https://ctkdaphne.org/,https://ctkdaphne.org/blog/childrens-faith-formation-prek3-8th-grade,sitemap
4,Christ the King Catholic Church,Archdiocese of Mobile,https://ctkdaphne.org/,https://ctkdaphne.org/blog/childrens-faith-formation-prek3-8th-grade-new-student-registration,sitemap
4,Christ the King Catholic Church,Archdiocese of Mobile,https://ctkdaphne.org/,https://ctkdaphne.org/blog/childrens-faith-formation-update,sitemap
4,Christ the King Catholic Church,Archdiocese of Mobile,https://ctkdaphne.org/,https://ctkdaphne.org/blog/childrens-faith-formation-updates,sitemap
4,Christ the King Catholic Church,Archdiocese of Mobile,https://ctkdaphne.org/,https://ctkdaphne.org/blog/christ-the-king-celebration,sitemap
4,Christ the King Catholic Church,Archdiocese of Mobile,https://ctkdaphne.org/,https://ctkdaphne.org/blog/christ-the-king-heart-of-worship-2024-featuring-father-david-michael-moses,sitemap
4,Christ the King Catholic Church,Archdiocese of Mobile,https://ctkdaphne.org/,https://ctkdaphne.org/blog/christ-the-king-welcomes-rcia-2018-19-to-the-parish,sitemap
4,Christ the King Catholic Church,Archdiocese of Mobile,https://ctkdaphne.org/,https://ctkdaphne.org/blog/christmas-mass-schedule,sitemap
4,Christ the King Catholic Church,Archdiocese of Mobile,https://ctkdaphne.org/,https://ctkdaphne.org/blog/christmas-mass-schedule-1,sitemap
4,Christ the King Catholic Church,Archdiocese of Mobile,https://ctkdaphne.org/,https://ctkdaphne.org/blog/christmas-masses,sitemap
4,Christ the King Catholic Church,Archdiocese of Mobile,https://ctkdaphne.org/,https://ctkdaphne.org/blog/church-office-closed-on-labor-day-holiday,sitemap
4,Christ the King Catholic Church,Archdiocese of Mobile,https://ctkdaphne.org/,https://ctkdaphne.org/blog/church-office-closed-wednesday-july-4,sitemap
4,Christ the King Catholic Church,Archdiocese of Mobile,https://ctkdaphne.org/,https://ctkdaphne.org/blog/church-office-closed-wednesday-october-10,sitemap
4,Christ the King Catholic Church,Archdiocese of Mobile,https://ctkdaphne.org/,https://ctkdaphne.org/blog/church-office-will-be-closed-monday-may-28,sitemap
4,Christ the King Catholic Church,Archdiocese of Mobile,https://ctkdaphne.org/,https://ctkdaphne.org/blog/communication-and-media-relations-staff,sitemap
4,Christ the King Catholic Church,Archdiocese of Mobile,https://ctkdaphne.org/,https://ctkdaphne.org/blog/communion-service-offered-may-29-31,sitemap
4,Christ the King Catholic Church,Archdiocese of Mobile,https://ctkdaphne.org/,https://ctkdaphne.org/blog/confirmation-informational-parent-meeting-august-31,sitemap
4,Christ the King Catholic Church,Archdiocese of Mobile,https://ctkdaphne.org/,https://ctkdaphne.org/blog/confirmation-parent-meeting,sitemap
4,Christ the King Catholic Church,Archdiocese of Mobile,https://ctkdaphne.org/,https://ctkdaphne.org/blog/confirmation-registration-due-now-for-grades-9-11-click-for-forms-and-information,sitemap
4,Christ the King Catholic Church,Archdiocese of Mobile,https://ctkdaphne.org/,https://ctkdaphne.org/blog/confirmation-registration-packets-available,sitemap
4,Christ the King Catholic Church,Archdiocese of Mobile,https://ctkdaphne.org/,https://ctkdaphne.org/blog/consecration-of-ukraine-and-russia-prayer,sitemap
4,Christ the King Catholic Church,Archdiocese of Mobile,https://ctkdaphne.org/,https://ctkdaphne.org/blog/continuing-education-workshop-for-archdiocesan-priests,sitemap
4,Christ the King Catholic Church,Archdiocese of Mobile,https://ctkdaphne.org/,https://ctkdaphne.org/blog/ctk-athletics-summer-camps-continue,sitemap
4,Christ the King Catholic Church,Archdiocese of Mobile,https://ctkdaphne.org/,https://ctkdaphne.org/blog/ctk-booster-club-kick-off,sitemap
4,Christ the King Catholic Church,Archdiocese of Mobile,https://ctkdaphne.org/,https://ctkdaphne.org/blog/ctk-booster-club-meeting,sitemap
4,Christ the King Catholic Church,Archdiocese of Mobile,https://ctkdaphne.org/,https://ctkdaphne.org/blog/ctk-booster-club-upcoming-meetings,sitemap
4,Christ the King Catholic Church,Archdiocese of Mobile,https://ctkdaphne.org/,https://ctkdaphne.org/blog/ctk-confirmation-program-2020-21,sitemap
4,Christ the King Catholic Church,Archdiocese of Mobile,https://ctkdaphne.org/,https://ctkdaphne.org/blog/ctk-fall-athletic-registration-closes-may-31,sitemap
4,Christ the King Catholic Church,Archdiocese of Mobile,https://ctkdaphne.org/,https://ctkdaphne.org/blog/ctk-lenten-and-holy-week-schedule,sitemap
4,Christ the King Catholic Church,Archdiocese of Mobile,https://ctkdaphne.org/,https://ctkdaphne.org/blog/ctk-life-teens-chili-cook-off-is-back,sitemap
4,Christ the King Catholic Church,Archdiocese of Mobile,https://ctkdaphne.org/,https://ctkdaphne.org/blog/ctk-spirit-t-shirts,sitemap
4,Christ the King Catholic Church,Archdiocese of Mobile,https://ctkdaphne.org/,https://ctkdaphne.org/blog/ctk-st-vincent-de-paul-society-helps-ecumenical-ministries,sitemap
4,Christ the King Catholic Church,Archdiocese of Mobile,https://ctkdaphne.org/,https://ctkdaphne.org/blog/ctk-summer-sports-camp-registration,sitemap
4,Christ the King Catholic Church,Archdiocese of Mobile,https://ctkdaphne.org/,https://ctkdaphne.org/blog/ctk-to-support-catholic-social-services,sitemap
4,Christ the King Catholic Church,Archdiocese of Mobile,https://ctkdaphne.org/,https://ctkdaphne.org/blog/ctk-vacation-bible-school-tracking-mary-mysteries-messages,sitemap
4,Christ the King Catholic Church,Archdiocese of Mobile,https://ctkdaphne.org/,https://ctkdaphne.org/blog/ctk-youth-ministry-fall-dessert-sale-november-24,sitemap
4,Christ the King Catholic Church,Archdiocese of Mobile,https://ctkdaphne.org/,https://ctkdaphne.org/blog/ctk-youth-ministrys-panama-city-retreat-registration-now-open,sitemap
4,Christ the King Catholic Church,Archdiocese of Mobile,https://ctkdaphne.org/,https://ctkdaphne.org/blog/ctkcs-open-house,sitemap
4,Christ the King Catholic Church,Archdiocese of Mobile,https://ctkdaphne.org/,https://ctkdaphne.org/blog/ctkcs-open-registration,sitemap
4,Christ the King Catholic Church,Archdiocese of Mobile,https://ctkdaphne.org/,https://ctkdaphne.org/blog/cyo-fall-sports-registration-now-open,sitemap
4,Christ the King Catholic Church,Archdiocese of Mobile,https://ctkdaphne.org/,https://ctkdaphne.org/blog/cyo-fall-sports-registration-now-open-1,sitemap
4,Christ the King Catholic Church,Archdiocese of Mobile,https://ctkdaphne.org/,https://ctkdaphne.org/blog/cyo-fall-sports-update,sitemap
4,Christ the King Catholic Church,Archdiocese of Mobile,https://ctkdaphne.org/,https://ctkdaphne.org/blog/deacon-nicholas-napolitano-to-be-ordained,sitemap
4,Christ the King Catholic Church,Archdiocese of Mobile,https://ctkdaphne.org/,https://ctkdaphne.org/blog/discerning-your-vocation-to-begin-september-6,sitemap
4,Christ the King Catholic Church,Archdiocese of Mobile,https://ctkdaphne.org/,https://ctkdaphne.org/blog/documentary-screenagers-coming-to-ctk,sitemap
4,Christ the King Catholic Church,Archdiocese of Mobile,https://ctkdaphne.org/,https://ctkdaphne.org/blog/easter-parish-office-hours,sitemap
4,Christ the King Catholic Church,Archdiocese of Mobile,https://ctkdaphne.org/,https://ctkdaphne.org/blog/edg-end-of-summer-pool-party,sitemap
4,Christ the King Catholic Church,Archdiocese of Mobile,https://ctkdaphne.org/,https://ctkdaphne.org/blog/edge,sitemap
4,Christ the King Catholic Church,Archdiocese of Mobile,https://ctkdaphne.org/,https://ctkdaphne.org/blog/edge-1,sitemap
4,Christ the King Catholic Church,Archdiocese of Mobile,https://ctkdaphne.org/,https://ctkdaphne.org/blog/edge-2019-winter-spring-schedule-published,sitemap
4,Christ the King Catholic Church,Archdiocese of Mobile,https://ctkdaphne.org/,https://ctkdaphne.org/blog/edge-6th-grade-welcome,sitemap
4,Christ the King Catholic Church,Archdiocese of Mobile,https://ctkdaphne.org/,https://ctkdaphne.org/blog/edge-back-to-school-parent-meeting,sitemap
4,Christ the King Catholic Church,Archdiocese of Mobile,https://ctkdaphne.org/,https://ctkdaphne.org/blog/edge-christmas-dance-party,sitemap
4,Christ the King Catholic Church,Archdiocese of Mobile,https://ctkdaphne.org/,https://ctkdaphne.org/blog/edge-end-of-summer-luau,sitemap
4,Christ the King Catholic Church,Archdiocese of Mobile,https://ctkdaphne.org/,https://ctkdaphne.org/blog/edge-events-and-activities-coming-up,sitemap
4,Christ the King Catholic Church,Archdiocese of Mobile,https://ctkdaphne.org/,https://ctkdaphne.org/blog/edge-fall-calendar,sitemap
4,Christ the King Catholic Church,Archdiocese of Mobile,https://ctkdaphne.org/,https://ctkdaphne.org/blog/edge-fall-event-schedule,sitemap
4,Christ the King Catholic Church,Archdiocese of Mobile,https://ctkdaphne.org/,https://ctkdaphne.org/blog/edge-fall-kick-off,sitemap
4,Christ the King Catholic Church,Archdiocese of Mobile,https://ctkdaphne.org/,https://ctkdaphne.org/blog/edge-family-fun-day-is-this-sunday,sitemap
4,Christ the King Catholic Church,Archdiocese of Mobile,https://ctkdaphne.org/,https://ctkdaphne.org/blog/edge-lockout-coming-up,sitemap
4,Christ the King Catholic Church,Archdiocese of Mobile,https://ctkdaphne.org/,https://ctkdaphne.org/blog/edge-make-a-difference-day,sitemap
4,Christ the King Catholic Church,Archdiocese of Mobile,https://ctkdaphne.org/,https://ctkdaphne.org/blog/edge-new-orleans-summer-trip,sitemap
4,Christ the King Catholic Church,Archdiocese of Mobile,https://ctkdaphne.org/,https://ctkdaphne.org/blog/edge-night-out,sitemap
4,Christ the King Catholic Church,Archdiocese of Mobile,https://ctkdaphne.org/,https://ctkdaphne.org/blog/edge-pie-and-dessert-sale-this-sunday,sitemap
4,Christ the King Catholic Church,Archdiocese of Mobile,https://ctkdaphne.org/,https://ctkdaphne.org/blog/edge-summer-calendar,sitemap
4,Christ the King Catholic Church,Archdiocese of Mobile,https://ctkdaphne.org/,https://ctkdaphne.org/blog/edge-summer-kickoff-june-1,sitemap
4,Christ the King Catholic Church,Archdiocese of Mobile,https://ctkdaphne.org/,https://ctkdaphne.org/blog/edge-summer-special-events,sitemap
4,Christ the King Catholic Church,Archdiocese of Mobile,https://ctkdaphne.org/,https://ctkdaphne.org/blog/elevate-retreat,sitemap
4,Christ the King Catholic Church,Archdiocese of Mobile,https://ctkdaphne.org/,https://ctkdaphne.org/blog/end-of-the-year-sports-party,sitemap
4,Christ the King Catholic Church,Archdiocese of Mobile,https://ctkdaphne.org/,https://ctkdaphne.org/blog/ephesians-discover-your-inheritance,sitemap
4,Christ the King Catholic Church,Archdiocese of Mobile,https://ctkdaphne.org/,https://ctkdaphne.org/blog/equip-class,sitemap
4,Christ the King Catholic Church,Archdiocese of Mobile,https://ctkdaphne.org/,https://ctkdaphne.org/blog/equip-class-1,sitemap
4,Christ the King Catholic Church,Archdiocese of Mobile,https://ctkdaphne.org/,https://ctkdaphne.org/blog/equip-class-2,sitemap
4,Christ the King Catholic Church,Archdiocese of Mobile,https://ctkdaphne.org/,https://ctkdaphne.org/blog/equip-class-3,sitemap
4,Christ the King Catholic Church,Archdiocese of Mobile,https://ctkdaphne.org/,https://ctkdaphne.org/blog/equip-class-4,sitemap
4,Christ the King Catholic Church,Archdiocese of Mobile,https://ctkdaphne.org/,https://ctkdaphne.org/blog/eucharistic-minister-lector-and-altar-server-mass-schedule,sitemap
4,Christ the King Catholic Church,Archdiocese of Mobile,https://ctkdaphne.org/,https://ctkdaphne.org/blog/eucharistic-revival-study-registration,sitemap
4,Christ the King Catholic Church,Archdiocese of Mobile,https://ctkdaphne.org/,https://ctkdaphne.org/blog/fall-2020-adult-faith-class-registration,sitemap
4,Christ the King Catholic Church,Archdiocese of Mobile,https://ctkdaphne.org/,https://ctkdaphne.org/blog/fall-sports-registration-is-open,sitemap
4,Christ the King Catholic Church,Archdiocese of Mobile,https://ctkdaphne.org/,https://ctkdaphne.org/blog/feast-of-christ-the-king-eucharistic-procession,sitemap
4,Christ the King Catholic Church,Archdiocese of Mobile,https://ctkdaphne.org/,https://ctkdaphne.org/blog/feast-of-the-assumption-of-the-blessed-virgin-mary,sitemap
4,Christ the King Catholic Church,Archdiocese of Mobile,https://ctkdaphne.org/,https://ctkdaphne.org/blog/feast-of-the-immaculate-conception-of-our-blessed-virgin-mary,sitemap
4,Christ the King Catholic Church,Archdiocese of Mobile,https://ctkdaphne.org/,https://ctkdaphne.org/blog/february-newletter,sitemap
4,Christ the King Catholic Church,Archdiocese of Mobile,https://ctkdaphne.org/,https://ctkdaphne.org/blog/february-newsletter,sitemap
4,Christ the King Catholic Church,Archdiocese of Mobile,https://ctkdaphne.org/,https://ctkdaphne.org/blog/festa-italiana-2022,sitemap
4,Christ the King Catholic Church,Archdiocese of Mobile,https://ctkdaphne.org/,https://ctkdaphne.org/blog/festa-italiana-march-19,sitemap
4,Christ the King Catholic Church,Archdiocese of Mobile,https://ctkdaphne.org/,https://ctkdaphne.org/blog/festa-italiana-scheduled-for-this-sunday-march-22-has-been-postponed-until-further-notice,sitemap
4,Christ the King Catholic Church,Archdiocese of Mobile,https://ctkdaphne.org/,https://ctkdaphne.org/blog/full-advent-and-christmas-schedule,sitemap
4,Christ the King Catholic Church,Archdiocese of Mobile,https://ctkdaphne.org/,https://ctkdaphne.org/blog/girls-night-out-with-st-therese,sitemap
4,Christ the King Catholic Church,Archdiocese of Mobile,https://ctkdaphne.org/,https://ctkdaphne.org/blog/gym-kitchen-closed-for-renovations,sitemap
4,Christ the King Catholic Church,Archdiocese of Mobile,https://ctkdaphne.org/,https://ctkdaphne.org/blog/habemus-papam,sitemap
4,Christ the King Catholic Church,Archdiocese of Mobile,https://ctkdaphne.org/,https://ctkdaphne.org/blog/high-ropes-course,sitemap
4,Christ the King Catholic Church,Archdiocese of Mobile,https://ctkdaphne.org/,https://ctkdaphne.org/blog/holy-day-of-obligation-solemnity-of-the-immaculate-conception-of-the-blessed-virgin-mary-december-8,sitemap
4,Christ the King Catholic Church,Archdiocese of Mobile,https://ctkdaphne.org/,https://ctkdaphne.org/blog/holy-week-adoration-chapel-hours,sitemap
4,Christ the King Catholic Church,Archdiocese of Mobile,https://ctkdaphne.org/,https://ctkdaphne.org/blog/hours-are-available-to-become-a-guardian,sitemap
4,Christ the King Catholic Church,Archdiocese of Mobile,https://ctkdaphne.org/,https://ctkdaphne.org/blog/hurricane-michael-relief,sitemap
4,Christ the King Catholic Church,Archdiocese of Mobile,https://ctkdaphne.org/,https://ctkdaphne.org/blog/imercy-divine-hotspot,sitemap
4,Christ the King Catholic Church,Archdiocese of Mobile,https://ctkdaphne.org/,https://ctkdaphne.org/blog/international-food-festival,sitemap
4,Christ the King Catholic Church,Archdiocese of Mobile,https://ctkdaphne.org/,https://ctkdaphne.org/blog/january-newlsetter,sitemap
4,Christ the King Catholic Church,Archdiocese of Mobile,https://ctkdaphne.org/,https://ctkdaphne.org/blog/join-for-a-healing-concert,sitemap
4,Christ the King Catholic Church,Archdiocese of Mobile,https://ctkdaphne.org/,https://ctkdaphne.org/blog/join-us-for-a-farewell-reception-for-fr-dan,sitemap
4,Christ the King Catholic Church,Archdiocese of Mobile,https://ctkdaphne.org/,https://ctkdaphne.org/blog/join-us-for-festa-italiana,sitemap
4,Christ the King Catholic Church,Archdiocese of Mobile,https://ctkdaphne.org/,https://ctkdaphne.org/blog/join-us-for-our-lenten-dinners-each-friday,sitemap
4,Christ the King Catholic Church,Archdiocese of Mobile,https://ctkdaphne.org/,https://ctkdaphne.org/blog/join-us-for-our-lenten-mission,sitemap
4,Christ the King Catholic Church,Archdiocese of Mobile,https://ctkdaphne.org/,https://ctkdaphne.org/blog/jr-high-pie-and-dessert-sale-coming-up,sitemap
4,Christ the King Catholic Church,Archdiocese of Mobile,https://ctkdaphne.org/,https://ctkdaphne.org/blog/jr-high-youth-ministry-fall-schedule-available-now,sitemap
4,Christ the King Catholic Church,Archdiocese of Mobile,https://ctkdaphne.org/,https://ctkdaphne.org/blog/ladies-sodality,sitemap
4,Christ the King Catholic Church,Archdiocese of Mobile,https://ctkdaphne.org/,https://ctkdaphne.org/blog/ladies-sodality-christmas-luncheon,sitemap
4,Christ the King Catholic Church,Archdiocese of Mobile,https://ctkdaphne.org/,https://ctkdaphne.org/blog/ladies-sodality-christmas-luncheon-fashion-show,sitemap
4,Christ the King Catholic Church,Archdiocese of Mobile,https://ctkdaphne.org/,https://ctkdaphne.org/blog/ladies-sodality-meeting,sitemap
4,Christ the King Catholic Church,Archdiocese of Mobile,https://ctkdaphne.org/,https://ctkdaphne.org/blog/ladies-sodality-meeting-rescheduled-for-tuesday-september-11,sitemap
4,Christ the King Catholic Church,Archdiocese of Mobile,https://ctkdaphne.org/,https://ctkdaphne.org/blog/ladies-sodality-meetings-begin,sitemap
4,Christ the King Catholic Church,Archdiocese of Mobile,https://ctkdaphne.org/,https://ctkdaphne.org/blog/ladies-sodality-monthly-meeting,sitemap
4,Christ the King Catholic Church,Archdiocese of Mobile,https://ctkdaphne.org/,https://ctkdaphne.org/blog/lectors-meeting,sitemap
4,Christ the King Catholic Church,Archdiocese of Mobile,https://ctkdaphne.org/,https://ctkdaphne.org/blog/lenten-and-holy-week-schedule,sitemap
4,Christ the King Catholic Church,Archdiocese of Mobile,https://ctkdaphne.org/,https://ctkdaphne.org/blog/lenten-dinners,sitemap
4,Christ the King Catholic Church,Archdiocese of Mobile,https://ctkdaphne.org/,https://ctkdaphne.org/blog/lenten-holy-week-schedule-2017,sitemap
4,Christ the King Catholic Church,Archdiocese of Mobile,https://ctkdaphne.org/,https://ctkdaphne.org/blog/life-teen-fall-event-schedule,sitemap
4,Christ the King Catholic Church,Archdiocese of Mobile,https://ctkdaphne.org/,https://ctkdaphne.org/blog/life-teen-fall-kick-off,sitemap
4,Christ the King Catholic Church,Archdiocese of Mobile,https://ctkdaphne.org/,https://ctkdaphne.org/blog/life-teen-freshman-welcome-night,sitemap
4,Christ the King Catholic Church,Archdiocese of Mobile,https://ctkdaphne.org/,https://ctkdaphne.org/blog/life-teen-summer-schedule,sitemap
4,Christ the King Catholic Church,Archdiocese of Mobile,https://ctkdaphne.org/,https://ctkdaphne.org/blog/life-teen-summer-tubing-trip-cancelled-due-to-inclement-weather,sitemap
4,Christ the King Catholic Church,Archdiocese of Mobile,https://ctkdaphne.org/,https://ctkdaphne.org/blog/life-teen-trip-to-owa,sitemap
4,Christ the King Catholic Church,Archdiocese of Mobile,https://ctkdaphne.org/,https://ctkdaphne.org/blog/life-teen-volunteer-needed,sitemap
4,Christ the King Catholic Church,Archdiocese of Mobile,https://ctkdaphne.org/,https://ctkdaphne.org/blog/lifeteen-acyc-2019-registration,sitemap
4,Christ the King Catholic Church,Archdiocese of Mobile,https://ctkdaphne.org/,https://ctkdaphne.org/blog/lifeteen-bow-tag-christmas-party,sitemap
4,Christ the King Catholic Church,Archdiocese of Mobile,https://ctkdaphne.org/,https://ctkdaphne.org/blog/lifeteen-bow-tag-rescheduled-for-this-sunday,sitemap
4,Christ the King Catholic Church,Archdiocese of Mobile,https://ctkdaphne.org/,https://ctkdaphne.org/blog/lifeteen-bowling-and-laser-tag,sitemap
4,Christ the King Catholic Church,Archdiocese of Mobile,https://ctkdaphne.org/,https://ctkdaphne.org/blog/lifeteen-chili-cook-off-tickets-on-sale-now,sitemap
4,Christ the King Catholic Church,Archdiocese of Mobile,https://ctkdaphne.org/,https://ctkdaphne.org/blog/lifeteen-easter-family-fun,sitemap
4,Christ the King Catholic Church,Archdiocese of Mobile,https://ctkdaphne.org/,https://ctkdaphne.org/blog/lifeteen-edge-trip-to-the-track,sitemap
4,Christ the King Catholic Church,Archdiocese of Mobile,https://ctkdaphne.org/,https://ctkdaphne.org/blog/lifeteen-flag-football,sitemap
4,Christ the King Catholic Church,Archdiocese of Mobile,https://ctkdaphne.org/,https://ctkdaphne.org/blog/lifeteen-headed-to-i-am-spartacus-concert,sitemap
4,Christ the King Catholic Church,Archdiocese of Mobile,https://ctkdaphne.org/,https://ctkdaphne.org/blog/lifeteen-informational-meeting-for-walt-disney-world,sitemap
4,Christ the King Catholic Church,Archdiocese of Mobile,https://ctkdaphne.org/,https://ctkdaphne.org/blog/lifeteen-informational-meeting-march-for-life-2019,sitemap
4,Christ the King Catholic Church,Archdiocese of Mobile,https://ctkdaphne.org/,https://ctkdaphne.org/blog/lifeteen-informational-meeting-summer-mission-trip-2019,sitemap
4,Christ the King Catholic Church,Archdiocese of Mobile,https://ctkdaphne.org/,https://ctkdaphne.org/blog/lifeteen-summer-kick-off-june-4,sitemap
4,Christ the King Catholic Church,Archdiocese of Mobile,https://ctkdaphne.org/,https://ctkdaphne.org/blog/lifeteen-summer-special-events,sitemap
4,Christ the King Catholic Church,Archdiocese of Mobile,https://ctkdaphne.org/,https://ctkdaphne.org/blog/lifeteen-trip-to-the-abbey-youth-festival,sitemap
4,Christ the King Catholic Church,Archdiocese of Mobile,https://ctkdaphne.org/,https://ctkdaphne.org/blog/lifeteen-trunk-or-treat-1,sitemap
4,Christ the King Catholic Church,Archdiocese of Mobile,https://ctkdaphne.org/,https://ctkdaphne.org/blog/make-your-appointment-for-your-family-photo-for-our-parish-directory,sitemap
4,Christ the King Catholic Church,Archdiocese of Mobile,https://ctkdaphne.org/,https://ctkdaphne.org/blog/march-for-life-2018-registration,sitemap
4,Christ the King Catholic Church,Archdiocese of Mobile,https://ctkdaphne.org/,https://ctkdaphne.org/blog/march-for-life-mobile-friday-january-27,sitemap
4,Christ the King Catholic Church,Archdiocese of Mobile,https://ctkdaphne.org/,https://ctkdaphne.org/blog/march-for-life-parent-meeting,sitemap
4,Christ the King Catholic Church,Archdiocese of Mobile,https://ctkdaphne.org/,https://ctkdaphne.org/blog/march-newsletter,sitemap
4,Christ the King Catholic Church,Archdiocese of Mobile,https://ctkdaphne.org/,https://ctkdaphne.org/blog/mass-times-for-feast-of-the-immaculate-conception,sitemap
4,Christ the King Catholic Church,Archdiocese of Mobile,https://ctkdaphne.org/,https://ctkdaphne.org/blog/may-booster-club-meeting,sitemap
4,Christ the King Catholic Church,Archdiocese of Mobile,https://ctkdaphne.org/,https://ctkdaphne.org/blog/may-newsletter,sitemap
4,Christ the King Catholic Church,Archdiocese of Mobile,https://ctkdaphne.org/,https://ctkdaphne.org/blog/memorial-day-office-hours,sitemap
4,Christ the King Catholic Church,Archdiocese of Mobile,https://ctkdaphne.org/,https://ctkdaphne.org/blog/mens-retreat,sitemap
4,Christ the King Catholic Church,Archdiocese of Mobile,https://ctkdaphne.org/,https://ctkdaphne.org/blog/middle-school-sock-hop,sitemap
4,Christ the King Catholic Church,Archdiocese of Mobile,https://ctkdaphne.org/,https://ctkdaphne.org/blog/mlk-day-of-service,sitemap
4,Christ the King Catholic Church,Archdiocese of Mobile,https://ctkdaphne.org/,https://ctkdaphne.org/blog/monica-kurth-ctks-2019-christ-the-king-medal-recipient,sitemap
4,Christ the King Catholic Church,Archdiocese of Mobile,https://ctkdaphne.org/,https://ctkdaphne.org/blog/mosj-outback-confirmation-retreat-brings-forth-140-attendees,sitemap
4,Christ the King Catholic Church,Archdiocese of Mobile,https://ctkdaphne.org/,https://ctkdaphne.org/blog/mr-joe-tramuta-receives-christ-the-king-medal,sitemap
4,Christ the King Catholic Church,Archdiocese of Mobile,https://ctkdaphne.org/,https://ctkdaphne.org/blog/new-athletic-director,sitemap
4,Christ the King Catholic Church,Archdiocese of Mobile,https://ctkdaphne.org/,https://ctkdaphne.org/blog/new-church-pews-have-been-installed,sitemap
4,Christ the King Catholic Church,Archdiocese of Mobile,https://ctkdaphne.org/,https://ctkdaphne.org/blog/new-covid-regulations-from-archbishop-thomas-j-rodi,sitemap
4,Christ the King Catholic Church,Archdiocese of Mobile,https://ctkdaphne.org/,https://ctkdaphne.org/blog/new-parish-communication-coordinator,sitemap
4,Christ the King Catholic Church,Archdiocese of Mobile,https://ctkdaphne.org/,https://ctkdaphne.org/blog/new-parish-council-mmeber,sitemap
4,Christ the King Catholic Church,Archdiocese of Mobile,https://ctkdaphne.org/,https://ctkdaphne.org/blog/news,sitemap
4,Christ the King Catholic Church,Archdiocese of Mobile,https://ctkdaphne.org/,https://ctkdaphne.org/blog/news-1,sitemap
4,Christ the King Catholic Church,Archdiocese of Mobile,https://ctkdaphne.org/,https://ctkdaphne.org/blog/no-childrens-faith-formation-classes-november-26,sitemap
4,Christ the King Catholic Church,Archdiocese of Mobile,https://ctkdaphne.org/,https://ctkdaphne.org/blog/no-childrens-nursery-this-sunday-december-24,sitemap
4,Christ the King Catholic Church,Archdiocese of Mobile,https://ctkdaphne.org/,https://ctkdaphne.org/blog/novena-for-the-healing-of-our-hearts-and-home-sunday-april-19-monday-april-27,sitemap
4,Christ the King Catholic Church,Archdiocese of Mobile,https://ctkdaphne.org/,https://ctkdaphne.org/blog/october-is-our-month-to-stock-the-food-pantry,sitemap
4,Christ the King Catholic Church,Archdiocese of Mobile,https://ctkdaphne.org/,https://ctkdaphne.org/blog/one-faith-one-family-conference,sitemap
4,Christ the King Catholic Church,Archdiocese of Mobile,https://ctkdaphne.org/,https://ctkdaphne.org/blog/order-your-ctk-spirit-items-now,sitemap
4,Christ the King Catholic Church,Archdiocese of Mobile,https://ctkdaphne.org/,https://ctkdaphne.org/blog/our-lady-of-fatima,sitemap
4,Christ the King Catholic Church,Archdiocese of Mobile,https://ctkdaphne.org/,https://ctkdaphne.org/blog/our-lady-of-fatima-rosary,sitemap
4,Christ the King Catholic Church,Archdiocese of Mobile,https://ctkdaphne.org/,https://ctkdaphne.org/blog/our-lady-of-guadalupe,sitemap
4,Christ the King Catholic Church,Archdiocese of Mobile,https://ctkdaphne.org/,https://ctkdaphne.org/blog/panama-city-retreat,sitemap
4,Christ the King Catholic Church,Archdiocese of Mobile,https://ctkdaphne.org/,https://ctkdaphne.org/blog/parent-confirmation-meeting,sitemap
4,Christ the King Catholic Church,Archdiocese of Mobile,https://ctkdaphne.org/,https://ctkdaphne.org/blog/parish-cancellations-this-sunday,sitemap
4,Christ the King Catholic Church,Archdiocese of Mobile,https://ctkdaphne.org/,https://ctkdaphne.org/blog/parish-council-position-available,sitemap
4,Christ the King Catholic Church,Archdiocese of Mobile,https://ctkdaphne.org/,https://ctkdaphne.org/blog/parish-library-grand-opening,sitemap
4,Christ the King Catholic Church,Archdiocese of Mobile,https://ctkdaphne.org/,https://ctkdaphne.org/blog/parish-library-open-house-april-21,sitemap
4,Christ the King Catholic Church,Archdiocese of Mobile,https://ctkdaphne.org/,https://ctkdaphne.org/blog/parish-mission-january-30-february-2,sitemap
4,Christ the King Catholic Church,Archdiocese of Mobile,https://ctkdaphne.org/,https://ctkdaphne.org/blog/parish-office-christmas-and-new-years-closing,sitemap
4,Christ the King Catholic Church,Archdiocese of Mobile,https://ctkdaphne.org/,https://ctkdaphne.org/blog/parish-office-closed-as-of-monday-april-6-until-further-notice,sitemap
4,Christ the King Catholic Church,Archdiocese of Mobile,https://ctkdaphne.org/,https://ctkdaphne.org/blog/parish-office-closed-july-4,sitemap
4,Christ the King Catholic Church,Archdiocese of Mobile,https://ctkdaphne.org/,https://ctkdaphne.org/blog/parish-office-closed-labor-day-september-4,sitemap
4,Christ the King Catholic Church,Archdiocese of Mobile,https://ctkdaphne.org/,https://ctkdaphne.org/blog/parish-office-closed-monday-january-15,sitemap
4,Christ the King Catholic Church,Archdiocese of Mobile,https://ctkdaphne.org/,https://ctkdaphne.org/blog/parish-office-holiday-closings,sitemap
4,Christ the King Catholic Church,Archdiocese of Mobile,https://ctkdaphne.org/,https://ctkdaphne.org/blog/parish-office-hours,sitemap
4,Christ the King Catholic Church,Archdiocese of Mobile,https://ctkdaphne.org/,https://ctkdaphne.org/blog/parish-office-update,sitemap
4,Christ the King Catholic Church,Archdiocese of Mobile,https://ctkdaphne.org/,https://ctkdaphne.org/blog/parish-office-will-be-closed-on-tuesday-july-21-to-honor-archbishop-emeritus-lipscomb,sitemap
4,Christ the King Catholic Church,Archdiocese of Mobile,https://ctkdaphne.org/,https://ctkdaphne.org/blog/parish-penance-service,sitemap
4,Christ the King Catholic Church,Archdiocese of Mobile,https://ctkdaphne.org/,https://ctkdaphne.org/blog/parish-weather-closings-cancellations,sitemap
4,Christ the King Catholic Church,Archdiocese of Mobile,https://ctkdaphne.org/,https://ctkdaphne.org/blog/pass-on-the-good-news,sitemap
4,Christ the King Catholic Church,Archdiocese of Mobile,https://ctkdaphne.org/,https://ctkdaphne.org/blog/passionate-discipleship-womens-bible-study,sitemap
4,Christ the King Catholic Church,Archdiocese of Mobile,https://ctkdaphne.org/,https://ctkdaphne.org/blog/patrick-gilbreath-to-be-honored-at-reception,sitemap
4,Christ the King Catholic Church,Archdiocese of Mobile,https://ctkdaphne.org/,https://ctkdaphne.org/blog/penance,sitemap
4,Christ the King Catholic Church,Archdiocese of Mobile,https://ctkdaphne.org/,https://ctkdaphne.org/blog/perpetual-adoration-chapel-christmas-closing,sitemap
4,Christ the King Catholic Church,Archdiocese of Mobile,https://ctkdaphne.org/,https://ctkdaphne.org/blog/perpetual-adoration-guardians-needed,sitemap
4,Christ the King Catholic Church,Archdiocese of Mobile,https://ctkdaphne.org/,https://ctkdaphne.org/blog/priests-continuing-education-workshop,sitemap
4,Christ the King Catholic Church,Archdiocese of Mobile,https://ctkdaphne.org/,https://ctkdaphne.org/blog/priests-retreat,sitemap
4,Christ the King Catholic Church,Archdiocese of Mobile,https://ctkdaphne.org/,https://ctkdaphne.org/blog/proposed-new-pew-arragnment,sitemap
4,Christ the King Catholic Church,Archdiocese of Mobile,https://ctkdaphne.org/,https://ctkdaphne.org/blog/pure-and-simple,sitemap
4,Christ the King Catholic Church,Archdiocese of Mobile,https://ctkdaphne.org/,https://ctkdaphne.org/blog/pure-and-simple-an-archdiocesan-event-for-8th-grade-students-and-parents,sitemap
4,Christ the King Catholic Church,Archdiocese of Mobile,https://ctkdaphne.org/,https://ctkdaphne.org/blog/quest-retreat,sitemap
4,Christ the King Catholic Church,Archdiocese of Mobile,https://ctkdaphne.org/,https://ctkdaphne.org/blog/rcia-classes-begin-in-septmeber,sitemap
4,Christ the King Catholic Church,Archdiocese of Mobile,https://ctkdaphne.org/,https://ctkdaphne.org/blog/rcia-inquiry-session-august-31,sitemap
4,Christ the King Catholic Church,Archdiocese of Mobile,https://ctkdaphne.org/,https://ctkdaphne.org/blog/register-for-fall-lifeteen-retreat,sitemap
4,Christ the King Catholic Church,Archdiocese of Mobile,https://ctkdaphne.org/,https://ctkdaphne.org/blog/register-for-our-confirmation-program,sitemap
4,Christ the King Catholic Church,Archdiocese of Mobile,https://ctkdaphne.org/,https://ctkdaphne.org/blog/register-now-for-spring-adult-faith-formation-courses,sitemap
4,Christ the King Catholic Church,Archdiocese of Mobile,https://ctkdaphne.org/,https://ctkdaphne.org/blog/register-now-for-the-10th-annual-inshore-classic,sitemap
4,Christ the King Catholic Church,Archdiocese of Mobile,https://ctkdaphne.org/,https://ctkdaphne.org/blog/register-your-3-on-3-team-now-for-hoopalooza,sitemap
4,Christ the King Catholic Church,Archdiocese of Mobile,https://ctkdaphne.org/,https://ctkdaphne.org/blog/registration-open-for-acyc-jr,sitemap
4,Christ the King Catholic Church,Archdiocese of Mobile,https://ctkdaphne.org/,https://ctkdaphne.org/blog/reverend-msgr-timothy-deasy-1933-2016,sitemap
4,Christ the King Catholic Church,Archdiocese of Mobile,https://ctkdaphne.org/,https://ctkdaphne.org/blog/sarah-collins-introduced-as-new-jr-high-youth-minister,sitemap
4,Christ the King Catholic Church,Archdiocese of Mobile,https://ctkdaphne.org/,https://ctkdaphne.org/blog/save-the-vbs-dates,sitemap
4,Christ the King Catholic Church,Archdiocese of Mobile,https://ctkdaphne.org/,https://ctkdaphne.org/blog/schedule-of-online-masses-and-devotions,sitemap
4,Christ the King Catholic Church,Archdiocese of Mobile,https://ctkdaphne.org/,https://ctkdaphne.org/blog/season-of-stewardship-2016,sitemap
4,Christ the King Catholic Church,Archdiocese of Mobile,https://ctkdaphne.org/,https://ctkdaphne.org/blog/september-kings-herald,sitemap
4,Christ the King Catholic Church,Archdiocese of Mobile,https://ctkdaphne.org/,https://ctkdaphne.org/blog/september-newsletter,sitemap
4,Christ the King Catholic Church,Archdiocese of Mobile,https://ctkdaphne.org/,https://ctkdaphne.org/blog/september-newsletter-1,sitemap
4,Christ the King Catholic Church,Archdiocese of Mobile,https://ctkdaphne.org/,https://ctkdaphne.org/blog/silver-jubilee-celebration,sitemap
4,Christ the King Catholic Church,Archdiocese of Mobile,https://ctkdaphne.org/,https://ctkdaphne.org/blog/silver-saints,sitemap
4,Christ the King Catholic Church,Archdiocese of Mobile,https://ctkdaphne.org/,https://ctkdaphne.org/blog/silver-saints-1,sitemap
4,Christ the King Catholic Church,Archdiocese of Mobile,https://ctkdaphne.org/,https://ctkdaphne.org/blog/silver-saints-2,sitemap
4,Christ the King Catholic Church,Archdiocese of Mobile,https://ctkdaphne.org/,https://ctkdaphne.org/blog/silver-saints-christmas-party,sitemap
4,Christ the King Catholic Church,Archdiocese of Mobile,https://ctkdaphne.org/,https://ctkdaphne.org/blog/silver-saints-meet-sunday-july-8,sitemap
4,Christ the King Catholic Church,Archdiocese of Mobile,https://ctkdaphne.org/,https://ctkdaphne.org/blog/silver-saints-meeting-sunday-june-10,sitemap
4,Christ the King Catholic Church,Archdiocese of Mobile,https://ctkdaphne.org/,https://ctkdaphne.org/blog/silver-saints-monthly-meeting-coming-up,sitemap
4,Christ the King Catholic Church,Archdiocese of Mobile,https://ctkdaphne.org/,https://ctkdaphne.org/blog/silver-saints-potluck-dinner,sitemap
4,Christ the King Catholic Church,Archdiocese of Mobile,https://ctkdaphne.org/,https://ctkdaphne.org/blog/silver-saints-social-gathering-june-11,sitemap
4,Christ the King Catholic Church,Archdiocese of Mobile,https://ctkdaphne.org/,https://ctkdaphne.org/blog/silver-saints-spring-trip-to-savannah-jekyll-island-and-charleston,sitemap
4,Christ the King Catholic Church,Archdiocese of Mobile,https://ctkdaphne.org/,https://ctkdaphne.org/blog/silver-saints-thanksgiving-meeting,sitemap
4,Christ the King Catholic Church,Archdiocese of Mobile,https://ctkdaphne.org/,https://ctkdaphne.org/blog/solemnity-of-mary-holy-day-of-obligation-january-1-2021-mass-schedule,sitemap
4,Christ the King Catholic Church,Archdiocese of Mobile,https://ctkdaphne.org/,https://ctkdaphne.org/blog/solemnity-of-mary-mother-of-god-holy-day-of-obligation-jan-1,sitemap
4,Christ the King Catholic Church,Archdiocese of Mobile,https://ctkdaphne.org/,https://ctkdaphne.org/blog/solemnity-of-the-assumption-of-mary-holy-day-mass-times,sitemap
4,Christ the King Catholic Church,Archdiocese of Mobile,https://ctkdaphne.org/,https://ctkdaphne.org/blog/solemnity-of-the-immaculate-conception-of-the-blessed-virgin-mary,sitemap
4,Christ the King Catholic Church,Archdiocese of Mobile,https://ctkdaphne.org/,https://ctkdaphne.org/blog/spring-adult-faith-formation-registering-now,sitemap
4,Christ the King Catholic Church,Archdiocese of Mobile,https://ctkdaphne.org/,https://ctkdaphne.org/blog/spring-soccer-registration-open,sitemap
4,Christ the King Catholic Church,Archdiocese of Mobile,https://ctkdaphne.org/,https://ctkdaphne.org/blog/stations-of-the-cross,sitemap
4,Christ the King Catholic Church,Archdiocese of Mobile,https://ctkdaphne.org/,https://ctkdaphne.org/blog/svdp-june-food-drive,sitemap
4,Christ the King Catholic Church,Archdiocese of Mobile,https://ctkdaphne.org/,https://ctkdaphne.org/blog/taize-service,sitemap
4,Christ the King Catholic Church,Archdiocese of Mobile,https://ctkdaphne.org/,https://ctkdaphne.org/blog/thanksgiving-day,sitemap
4,Christ the King Catholic Church,Archdiocese of Mobile,https://ctkdaphne.org/,https://ctkdaphne.org/blog/thanksgiving-holiday-mass-schedule-and-parish-office-hours,sitemap
4,Christ the King Catholic Church,Archdiocese of Mobile,https://ctkdaphne.org/,https://ctkdaphne.org/blog/the-adoration-chapel-is-closing-at-noon-on-tuesday-september-4,sitemap
4,Christ the King Catholic Church,Archdiocese of Mobile,https://ctkdaphne.org/,https://ctkdaphne.org/blog/the-bilingual-mass-will-not-be-celebrated-in-may,sitemap
4,Christ the King Catholic Church,Archdiocese of Mobile,https://ctkdaphne.org/,https://ctkdaphne.org/blog/the-journey-establishing-an-authentic-union-with-god-one-story-at-a-time,sitemap
4,Christ the King Catholic Church,Archdiocese of Mobile,https://ctkdaphne.org/,https://ctkdaphne.org/blog/the-st-vincent-de-paul-society-food-drive,sitemap
4,Christ the King Catholic Church,Archdiocese of Mobile,https://ctkdaphne.org/,https://ctkdaphne.org/blog/triduumschedule,sitemap
4,Christ the King Catholic Church,Archdiocese of Mobile,https://ctkdaphne.org/,https://ctkdaphne.org/blog/tune-into-ewtn-for-an-inside-look-at-the-st-vincent-de-paul-society,sitemap
4,Christ the King Catholic Church,Archdiocese of Mobile,https://ctkdaphne.org/,https://ctkdaphne.org/blog/vacation-bible-school-2016,sitemap
4,Christ the King Catholic Church,Archdiocese of Mobile,https://ctkdaphne.org/,https://ctkdaphne.org/blog/vacation-bible-school-update,sitemap
4,Christ the King Catholic Church,Archdiocese of Mobile,https://ctkdaphne.org/,https://ctkdaphne.org/blog/vbs-2023,sitemap
4,Christ the King Catholic Church,Archdiocese of Mobile,https://ctkdaphne.org/,https://ctkdaphne.org/blog/vocations-meeting-and-raffle,sitemap
4,Christ the King Catholic Church,Archdiocese of Mobile,https://ctkdaphne.org/,https://ctkdaphne.org/blog/welcome-father-baskar,sitemap
4,Christ the King Catholic Church,Archdiocese of Mobile,https://ctkdaphne.org/,https://ctkdaphne.org/blog/welcome-little-sisters-of-the-poor,sitemap
4,Christ the King Catholic Church,Archdiocese of Mobile,https://ctkdaphne.org/,https://ctkdaphne.org/blog/welcome-to-our-summer-seminarian,sitemap
4,Christ the King Catholic Church,Archdiocese of Mobile,https://ctkdaphne.org/,https://ctkdaphne.org/blog/whats-coming-up-for-our-lifeteen,sitemap
4,Christ the King Catholic Church,Archdiocese of Mobile,https://ctkdaphne.org/,https://ctkdaphne.org/blog/womens-bible-study,sitemap
4,Christ the King Catholic Church,Archdiocese of Mobile,https://ctkdaphne.org/,https://ctkdaphne.org/boost,"homepage_link, sitemap"
4,Christ the King Catholic Church,Archdiocese of Mobile,https://ctkdaphne.org/,https://ctkdaphne.org/booster-club,"homepage_link, sitemap"
4,Christ the King Catholic Church,Archdiocese of Mobile,https://ctkdaphne.org/,https://ctkdaphne.org/breakfast-club,"homepage_link, sitemap"
4,Christ the King Catholic Church,Archdiocese of Mobile,https://ctkdaphne.org/,https://ctkdaphne.org/bulletins,"homepage_link, sitemap"
4,Christ the King Catholic Church,Archdiocese of Mobile,https://ctkdaphne.org/,https://ctkdaphne.org/calendar,"homepage_link, sitemap"
4,Christ the King Catholic Church,Archdiocese of Mobile,https://ctkdaphne.org/,https://ctkdaphne.org/childrens-faith-formation,"homepage_link, sitemap"
4,Christ the King Catholic Church,Archdiocese of Mobile,https://ctkdaphne.org/,https://ctkdaphne.org/childrens-faith-formation-1,"homepage_link, sitemap"
4,Christ the King Catholic Church,Archdiocese of Mobile,https://ctkdaphne.org/,https://ctkdaphne.org/childrens-liturgy-of-the-word,"homepage_link, sitemap"
4,Christ the King Catholic Church,Archdiocese of Mobile,https://ctkdaphne.org/,https://ctkdaphne.org/childrens-liturgy-of-the-word-1,"homepage_link, sitemap"
4,Christ the King Catholic Church,Archdiocese of Mobile,https://ctkdaphne.org/,https://ctkdaphne.org/christ-the-king-catholic-school,"homepage_link, sitemap"
4,Christ the King Catholic Church,Archdiocese of Mobile,https://ctkdaphne.org/,https://ctkdaphne.org/concussion-and-brain-injury-informtion,"homepage_link, sitemap"
4,Christ the King Catholic Church,Archdiocese of Mobile,https://ctkdaphne.org/,https://ctkdaphne.org/concussion-and-brain-injury-training,"homepage_link, sitemap"
4,Christ the King Catholic Church,Archdiocese of Mobile,https://ctkdaphne.org/,https://ctkdaphne.org/confirmation,"homepage_link, sitemap"
4,Christ the King Catholic Church,Archdiocese of Mobile,https://ctkdaphne.org/,https://ctkdaphne.org/confirmation-program,"homepage_link, sitemap"
4,Christ the King Catholic Church,Archdiocese of Mobile,https://ctkdaphne.org/,https://ctkdaphne.org/constant-contact,"homepage_link, sitemap"
4,Christ the King Catholic Church,Archdiocese of Mobile,https://ctkdaphne.org/,https://ctkdaphne.org/contributions,"homepage_link, sitemap"
4,Christ the King Catholic Church,Archdiocese of Mobile,https://ctkdaphne.org/,https://ctkdaphne.org/ctk-logo,"homepage_link, sitemap"
4,Christ the King Catholic Church,Archdiocese of Mobile,https://ctkdaphne.org/,https://ctkdaphne.org/ctk-second-collections,"homepage_link, sitemap"
4,Christ the King Catholic Church,Archdiocese of Mobile,https://ctkdaphne.org/,https://ctkdaphne.org/ctk-sunday-collections,"homepage_link, sitemap"
4,Christ the King Catholic Church,Archdiocese of Mobile,https://ctkdaphne.org/,https://ctkdaphne.org/cyo,"homepage_link, sitemap"
4,Christ the King Catholic Church,Archdiocese of Mobile,https://ctkdaphne.org/,https://ctkdaphne.org/cyo-athletics,"homepage_link, sitemap"
4,Christ the King Catholic Church,Archdiocese of Mobile,https://ctkdaphne.org/,https://ctkdaphne.org/cyo-mission,"homepage_link, sitemap"
4,Christ the King Catholic Church,Archdiocese of Mobile,https://ctkdaphne.org/,https://ctkdaphne.org/directions,"homepage_link, sitemap"
4,Christ the King Catholic Church,Archdiocese of Mobile,https://ctkdaphne.org/,https://ctkdaphne.org/edge,"homepage_link, sitemap"
4,Christ the King Catholic Church,Archdiocese of Mobile,https://ctkdaphne.org/,https://ctkdaphne.org/email-prayer-chain,"homepage_link, sitemap"
4,Christ the King Catholic Church,Archdiocese of Mobile,https://ctkdaphne.org/,https://ctkdaphne.org/events,sitemap
4,Christ the King Catholic Church,Archdiocese of Mobile,https://ctkdaphne.org/,https://ctkdaphne.org/events/blessed-seelos,sitemap
4,Christ the King Catholic Church,Archdiocese of Mobile,https://ctkdaphne.org/,https://ctkdaphne.org/events/blessed-seelos-1,sitemap
4,Christ the King Catholic Church,Archdiocese of Mobile,https://ctkdaphne.org/,https://ctkdaphne.org/events/booster-club,sitemap
4,Christ the King Catholic Church,Archdiocese of Mobile,https://ctkdaphne.org/,https://ctkdaphne.org/events/knights-of-columbus-1,sitemap
4,Christ the King Catholic Church,Archdiocese of Mobile,https://ctkdaphne.org/,https://ctkdaphne.org/events/ladies-sodality,sitemap
4,Christ the King Catholic Church,Archdiocese of Mobile,https://ctkdaphne.org/,https://ctkdaphne.org/events/marian-society,sitemap
4,Christ the King Catholic Church,Archdiocese of Mobile,https://ctkdaphne.org/,https://ctkdaphne.org/events/parish-council-meeting,sitemap
4,Christ the King Catholic Church,Archdiocese of Mobile,https://ctkdaphne.org/,https://ctkdaphne.org/events/silver-saints-1,sitemap
4,Christ the King Catholic Church,Archdiocese of Mobile,https://ctkdaphne.org/,https://ctkdaphne.org/events/st-vincent-de-paul-society,sitemap
4,Christ the King Catholic Church,Archdiocese of Mobile,https://ctkdaphne.org/,https://ctkdaphne.org/extraordinary-ministers-of-the-eucharist,"homepage_link, sitemap"
4,Christ the King Catholic Church,Archdiocese of Mobile,https://ctkdaphne.org/,https://ctkdaphne.org/facebook,"homepage_link, sitemap"
4,Christ the King Catholic Church,Archdiocese of Mobile,https://ctkdaphne.org/,https://ctkdaphne.org/faith-formation,"homepage_link, sitemap"
4,Christ the King Catholic Church,Archdiocese of Mobile,https://ctkdaphne.org/,https://ctkdaphne.org/fall-sports-registration-1,"homepage_link, sitemap"
4,Christ the King Catholic Church,Archdiocese of Mobile,https://ctkdaphne.org/,https://ctkdaphne.org/finance-council,"homepage_link, sitemap"
4,Christ the King Catholic Church,Archdiocese of Mobile,https://ctkdaphne.org/,https://ctkdaphne.org/for-adults,"homepage_link, sitemap"
4,Christ the King Catholic Church,Archdiocese of Mobile,https://ctkdaphne.org/,https://ctkdaphne.org/for-infants-children,"homepage_link, sitemap"
4,Christ the King Catholic Church,Archdiocese of Mobile,https://ctkdaphne.org/,https://ctkdaphne.org/formed,"homepage_link, sitemap"
4,Christ the King Catholic Church,Archdiocese of Mobile,https://ctkdaphne.org/,https://ctkdaphne.org/greeters-ushers,"homepage_link, sitemap"
4,Christ the King Catholic Church,Archdiocese of Mobile,https://ctkdaphne.org/,https://ctkdaphne.org/gym,"homepage_link, sitemap"
4,Christ the King Catholic Church,Archdiocese of Mobile,https://ctkdaphne.org/,https://ctkdaphne.org/history,"homepage_link, sitemap"
4,Christ the King Catholic Church,Archdiocese of Mobile,https://ctkdaphne.org/,https://ctkdaphne.org/holy-communion,"homepage_link, sitemap"
4,Christ the King Catholic Church,Archdiocese of Mobile,https://ctkdaphne.org/,https://ctkdaphne.org/holy-matrimony,"homepage_link, sitemap"
4,Christ the King Catholic Church,Archdiocese of Mobile,https://ctkdaphne.org/,https://ctkdaphne.org/holy-orders,"homepage_link, sitemap"
4,Christ the King Catholic Church,Archdiocese of Mobile,https://ctkdaphne.org/,https://ctkdaphne.org/homebound-ministry,"homepage_link, sitemap"
4,Christ the King Catholic Church,Archdiocese of Mobile,https://ctkdaphne.org/,https://ctkdaphne.org/hoopalooza,"homepage_link, sitemap"
4,Christ the King Catholic Church,Archdiocese of Mobile,https://ctkdaphne.org/,https://ctkdaphne.org/im-new,"homepage_link, sitemap"
4,Christ the King Catholic Church,Archdiocese of Mobile,https://ctkdaphne.org/,https://ctkdaphne.org/immaculata-center,"homepage_link, sitemap"
4,Christ the King Catholic Church,Archdiocese of Mobile,https://ctkdaphne.org/,https://ctkdaphne.org/k-8th,"homepage_link, sitemap"
4,Christ the King Catholic Church,Archdiocese of Mobile,https://ctkdaphne.org/,https://ctkdaphne.org/k-8th-sunday-school,"homepage_link, sitemap"
4,Christ the King Catholic Church,Archdiocese of Mobile,https://ctkdaphne.org/,https://ctkdaphne.org/kings-herald,"homepage_link, sitemap"
4,Christ the King Catholic Church,Archdiocese of Mobile,https://ctkdaphne.org/,https://ctkdaphne.org/ladies-sodality,"homepage_link, sitemap"
4,Christ the King Catholic Church,Archdiocese of Mobile,https://ctkdaphne.org/,https://ctkdaphne.org/lectors,"homepage_link, sitemap"
4,Christ the King Catholic Church,Archdiocese of Mobile,https://ctkdaphne.org/,https://ctkdaphne.org/lifeteen,"homepage_link, sitemap"
4,Christ the King Catholic Church,Archdiocese of Mobile,https://ctkdaphne.org/,https://ctkdaphne.org/marion-society-of-christ-the-king,"homepage_link, sitemap"
4,Christ the King Catholic Church,Archdiocese of Mobile,https://ctkdaphne.org/,https://ctkdaphne.org/mass-times,"homepage_link, sitemap"
4,Christ the King Catholic Church,Archdiocese of Mobile,https://ctkdaphne.org/,https://ctkdaphne.org/ministries,"homepage_link, sitemap"
4,Christ the King Catholic Church,Archdiocese of Mobile,https://ctkdaphne.org/,https://ctkdaphne.org/music-choir-ministry,"homepage_link, sitemap"
4,Christ the King Catholic Church,Archdiocese of Mobile,https://ctkdaphne.org/,https://ctkdaphne.org/news,sitemap
4,Christ the King Catholic Church,Archdiocese of Mobile,https://ctkdaphne.org/,https://ctkdaphne.org/news/1st-grade-cyo-basketball-league-registration-is-open,sitemap
4,Christ the King Catholic Church,Archdiocese of Mobile,https://ctkdaphne.org/,https://ctkdaphne.org/news/2018-catholic-charities-appeal,sitemap
4,Christ the King Catholic Church,Archdiocese of Mobile,https://ctkdaphne.org/,https://ctkdaphne.org/news/2022-2023-confirmation-check-in-dates-times-sign-up,sitemap
4,Christ the King Catholic Church,Archdiocese of Mobile,https://ctkdaphne.org/,https://ctkdaphne.org/news/2022-catholic-charities-appeal,sitemap
4,Christ the King Catholic Church,Archdiocese of Mobile,https://ctkdaphne.org/,https://ctkdaphne.org/news/3-on-3-hoopalooza-2017,sitemap
4,Christ the King Catholic Church,Archdiocese of Mobile,https://ctkdaphne.org/,https://ctkdaphne.org/news/5-years-later-pea-draws-in-many-souls,sitemap
4,Christ the King Catholic Church,Archdiocese of Mobile,https://ctkdaphne.org/,https://ctkdaphne.org/news/5th-grade-childrens-faith-formation-students-to-perform-the-nativity,sitemap
4,Christ the King Catholic Church,Archdiocese of Mobile,https://ctkdaphne.org/,https://ctkdaphne.org/news/9th-and-10th-grade-confirmation-day,sitemap
4,Christ the King Catholic Church,Archdiocese of Mobile,https://ctkdaphne.org/,https://ctkdaphne.org/news/accw-meeting-at-ctk,sitemap
4,Christ the King Catholic Church,Archdiocese of Mobile,https://ctkdaphne.org/,https://ctkdaphne.org/news/acyc-jr,sitemap
4,Christ the King Catholic Church,Archdiocese of Mobile,https://ctkdaphne.org/,https://ctkdaphne.org/news/adoration-chapel-christmas-hours,sitemap
4,Christ the King Catholic Church,Archdiocese of Mobile,https://ctkdaphne.org/,https://ctkdaphne.org/news/adoration-chapel-hours,sitemap
4,Christ the King Catholic Church,Archdiocese of Mobile,https://ctkdaphne.org/,https://ctkdaphne.org/news/adoration-chapel-will-close-at-7-am-wednesday-october-10,sitemap
4,Christ the King Catholic Church,Archdiocese of Mobile,https://ctkdaphne.org/,https://ctkdaphne.org/news/adoration-speaker-nikki-kingsley,sitemap
4,Christ the King Catholic Church,Archdiocese of Mobile,https://ctkdaphne.org/,https://ctkdaphne.org/news/adult-faith-formation,sitemap
4,Christ the King Catholic Church,Archdiocese of Mobile,https://ctkdaphne.org/,https://ctkdaphne.org/news/adult-faith-formation-fall-2023-courses,sitemap
4,Christ the King Catholic Church,Archdiocese of Mobile,https://ctkdaphne.org/,https://ctkdaphne.org/news/adult-faith-formation-fall-2024-course-registration-is-open,sitemap
4,Christ the King Catholic Church,Archdiocese of Mobile,https://ctkdaphne.org/,https://ctkdaphne.org/news/adult-faith-formation-fall-2024-course-registration-is-open-1,sitemap
4,Christ the King Catholic Church,Archdiocese of Mobile,https://ctkdaphne.org/,https://ctkdaphne.org/news/adult-faith-formation-fall-2026-course-registration-is-open,sitemap
4,Christ the King Catholic Church,Archdiocese of Mobile,https://ctkdaphne.org/,https://ctkdaphne.org/news/adult-faith-formation-spring-2025-course-registration-is-open,sitemap
4,Christ the King Catholic Church,Archdiocese of Mobile,https://ctkdaphne.org/,https://ctkdaphne.org/news/adult-faith-formation-spring-2026-course-registration-is-open,sitemap
4,Christ the King Catholic Church,Archdiocese of Mobile,https://ctkdaphne.org/,https://ctkdaphne.org/news/advent-and-christmas-schedule,sitemap
4,Christ the King Catholic Church,Archdiocese of Mobile,https://ctkdaphne.org/,https://ctkdaphne.org/news/advent-christmas-schedule,sitemap
4,Christ the King Catholic Church,Archdiocese of Mobile,https://ctkdaphne.org/,https://ctkdaphne.org/news/advent-penance-service,sitemap
4,Christ the King Catholic Church,Archdiocese of Mobile,https://ctkdaphne.org/,https://ctkdaphne.org/news/advent-penance-service-1,sitemap
4,Christ the King Catholic Church,Archdiocese of Mobile,https://ctkdaphne.org/,https://ctkdaphne.org/news/all-saints-day,sitemap
4,Christ the King Catholic Church,Archdiocese of Mobile,https://ctkdaphne.org/,https://ctkdaphne.org/news/all-saints-day-friday-november-1,sitemap
4,Christ the King Catholic Church,Archdiocese of Mobile,https://ctkdaphne.org/,https://ctkdaphne.org/news/all-saints-day-holy-day-of-obligation-november-1,sitemap
4,Christ the King Catholic Church,Archdiocese of Mobile,https://ctkdaphne.org/,https://ctkdaphne.org/news/all-saints-day-is-november-1,sitemap
4,Christ the King Catholic Church,Archdiocese of Mobile,https://ctkdaphne.org/,https://ctkdaphne.org/news/altar-server-camp-1,sitemap
4,Christ the King Catholic Church,Archdiocese of Mobile,https://ctkdaphne.org/,https://ctkdaphne.org/news/altar-server-training,sitemap
4,Christ the King Catholic Church,Archdiocese of Mobile,https://ctkdaphne.org/,https://ctkdaphne.org/news/altar-serving-training,sitemap
4,Christ the King Catholic Church,Archdiocese of Mobile,https://ctkdaphne.org/,https://ctkdaphne.org/news/anointing-of-the-sick-this-sunday,sitemap
4,Christ the King Catholic Church,Archdiocese of Mobile,https://ctkdaphne.org/,https://ctkdaphne.org/news/appeal-for-the-heralds-of-the-good-news,sitemap
4,Christ the King Catholic Church,Archdiocese of Mobile,https://ctkdaphne.org/,https://ctkdaphne.org/news/april-newsletter,sitemap
4,Christ the King Catholic Church,Archdiocese of Mobile,https://ctkdaphne.org/,https://ctkdaphne.org/news/archdiocesan-catholic-youth-conference,sitemap
4,Christ the King Catholic Church,Archdiocese of Mobile,https://ctkdaphne.org/,https://ctkdaphne.org/news/archdiocesan-council-of-catholic-women-quarterly-meeting,sitemap
4,Christ the King Catholic Church,Archdiocese of Mobile,https://ctkdaphne.org/,https://ctkdaphne.org/news/ash-wednesday-february-26,sitemap
4,Christ the King Catholic Church,Archdiocese of Mobile,https://ctkdaphne.org/,https://ctkdaphne.org/news/ash-wednesday-mass-schedule,sitemap
4,Christ the King Catholic Church,Archdiocese of Mobile,https://ctkdaphne.org/,https://ctkdaphne.org/news/august-15-is-the-solemnity-of-the-assumption-of-the-blessed-virgin-mary-a-holy-day-of-obligation,sitemap
4,Christ the King Catholic Church,Archdiocese of Mobile,https://ctkdaphne.org/,https://ctkdaphne.org/news/august-newsletter,sitemap
4,Christ the King Catholic Church,Archdiocese of Mobile,https://ctkdaphne.org/,https://ctkdaphne.org/news/august-newsletter-1,sitemap
4,Christ the King Catholic Church,Archdiocese of Mobile,https://ctkdaphne.org/,https://ctkdaphne.org/news/baldwin-county-quest-retreat,sitemap
4,Christ the King Catholic Church,Archdiocese of Mobile,https://ctkdaphne.org/,https://ctkdaphne.org/news/basketball-registration-is-open,sitemap
4,Christ the King Catholic Church,Archdiocese of Mobile,https://ctkdaphne.org/,https://ctkdaphne.org/news/basketball-registration-is-open-1,sitemap
4,Christ the King Catholic Church,Archdiocese of Mobile,https://ctkdaphne.org/,https://ctkdaphne.org/news/between-the-masses,sitemap
4,Christ the King Catholic Church,Archdiocese of Mobile,https://ctkdaphne.org/,https://ctkdaphne.org/news/between-the-masses-1,sitemap
4,Christ the King Catholic Church,Archdiocese of Mobile,https://ctkdaphne.org/,https://ctkdaphne.org/news/between-the-masses-2,sitemap
4,Christ the King Catholic Church,Archdiocese of Mobile,https://ctkdaphne.org/,https://ctkdaphne.org/news/between-the-masses-june-4,sitemap
4,Christ the King Catholic Church,Archdiocese of Mobile,https://ctkdaphne.org/,https://ctkdaphne.org/news/between-the-masses-this-sunday,sitemap
4,Christ the King Catholic Church,Archdiocese of Mobile,https://ctkdaphne.org/,https://ctkdaphne.org/news/between-the-masses-this-sunday-1,sitemap
4,Christ the King Catholic Church,Archdiocese of Mobile,https://ctkdaphne.org/,https://ctkdaphne.org/news/bilingual-mass,sitemap
4,Christ the King Catholic Church,Archdiocese of Mobile,https://ctkdaphne.org/,https://ctkdaphne.org/news/bilingual-mass-1,sitemap
4,Christ the King Catholic Church,Archdiocese of Mobile,https://ctkdaphne.org/,https://ctkdaphne.org/news/bilingual-mass-2,sitemap
4,Christ the King Catholic Church,Archdiocese of Mobile,https://ctkdaphne.org/,https://ctkdaphne.org/news/bilingual-mass-for-november,sitemap
4,Christ the King Catholic Church,Archdiocese of Mobile,https://ctkdaphne.org/,https://ctkdaphne.org/news/bilingual-mass-sunday-june-4,sitemap
4,Christ the King Catholic Church,Archdiocese of Mobile,https://ctkdaphne.org/,https://ctkdaphne.org/news/blessed-seelos-mass,sitemap
4,Christ the King Catholic Church,Archdiocese of Mobile,https://ctkdaphne.org/,https://ctkdaphne.org/news/blessing-of-the-animals,sitemap
4,Christ the King Catholic Church,Archdiocese of Mobile,https://ctkdaphne.org/,https://ctkdaphne.org/news/blessing-of-the-animals-1,sitemap
4,Christ the King Catholic Church,Archdiocese of Mobile,https://ctkdaphne.org/,https://ctkdaphne.org/news/booster-club-hoopalooza-meeting-this-sunday,sitemap
4,Christ the King Catholic Church,Archdiocese of Mobile,https://ctkdaphne.org/,https://ctkdaphne.org/news/booster-club-meeting,sitemap
4,Christ the King Catholic Church,Archdiocese of Mobile,https://ctkdaphne.org/,https://ctkdaphne.org/news/booster-club-pep-rally-and-bonfire,sitemap
4,Christ the King Catholic Church,Archdiocese of Mobile,https://ctkdaphne.org/,https://ctkdaphne.org/news/burse-club-sunday-is-september-10,sitemap
4,Christ the King Catholic Church,Archdiocese of Mobile,https://ctkdaphne.org/,https://ctkdaphne.org/news/burse-sunday,sitemap
4,Christ the King Catholic Church,Archdiocese of Mobile,https://ctkdaphne.org/,https://ctkdaphne.org/news/casting-nets-parish-mission,sitemap
4,Christ the King Catholic Church,Archdiocese of Mobile,https://ctkdaphne.org/,https://ctkdaphne.org/news/catholic-social-services-giving-tree,sitemap
4,Christ the King Catholic Church,Archdiocese of Mobile,https://ctkdaphne.org/,https://ctkdaphne.org/news/catholic-social-services-volunteer-training,sitemap
4,Christ the King Catholic Church,Archdiocese of Mobile,https://ctkdaphne.org/,https://ctkdaphne.org/news/childrens-faith-formation-catichists-needed,sitemap
4,Christ the King Catholic Church,Archdiocese of Mobile,https://ctkdaphne.org/,https://ctkdaphne.org/news/childrens-faith-formation-classes-will-resume-january-7,sitemap
4,Christ the King Catholic Church,Archdiocese of Mobile,https://ctkdaphne.org/,https://ctkdaphne.org/news/childrens-faith-formation-new-student-registration-1,sitemap
4,Christ the King Catholic Church,Archdiocese of Mobile,https://ctkdaphne.org/,https://ctkdaphne.org/news/childrens-faith-formation-new-student-registration-now-open,sitemap
4,Christ the King Catholic Church,Archdiocese of Mobile,https://ctkdaphne.org/,https://ctkdaphne.org/news/childrens-faith-formation-prek3-8th-grade,sitemap
4,Christ the King Catholic Church,Archdiocese of Mobile,https://ctkdaphne.org/,https://ctkdaphne.org/news/childrens-faith-formation-prek3-8th-grade-new-student-registration,"homepage_link, sitemap"
4,Christ the King Catholic Church,Archdiocese of Mobile,https://ctkdaphne.org/,https://ctkdaphne.org/news/childrens-faith-formation-update,sitemap
4,Christ the King Catholic Church,Archdiocese of Mobile,https://ctkdaphne.org/,https://ctkdaphne.org/news/childrens-faith-formation-updates,sitemap
4,Christ the King Catholic Church,Archdiocese of Mobile,https://ctkdaphne.org/,https://ctkdaphne.org/news/christ-the-king-celebration,sitemap
4,Christ the King Catholic Church,Archdiocese of Mobile,https://ctkdaphne.org/,https://ctkdaphne.org/news/christ-the-king-heart-of-worship-2024-featuring-father-david-michael-moses,sitemap
4,Christ the King Catholic Church,Archdiocese of Mobile,https://ctkdaphne.org/,https://ctkdaphne.org/news/christ-the-king-welcomes-rcia-2018-19-to-the-parish,sitemap
4,Christ the King Catholic Church,Archdiocese of Mobile,https://ctkdaphne.org/,https://ctkdaphne.org/news/christmas-mass-schedule,sitemap
4,Christ the King Catholic Church,Archdiocese of Mobile,https://ctkdaphne.org/,https://ctkdaphne.org/news/christmas-mass-schedule-1,sitemap
4,Christ the King Catholic Church,Archdiocese of Mobile,https://ctkdaphne.org/,https://ctkdaphne.org/news/christmas-masses,sitemap
4,Christ the King Catholic Church,Archdiocese of Mobile,https://ctkdaphne.org/,https://ctkdaphne.org/news/church-office-closed-on-labor-day-holiday,sitemap
4,Christ the King Catholic Church,Archdiocese of Mobile,https://ctkdaphne.org/,https://ctkdaphne.org/news/church-office-closed-wednesday-july-4,sitemap
4,Christ the King Catholic Church,Archdiocese of Mobile,https://ctkdaphne.org/,https://ctkdaphne.org/news/church-office-closed-wednesday-october-10,sitemap
4,Christ the King Catholic Church,Archdiocese of Mobile,https://ctkdaphne.org/,https://ctkdaphne.org/news/church-office-will-be-closed-monday-may-28,sitemap
4,Christ the King Catholic Church,Archdiocese of Mobile,https://ctkdaphne.org/,https://ctkdaphne.org/news/communication-and-media-relations-staff,sitemap
4,Christ the King Catholic Church,Archdiocese of Mobile,https://ctkdaphne.org/,https://ctkdaphne.org/news/communion-service-offered-may-29-31,sitemap
4,Christ the King Catholic Church,Archdiocese of Mobile,https://ctkdaphne.org/,https://ctkdaphne.org/news/confirmation-informational-parent-meeting-august-31,sitemap
4,Christ the King Catholic Church,Archdiocese of Mobile,https://ctkdaphne.org/,https://ctkdaphne.org/news/confirmation-parent-meeting,"homepage_link, sitemap"
4,Christ the King Catholic Church,Archdiocese of Mobile,https://ctkdaphne.org/,https://ctkdaphne.org/news/confirmation-registration-due-now-for-grades-9-11-click-for-forms-and-information,sitemap
4,Christ the King Catholic Church,Archdiocese of Mobile,https://ctkdaphne.org/,https://ctkdaphne.org/news/confirmation-registration-packets-available,sitemap
4,Christ the King Catholic Church,Archdiocese of Mobile,https://ctkdaphne.org/,https://ctkdaphne.org/news/consecration-of-ukraine-and-russia-prayer,sitemap
4,Christ the King Catholic Church,Archdiocese of Mobile,https://ctkdaphne.org/,https://ctkdaphne.org/news/continuing-education-workshop-for-archdiocesan-priests,sitemap
4,Christ the King Catholic Church,Archdiocese of Mobile,https://ctkdaphne.org/,https://ctkdaphne.org/news/ctk-athletics-summer-camps-continue,sitemap
4,Christ the King Catholic Church,Archdiocese of Mobile,https://ctkdaphne.org/,https://ctkdaphne.org/news/ctk-booster-club-kick-off,sitemap
4,Christ the King Catholic Church,Archdiocese of Mobile,https://ctkdaphne.org/,https://ctkdaphne.org/news/ctk-booster-club-meeting,sitemap
4,Christ the King Catholic Church,Archdiocese of Mobile,https://ctkdaphne.org/,https://ctkdaphne.org/news/ctk-booster-club-upcoming-meetings,sitemap
4,Christ the King Catholic Church,Archdiocese of Mobile,https://ctkdaphne.org/,https://ctkdaphne.org/news/ctk-confirmation-program-2020-21,sitemap
4,Christ the King Catholic Church,Archdiocese of Mobile,https://ctkdaphne.org/,https://ctkdaphne.org/news/ctk-fall-athletic-registration-closes-may-31,sitemap
4,Christ the King Catholic Church,Archdiocese of Mobile,https://ctkdaphne.org/,https://ctkdaphne.org/news/ctk-lenten-and-holy-week-schedule,sitemap
4,Christ the King Catholic Church,Archdiocese of Mobile,https://ctkdaphne.org/,https://ctkdaphne.org/news/ctk-life-teens-chili-cook-off-is-back,sitemap
4,Christ the King Catholic Church,Archdiocese of Mobile,https://ctkdaphne.org/,https://ctkdaphne.org/news/ctk-spirit-t-shirts,sitemap
4,Christ the King Catholic Church,Archdiocese of Mobile,https://ctkdaphne.org/,https://ctkdaphne.org/news/ctk-st-vincent-de-paul-society-helps-ecumenical-ministries,sitemap
4,Christ the King Catholic Church,Archdiocese of Mobile,https://ctkdaphne.org/,https://ctkdaphne.org/news/ctk-summer-sports-camp-registration,sitemap
4,Christ the King Catholic Church,Archdiocese of Mobile,https://ctkdaphne.org/,https://ctkdaphne.org/news/ctk-to-support-catholic-social-services,sitemap
4,Christ the King Catholic Church,Archdiocese of Mobile,https://ctkdaphne.org/,https://ctkdaphne.org/news/ctk-vacation-bible-school-tracking-mary-mysteries-messages,sitemap
4,Christ the King Catholic Church,Archdiocese of Mobile,https://ctkdaphne.org/,https://ctkdaphne.org/news/ctk-youth-ministry-fall-dessert-sale-november-24,sitemap
4,Christ the King Catholic Church,Archdiocese of Mobile,https://ctkdaphne.org/,https://ctkdaphne.org/news/ctk-youth-ministrys-panama-city-retreat-registration-now-open,sitemap
4,Christ the King Catholic Church,Archdiocese of Mobile,https://ctkdaphne.org/,https://ctkdaphne.org/news/ctkcs-open-house,sitemap
4,Christ the King Catholic Church,Archdiocese of Mobile,https://ctkdaphne.org/,https://ctkdaphne.org/news/ctkcs-open-registration,sitemap
4,Christ the King Catholic Church,Archdiocese of Mobile,https://ctkdaphne.org/,https://ctkdaphne.org/news/cyo-fall-sports-registration-now-open,sitemap
4,Christ the King Catholic Church,Archdiocese of Mobile,https://ctkdaphne.org/,https://ctkdaphne.org/news/cyo-fall-sports-registration-now-open-1,sitemap
4,Christ the King Catholic Church,Archdiocese of Mobile,https://ctkdaphne.org/,https://ctkdaphne.org/news/cyo-fall-sports-update,sitemap
4,Christ the King Catholic Church,Archdiocese of Mobile,https://ctkdaphne.org/,https://ctkdaphne.org/news/deacon-nicholas-napolitano-to-be-ordained,sitemap
4,Christ the King Catholic Church,Archdiocese of Mobile,https://ctkdaphne.org/,https://ctkdaphne.org/news/discerning-your-vocation-to-begin-september-6,sitemap
4,Christ the King Catholic Church,Archdiocese of Mobile,https://ctkdaphne.org/,https://ctkdaphne.org/news/documentary-screenagers-coming-to-ctk,sitemap
4,Christ the King Catholic Church,Archdiocese of Mobile,https://ctkdaphne.org/,https://ctkdaphne.org/news/easter-parish-office-hours,sitemap
4,Christ the King Catholic Church,Archdiocese of Mobile,https://ctkdaphne.org/,https://ctkdaphne.org/news/edg-end-of-summer-pool-party,sitemap
4,Christ the King Catholic Church,Archdiocese of Mobile,https://ctkdaphne.org/,https://ctkdaphne.org/news/edge,sitemap
4,Christ the King Catholic Church,Archdiocese of Mobile,https://ctkdaphne.org/,https://ctkdaphne.org/news/edge-1,sitemap
4,Christ the King Catholic Church,Archdiocese of Mobile,https://ctkdaphne.org/,https://ctkdaphne.org/news/edge-2019-winter-spring-schedule-published,sitemap
4,Christ the King Catholic Church,Archdiocese of Mobile,https://ctkdaphne.org/,https://ctkdaphne.org/news/edge-6th-grade-welcome,sitemap
4,Christ the King Catholic Church,Archdiocese of Mobile,https://ctkdaphne.org/,https://ctkdaphne.org/news/edge-back-to-school-parent-meeting,sitemap
4,Christ the King Catholic Church,Archdiocese of Mobile,https://ctkdaphne.org/,https://ctkdaphne.org/news/edge-christmas-dance-party,sitemap
4,Christ the King Catholic Church,Archdiocese of Mobile,https://ctkdaphne.org/,https://ctkdaphne.org/news/edge-end-of-summer-luau,sitemap
4,Christ the King Catholic Church,Archdiocese of Mobile,https://ctkdaphne.org/,https://ctkdaphne.org/news/edge-events-and-activities-coming-up,sitemap
4,Christ the King Catholic Church,Archdiocese of Mobile,https://ctkdaphne.org/,https://ctkdaphne.org/news/edge-fall-calendar,sitemap
4,Christ the King Catholic Church,Archdiocese of Mobile,https://ctkdaphne.org/,https://ctkdaphne.org/news/edge-fall-event-schedule,sitemap
4,Christ the King Catholic Church,Archdiocese of Mobile,https://ctkdaphne.org/,https://ctkdaphne.org/news/edge-fall-kick-off,sitemap
4,Christ the King Catholic Church,Archdiocese of Mobile,https://ctkdaphne.org/,https://ctkdaphne.org/news/edge-family-fun-day-is-this-sunday,sitemap
4,Christ the King Catholic Church,Archdiocese of Mobile,https://ctkdaphne.org/,https://ctkdaphne.org/news/edge-lockout-coming-up,sitemap
4,Christ the King Catholic Church,Archdiocese of Mobile,https://ctkdaphne.org/,https://ctkdaphne.org/news/edge-make-a-difference-day,sitemap
4,Christ the King Catholic Church,Archdiocese of Mobile,https://ctkdaphne.org/,https://ctkdaphne.org/news/edge-new-orleans-summer-trip,sitemap
4,Christ the King Catholic Church,Archdiocese of Mobile,https://ctkdaphne.org/,https://ctkdaphne.org/news/edge-night-out,sitemap
4,Christ the King Catholic Church,Archdiocese of Mobile,https://ctkdaphne.org/,https://ctkdaphne.org/news/edge-pie-and-dessert-sale-this-sunday,sitemap
4,Christ the King Catholic Church,Archdiocese of Mobile,https://ctkdaphne.org/,https://ctkdaphne.org/news/edge-summer-calendar,sitemap
4,Christ the King Catholic Church,Archdiocese of Mobile,https://ctkdaphne.org/,https://ctkdaphne.org/news/edge-summer-kickoff-june-1,sitemap
4,Christ the King Catholic Church,Archdiocese of Mobile,https://ctkdaphne.org/,https://ctkdaphne.org/news/edge-summer-special-events,sitemap
4,Christ the King Catholic Church,Archdiocese of Mobile,https://ctkdaphne.org/,https://ctkdaphne.org/news/elevate-retreat,sitemap
4,Christ the King Catholic Church,Archdiocese of Mobile,https://ctkdaphne.org/,https://ctkdaphne.org/news/end-of-the-year-sports-party,sitemap
4,Christ the King Catholic Church,Archdiocese of Mobile,https://ctkdaphne.org/,https://ctkdaphne.org/news/ephesians-discover-your-inheritance,sitemap
4,Christ the King Catholic Church,Archdiocese of Mobile,https://ctkdaphne.org/,https://ctkdaphne.org/news/equip-class,sitemap
4,Christ the King Catholic Church,Archdiocese of Mobile,https://ctkdaphne.org/,https://ctkdaphne.org/news/equip-class-1,sitemap
4,Christ the King Catholic Church,Archdiocese of Mobile,https://ctkdaphne.org/,https://ctkdaphne.org/news/equip-class-2,sitemap
4,Christ the King Catholic Church,Archdiocese of Mobile,https://ctkdaphne.org/,https://ctkdaphne.org/news/equip-class-3,sitemap
4,Christ the King Catholic Church,Archdiocese of Mobile,https://ctkdaphne.org/,https://ctkdaphne.org/news/equip-class-4,sitemap
4,Christ the King Catholic Church,Archdiocese of Mobile,https://ctkdaphne.org/,https://ctkdaphne.org/news/eucharistic-minister-lector-and-altar-server-mass-schedule,sitemap
4,Christ the King Catholic Church,Archdiocese of Mobile,https://ctkdaphne.org/,https://ctkdaphne.org/news/eucharistic-revival-study-registration,sitemap
4,Christ the King Catholic Church,Archdiocese of Mobile,https://ctkdaphne.org/,https://ctkdaphne.org/news/fall-2020-adult-faith-class-registration,sitemap
4,Christ the King Catholic Church,Archdiocese of Mobile,https://ctkdaphne.org/,https://ctkdaphne.org/news/fall-sports-registration-is-open,sitemap
4,Christ the King Catholic Church,Archdiocese of Mobile,https://ctkdaphne.org/,https://ctkdaphne.org/news/feast-of-christ-the-king-eucharistic-procession,sitemap
4,Christ the King Catholic Church,Archdiocese of Mobile,https://ctkdaphne.org/,https://ctkdaphne.org/news/feast-of-the-assumption-of-the-blessed-virgin-mary,sitemap
4,Christ the King Catholic Church,Archdiocese of Mobile,https://ctkdaphne.org/,https://ctkdaphne.org/news/feast-of-the-immaculate-conception-of-our-blessed-virgin-mary,sitemap
4,Christ the King Catholic Church,Archdiocese of Mobile,https://ctkdaphne.org/,https://ctkdaphne.org/news/february-newletter,sitemap
4,Christ the King Catholic Church,Archdiocese of Mobile,https://ctkdaphne.org/,https://ctkdaphne.org/news/february-newsletter,sitemap
4,Christ the King Catholic Church,Archdiocese of Mobile,https://ctkdaphne.org/,https://ctkdaphne.org/news/festa-italiana-2022,sitemap
4,Christ the King Catholic Church,Archdiocese of Mobile,https://ctkdaphne.org/,https://ctkdaphne.org/news/festa-italiana-march-19,sitemap
4,Christ the King Catholic Church,Archdiocese of Mobile,https://ctkdaphne.org/,https://ctkdaphne.org/news/festa-italiana-scheduled-for-this-sunday-march-22-has-been-postponed-until-further-notice,sitemap
4,Christ the King Catholic Church,Archdiocese of Mobile,https://ctkdaphne.org/,https://ctkdaphne.org/news/full-advent-and-christmas-schedule,sitemap
4,Christ the King Catholic Church,Archdiocese of Mobile,https://ctkdaphne.org/,https://ctkdaphne.org/news/girls-night-out-with-st-therese,sitemap
4,Christ the King Catholic Church,Archdiocese of Mobile,https://ctkdaphne.org/,https://ctkdaphne.org/news/gym-kitchen-closed-for-renovations,sitemap
4,Christ the King Catholic Church,Archdiocese of Mobile,https://ctkdaphne.org/,https://ctkdaphne.org/news/habemus-papam,sitemap
4,Christ the King Catholic Church,Archdiocese of Mobile,https://ctkdaphne.org/,https://ctkdaphne.org/news/high-ropes-course,sitemap
4,Christ the King Catholic Church,Archdiocese of Mobile,https://ctkdaphne.org/,https://ctkdaphne.org/news/holy-day-of-obligation-solemnity-of-the-immaculate-conception-of-the-blessed-virgin-mary-december-8,sitemap
4,Christ the King Catholic Church,Archdiocese of Mobile,https://ctkdaphne.org/,https://ctkdaphne.org/news/holy-week-adoration-chapel-hours,sitemap
4,Christ the King Catholic Church,Archdiocese of Mobile,https://ctkdaphne.org/,https://ctkdaphne.org/news/hours-are-available-to-become-a-guardian,sitemap
4,Christ the King Catholic Church,Archdiocese of Mobile,https://ctkdaphne.org/,https://ctkdaphne.org/news/hurricane-michael-relief,sitemap
4,Christ the King Catholic Church,Archdiocese of Mobile,https://ctkdaphne.org/,https://ctkdaphne.org/news/imercy-divine-hotspot,sitemap
4,Christ the King Catholic Church,Archdiocese of Mobile,https://ctkdaphne.org/,https://ctkdaphne.org/news/international-food-festival,sitemap
4,Christ the King Catholic Church,Archdiocese of Mobile,https://ctkdaphne.org/,https://ctkdaphne.org/news/january-newlsetter,sitemap
4,Christ the King Catholic Church,Archdiocese of Mobile,https://ctkdaphne.org/,https://ctkdaphne.org/news/join-for-a-healing-concert,sitemap
4,Christ the King Catholic Church,Archdiocese of Mobile,https://ctkdaphne.org/,https://ctkdaphne.org/news/join-us-for-a-farewell-reception-for-fr-dan,sitemap
4,Christ the King Catholic Church,Archdiocese of Mobile,https://ctkdaphne.org/,https://ctkdaphne.org/news/join-us-for-festa-italiana,sitemap
4,Christ the King Catholic Church,Archdiocese of Mobile,https://ctkdaphne.org/,https://ctkdaphne.org/news/join-us-for-our-lenten-dinners-each-friday,sitemap
4,Christ the King Catholic Church,Archdiocese of Mobile,https://ctkdaphne.org/,https://ctkdaphne.org/news/join-us-for-our-lenten-mission,sitemap
4,Christ the King Catholic Church,Archdiocese of Mobile,https://ctkdaphne.org/,https://ctkdaphne.org/news/jr-high-pie-and-dessert-sale-coming-up,sitemap
4,Christ the King Catholic Church,Archdiocese of Mobile,https://ctkdaphne.org/,https://ctkdaphne.org/news/jr-high-youth-ministry-fall-schedule-available-now,sitemap
4,Christ the King Catholic Church,Archdiocese of Mobile,https://ctkdaphne.org/,https://ctkdaphne.org/news/ladies-sodality,sitemap
4,Christ the King Catholic Church,Archdiocese of Mobile,https://ctkdaphne.org/,https://ctkdaphne.org/news/ladies-sodality-christmas-luncheon,sitemap
4,Christ the King Catholic Church,Archdiocese of Mobile,https://ctkdaphne.org/,https://ctkdaphne.org/news/ladies-sodality-christmas-luncheon-fashion-show,sitemap
4,Christ the King Catholic Church,Archdiocese of Mobile,https://ctkdaphne.org/,https://ctkdaphne.org/news/ladies-sodality-meeting,sitemap
4,Christ the King Catholic Church,Archdiocese of Mobile,https://ctkdaphne.org/,https://ctkdaphne.org/news/ladies-sodality-meeting-rescheduled-for-tuesday-september-11,sitemap
4,Christ the King Catholic Church,Archdiocese of Mobile,https://ctkdaphne.org/,https://ctkdaphne.org/news/ladies-sodality-meetings-begin,sitemap
4,Christ the King Catholic Church,Archdiocese of Mobile,https://ctkdaphne.org/,https://ctkdaphne.org/news/ladies-sodality-monthly-meeting,sitemap
4,Christ the King Catholic Church,Archdiocese of Mobile,https://ctkdaphne.org/,https://ctkdaphne.org/news/lectors-meeting,sitemap
4,Christ the King Catholic Church,Archdiocese of Mobile,https://ctkdaphne.org/,https://ctkdaphne.org/news/lenten-and-holy-week-schedule,sitemap
4,Christ the King Catholic Church,Archdiocese of Mobile,https://ctkdaphne.org/,https://ctkdaphne.org/news/lenten-dinners,sitemap
4,Christ the King Catholic Church,Archdiocese of Mobile,https://ctkdaphne.org/,https://ctkdaphne.org/news/lenten-holy-week-schedule-2017,sitemap
4,Christ the King Catholic Church,Archdiocese of Mobile,https://ctkdaphne.org/,https://ctkdaphne.org/news/life-teen-fall-event-schedule,sitemap
4,Christ the King Catholic Church,Archdiocese of Mobile,https://ctkdaphne.org/,https://ctkdaphne.org/news/life-teen-fall-kick-off,sitemap
4,Christ the King Catholic Church,Archdiocese of Mobile,https://ctkdaphne.org/,https://ctkdaphne.org/news/life-teen-freshman-welcome-night,sitemap
4,Christ the King Catholic Church,Archdiocese of Mobile,https://ctkdaphne.org/,https://ctkdaphne.org/news/life-teen-summer-schedule,sitemap
4,Christ the King Catholic Church,Archdiocese of Mobile,https://ctkdaphne.org/,https://ctkdaphne.org/news/life-teen-summer-tubing-trip-cancelled-due-to-inclement-weather,sitemap
4,Christ the King Catholic Church,Archdiocese of Mobile,https://ctkdaphne.org/,https://ctkdaphne.org/news/life-teen-trip-to-owa,sitemap
4,Christ the King Catholic Church,Archdiocese of Mobile,https://ctkdaphne.org/,https://ctkdaphne.org/news/life-teen-volunteer-needed,sitemap
4,Christ the King Catholic Church,Archdiocese of Mobile,https://ctkdaphne.org/,https://ctkdaphne.org/news/lifeteen-acyc-2019-registration,sitemap
4,Christ the King Catholic Church,Archdiocese of Mobile,https://ctkdaphne.org/,https://ctkdaphne.org/news/lifeteen-bow-tag-christmas-party,sitemap
4,Christ the King Catholic Church,Archdiocese of Mobile,https://ctkdaphne.org/,https://ctkdaphne.org/news/lifeteen-bow-tag-rescheduled-for-this-sunday,sitemap
4,Christ the King Catholic Church,Archdiocese of Mobile,https://ctkdaphne.org/,https://ctkdaphne.org/news/lifeteen-bowling-and-laser-tag,sitemap
4,Christ the King Catholic Church,Archdiocese of Mobile,https://ctkdaphne.org/,https://ctkdaphne.org/news/lifeteen-chili-cook-off-tickets-on-sale-now,sitemap
4,Christ the King Catholic Church,Archdiocese of Mobile,https://ctkdaphne.org/,https://ctkdaphne.org/news/lifeteen-easter-family-fun,sitemap
4,Christ the King Catholic Church,Archdiocese of Mobile,https://ctkdaphne.org/,https://ctkdaphne.org/news/lifeteen-edge-trip-to-the-track,sitemap
4,Christ the King Catholic Church,Archdiocese of Mobile,https://ctkdaphne.org/,https://ctkdaphne.org/news/lifeteen-flag-football,sitemap
4,Christ the King Catholic Church,Archdiocese of Mobile,https://ctkdaphne.org/,https://ctkdaphne.org/news/lifeteen-headed-to-i-am-spartacus-concert,sitemap
4,Christ the King Catholic Church,Archdiocese of Mobile,https://ctkdaphne.org/,https://ctkdaphne.org/news/lifeteen-informational-meeting-for-walt-disney-world,sitemap
4,Christ the King Catholic Church,Archdiocese of Mobile,https://ctkdaphne.org/,https://ctkdaphne.org/news/lifeteen-informational-meeting-march-for-life-2019,sitemap
4,Christ the King Catholic Church,Archdiocese of Mobile,https://ctkdaphne.org/,https://ctkdaphne.org/news/lifeteen-informational-meeting-summer-mission-trip-2019,sitemap
4,Christ the King Catholic Church,Archdiocese of Mobile,https://ctkdaphne.org/,https://ctkdaphne.org/news/lifeteen-summer-kick-off-june-4,sitemap
4,Christ the King Catholic Church,Archdiocese of Mobile,https://ctkdaphne.org/,https://ctkdaphne.org/news/lifeteen-summer-special-events,sitemap
4,Christ the King Catholic Church,Archdiocese of Mobile,https://ctkdaphne.org/,https://ctkdaphne.org/news/lifeteen-trip-to-the-abbey-youth-festival,sitemap
4,Christ the King Catholic Church,Archdiocese of Mobile,https://ctkdaphne.org/,https://ctkdaphne.org/news/lifeteen-trunk-or-treat-1,sitemap
4,Christ the King Catholic Church,Archdiocese of Mobile,https://ctkdaphne.org/,https://ctkdaphne.org/news/make-your-appointment-for-your-family-photo-for-our-parish-directory,sitemap
4,Christ the King Catholic Church,Archdiocese of Mobile,https://ctkdaphne.org/,https://ctkdaphne.org/news/march-for-life-2018-registration,sitemap
4,Christ the King Catholic Church,Archdiocese of Mobile,https://ctkdaphne.org/,https://ctkdaphne.org/news/march-for-life-mobile-friday-january-27,sitemap
4,Christ the King Catholic Church,Archdiocese of Mobile,https://ctkdaphne.org/,https://ctkdaphne.org/news/march-for-life-parent-meeting,sitemap
4,Christ the King Catholic Church,Archdiocese of Mobile,https://ctkdaphne.org/,https://ctkdaphne.org/news/march-newsletter,sitemap
4,Christ the King Catholic Church,Archdiocese of Mobile,https://ctkdaphne.org/,https://ctkdaphne.org/news/mass-times-for-feast-of-the-immaculate-conception,sitemap
4,Christ the King Catholic Church,Archdiocese of Mobile,https://ctkdaphne.org/,https://ctkdaphne.org/news/may-booster-club-meeting,sitemap
4,Christ the King Catholic Church,Archdiocese of Mobile,https://ctkdaphne.org/,https://ctkdaphne.org/news/may-newsletter,sitemap
4,Christ the King Catholic Church,Archdiocese of Mobile,https://ctkdaphne.org/,https://ctkdaphne.org/news/memorial-day-office-hours,sitemap
4,Christ the King Catholic Church,Archdiocese of Mobile,https://ctkdaphne.org/,https://ctkdaphne.org/news/mens-retreat,sitemap
4,Christ the King Catholic Church,Archdiocese of Mobile,https://ctkdaphne.org/,https://ctkdaphne.org/news/middle-school-sock-hop,sitemap
4,Christ the King Catholic Church,Archdiocese of Mobile,https://ctkdaphne.org/,https://ctkdaphne.org/news/mlk-day-of-service,sitemap
4,Christ the King Catholic Church,Archdiocese of Mobile,https://ctkdaphne.org/,https://ctkdaphne.org/news/monica-kurth-ctks-2019-christ-the-king-medal-recipient,sitemap
4,Christ the King Catholic Church,Archdiocese of Mobile,https://ctkdaphne.org/,https://ctkdaphne.org/news/mosj-outback-confirmation-retreat-brings-forth-140-attendees,sitemap
4,Christ the King Catholic Church,Archdiocese of Mobile,https://ctkdaphne.org/,https://ctkdaphne.org/news/mr-joe-tramuta-receives-christ-the-king-medal,sitemap
4,Christ the King Catholic Church,Archdiocese of Mobile,https://ctkdaphne.org/,https://ctkdaphne.org/news/new-athletic-director,sitemap
4,Christ the King Catholic Church,Archdiocese of Mobile,https://ctkdaphne.org/,https://ctkdaphne.org/news/new-church-pews-have-been-installed,sitemap
4,Christ the King Catholic Church,Archdiocese of Mobile,https://ctkdaphne.org/,https://ctkdaphne.org/news/new-covid-regulations-from-archbishop-thomas-j-rodi,sitemap
4,Christ the King Catholic Church,Archdiocese of Mobile,https://ctkdaphne.org/,https://ctkdaphne.org/news/new-parish-communication-coordinator,sitemap
4,Christ the King Catholic Church,Archdiocese of Mobile,https://ctkdaphne.org/,https://ctkdaphne.org/news/new-parish-council-mmeber,sitemap
4,Christ the King Catholic Church,Archdiocese of Mobile,https://ctkdaphne.org/,https://ctkdaphne.org/news/news,sitemap
4,Christ the King Catholic Church,Archdiocese of Mobile,https://ctkdaphne.org/,https://ctkdaphne.org/news/news-1,sitemap
4,Christ the King Catholic Church,Archdiocese of Mobile,https://ctkdaphne.org/,https://ctkdaphne.org/news/no-childrens-faith-formation-classes-november-26,sitemap
4,Christ the King Catholic Church,Archdiocese of Mobile,https://ctkdaphne.org/,https://ctkdaphne.org/news/no-childrens-nursery-this-sunday-december-24,sitemap
4,Christ the King Catholic Church,Archdiocese of Mobile,https://ctkdaphne.org/,https://ctkdaphne.org/news/novena-for-the-healing-of-our-hearts-and-home-sunday-april-19-monday-april-27,sitemap
4,Christ the King Catholic Church,Archdiocese of Mobile,https://ctkdaphne.org/,https://ctkdaphne.org/news/october-is-our-month-to-stock-the-food-pantry,sitemap
4,Christ the King Catholic Church,Archdiocese of Mobile,https://ctkdaphne.org/,https://ctkdaphne.org/news/one-faith-one-family-conference,sitemap
4,Christ the King Catholic Church,Archdiocese of Mobile,https://ctkdaphne.org/,https://ctkdaphne.org/news/order-your-ctk-spirit-items-now,sitemap
4,Christ the King Catholic Church,Archdiocese of Mobile,https://ctkdaphne.org/,https://ctkdaphne.org/news/our-lady-of-fatima,sitemap
4,Christ the King Catholic Church,Archdiocese of Mobile,https://ctkdaphne.org/,https://ctkdaphne.org/news/our-lady-of-fatima-rosary,sitemap
4,Christ the King Catholic Church,Archdiocese of Mobile,https://ctkdaphne.org/,https://ctkdaphne.org/news/our-lady-of-guadalupe,sitemap
4,Christ the King Catholic Church,Archdiocese of Mobile,https://ctkdaphne.org/,https://ctkdaphne.org/news/panama-city-retreat,sitemap
4,Christ the King Catholic Church,Archdiocese of Mobile,https://ctkdaphne.org/,https://ctkdaphne.org/news/parent-confirmation-meeting,sitemap
4,Christ the King Catholic Church,Archdiocese of Mobile,https://ctkdaphne.org/,https://ctkdaphne.org/news/parish-cancellations-this-sunday,sitemap
4,Christ the King Catholic Church,Archdiocese of Mobile,https://ctkdaphne.org/,https://ctkdaphne.org/news/parish-council-position-available,sitemap
4,Christ the King Catholic Church,Archdiocese of Mobile,https://ctkdaphne.org/,https://ctkdaphne.org/news/parish-library-grand-opening,sitemap
4,Christ the King Catholic Church,Archdiocese of Mobile,https://ctkdaphne.org/,https://ctkdaphne.org/news/parish-library-open-house-april-21,sitemap
4,Christ the King Catholic Church,Archdiocese of Mobile,https://ctkdaphne.org/,https://ctkdaphne.org/news/parish-mission-january-30-february-2,sitemap
4,Christ the King Catholic Church,Archdiocese of Mobile,https://ctkdaphne.org/,https://ctkdaphne.org/news/parish-office-christmas-and-new-years-closing,sitemap
4,Christ the King Catholic Church,Archdiocese of Mobile,https://ctkdaphne.org/,https://ctkdaphne.org/news/parish-office-closed-as-of-monday-april-6-until-further-notice,sitemap
4,Christ the King Catholic Church,Archdiocese of Mobile,https://ctkdaphne.org/,https://ctkdaphne.org/news/parish-office-closed-july-4,sitemap
4,Christ the King Catholic Church,Archdiocese of Mobile,https://ctkdaphne.org/,https://ctkdaphne.org/news/parish-office-closed-labor-day-september-4,sitemap
4,Christ the King Catholic Church,Archdiocese of Mobile,https://ctkdaphne.org/,https://ctkdaphne.org/news/parish-office-closed-monday-january-15,sitemap
4,Christ the King Catholic Church,Archdiocese of Mobile,https://ctkdaphne.org/,https://ctkdaphne.org/news/parish-office-holiday-closings,sitemap
4,Christ the King Catholic Church,Archdiocese of Mobile,https://ctkdaphne.org/,https://ctkdaphne.org/news/parish-office-hours,sitemap
4,Christ the King Catholic Church,Archdiocese of Mobile,https://ctkdaphne.org/,https://ctkdaphne.org/news/parish-office-update,sitemap
4,Christ the King Catholic Church,Archdiocese of Mobile,https://ctkdaphne.org/,https://ctkdaphne.org/news/parish-office-will-be-closed-on-tuesday-july-21-to-honor-archbishop-emeritus-lipscomb,sitemap
4,Christ the King Catholic Church,Archdiocese of Mobile,https://ctkdaphne.org/,https://ctkdaphne.org/news/parish-penance-service,sitemap
4,Christ the King Catholic Church,Archdiocese of Mobile,https://ctkdaphne.org/,https://ctkdaphne.org/news/parish-weather-closings-cancellations,sitemap
4,Christ the King Catholic Church,Archdiocese of Mobile,https://ctkdaphne.org/,https://ctkdaphne.org/news/pass-on-the-good-news,sitemap
4,Christ the King Catholic Church,Archdiocese of Mobile,https://ctkdaphne.org/,https://ctkdaphne.org/news/passionate-discipleship-womens-bible-study,sitemap
4,Christ the King Catholic Church,Archdiocese of Mobile,https://ctkdaphne.org/,https://ctkdaphne.org/news/patrick-gilbreath-to-be-honored-at-reception,sitemap
4,Christ the King Catholic Church,Archdiocese of Mobile,https://ctkdaphne.org/,https://ctkdaphne.org/news/penance,sitemap
4,Christ the King Catholic Church,Archdiocese of Mobile,https://ctkdaphne.org/,https://ctkdaphne.org/news/perpetual-adoration-chapel-christmas-closing,sitemap
4,Christ the King Catholic Church,Archdiocese of Mobile,https://ctkdaphne.org/,https://ctkdaphne.org/news/perpetual-adoration-guardians-needed,sitemap
4,Christ the King Catholic Church,Archdiocese of Mobile,https://ctkdaphne.org/,https://ctkdaphne.org/news/priests-continuing-education-workshop,sitemap
4,Christ the King Catholic Church,Archdiocese of Mobile,https://ctkdaphne.org/,https://ctkdaphne.org/news/priests-retreat,sitemap
4,Christ the King Catholic Church,Archdiocese of Mobile,https://ctkdaphne.org/,https://ctkdaphne.org/news/proposed-new-pew-arragnment,sitemap
4,Christ the King Catholic Church,Archdiocese of Mobile,https://ctkdaphne.org/,https://ctkdaphne.org/news/pure-and-simple,sitemap
4,Christ the King Catholic Church,Archdiocese of Mobile,https://ctkdaphne.org/,https://ctkdaphne.org/news/pure-and-simple-an-archdiocesan-event-for-8th-grade-students-and-parents,sitemap
4,Christ the King Catholic Church,Archdiocese of Mobile,https://ctkdaphne.org/,https://ctkdaphne.org/news/quest-retreat,sitemap
4,Christ the King Catholic Church,Archdiocese of Mobile,https://ctkdaphne.org/,https://ctkdaphne.org/news/rcia-classes-begin-in-septmeber,sitemap
4,Christ the King Catholic Church,Archdiocese of Mobile,https://ctkdaphne.org/,https://ctkdaphne.org/news/rcia-inquiry-session-august-31,sitemap
4,Christ the King Catholic Church,Archdiocese of Mobile,https://ctkdaphne.org/,https://ctkdaphne.org/news/register-for-fall-lifeteen-retreat,sitemap
4,Christ the King Catholic Church,Archdiocese of Mobile,https://ctkdaphne.org/,https://ctkdaphne.org/news/register-for-our-confirmation-program,sitemap
4,Christ the King Catholic Church,Archdiocese of Mobile,https://ctkdaphne.org/,https://ctkdaphne.org/news/register-now-for-spring-adult-faith-formation-courses,sitemap
4,Christ the King Catholic Church,Archdiocese of Mobile,https://ctkdaphne.org/,https://ctkdaphne.org/news/register-now-for-the-10th-annual-inshore-classic,sitemap
4,Christ the King Catholic Church,Archdiocese of Mobile,https://ctkdaphne.org/,https://ctkdaphne.org/news/register-your-3-on-3-team-now-for-hoopalooza,sitemap
4,Christ the King Catholic Church,Archdiocese of Mobile,https://ctkdaphne.org/,https://ctkdaphne.org/news/registration-open-for-acyc-jr,sitemap
4,Christ the King Catholic Church,Archdiocese of Mobile,https://ctkdaphne.org/,https://ctkdaphne.org/news/reverend-msgr-timothy-deasy-1933-2016,sitemap
4,Christ the King Catholic Church,Archdiocese of Mobile,https://ctkdaphne.org/,https://ctkdaphne.org/news/sarah-collins-introduced-as-new-jr-high-youth-minister,sitemap
4,Christ the King Catholic Church,Archdiocese of Mobile,https://ctkdaphne.org/,https://ctkdaphne.org/news/save-the-vbs-dates,sitemap
4,Christ the King Catholic Church,Archdiocese of Mobile,https://ctkdaphne.org/,https://ctkdaphne.org/news/schedule-of-online-masses-and-devotions,sitemap
4,Christ the King Catholic Church,Archdiocese of Mobile,https://ctkdaphne.org/,https://ctkdaphne.org/news/season-of-stewardship-2016,sitemap
4,Christ the King Catholic Church,Archdiocese of Mobile,https://ctkdaphne.org/,https://ctkdaphne.org/news/september-kings-herald,sitemap
4,Christ the King Catholic Church,Archdiocese of Mobile,https://ctkdaphne.org/,https://ctkdaphne.org/news/september-newsletter,sitemap
4,Christ the King Catholic Church,Archdiocese of Mobile,https://ctkdaphne.org/,https://ctkdaphne.org/news/september-newsletter-1,sitemap
4,Christ the King Catholic Church,Archdiocese of Mobile,https://ctkdaphne.org/,https://ctkdaphne.org/news/silver-jubilee-celebration,sitemap
4,Christ the King Catholic Church,Archdiocese of Mobile,https://ctkdaphne.org/,https://ctkdaphne.org/news/silver-saints,sitemap
4,Christ the King Catholic Church,Archdiocese of Mobile,https://ctkdaphne.org/,https://ctkdaphne.org/news/silver-saints-1,sitemap
4,Christ the King Catholic Church,Archdiocese of Mobile,https://ctkdaphne.org/,https://ctkdaphne.org/news/silver-saints-2,sitemap
4,Christ the King Catholic Church,Archdiocese of Mobile,https://ctkdaphne.org/,https://ctkdaphne.org/news/silver-saints-christmas-party,sitemap
4,Christ the King Catholic Church,Archdiocese of Mobile,https://ctkdaphne.org/,https://ctkdaphne.org/news/silver-saints-meet-sunday-july-8,sitemap
4,Christ the King Catholic Church,Archdiocese of Mobile,https://ctkdaphne.org/,https://ctkdaphne.org/news/silver-saints-meeting-sunday-june-10,sitemap
4,Christ the King Catholic Church,Archdiocese of Mobile,https://ctkdaphne.org/,https://ctkdaphne.org/news/silver-saints-monthly-meeting-coming-up,sitemap
4,Christ the King Catholic Church,Archdiocese of Mobile,https://ctkdaphne.org/,https://ctkdaphne.org/news/silver-saints-potluck-dinner,sitemap
4,Christ the King Catholic Church,Archdiocese of Mobile,https://ctkdaphne.org/,https://ctkdaphne.org/news/silver-saints-social-gathering-june-11,sitemap
4,Christ the King Catholic Church,Archdiocese of Mobile,https://ctkdaphne.org/,https://ctkdaphne.org/news/silver-saints-spring-trip-to-savannah-jekyll-island-and-charleston,sitemap
4,Christ the King Catholic Church,Archdiocese of Mobile,https://ctkdaphne.org/,https://ctkdaphne.org/news/silver-saints-thanksgiving-meeting,sitemap
4,Christ the King Catholic Church,Archdiocese of Mobile,https://ctkdaphne.org/,https://ctkdaphne.org/news/solemnity-of-mary-holy-day-of-obligation-january-1-2021-mass-schedule,sitemap
4,Christ the King Catholic Church,Archdiocese of Mobile,https://ctkdaphne.org/,https://ctkdaphne.org/news/solemnity-of-mary-mother-of-god-holy-day-of-obligation-jan-1,sitemap
4,Christ the King Catholic Church,Archdiocese of Mobile,https://ctkdaphne.org/,https://ctkdaphne.org/news/solemnity-of-the-assumption-of-mary-holy-day-mass-times,sitemap
4,Christ the King Catholic Church,Archdiocese of Mobile,https://ctkdaphne.org/,https://ctkdaphne.org/news/solemnity-of-the-immaculate-conception-of-the-blessed-virgin-mary,sitemap
4,Christ the King Catholic Church,Archdiocese of Mobile,https://ctkdaphne.org/,https://ctkdaphne.org/news/spring-adult-faith-formation-registering-now,sitemap
4,Christ the King Catholic Church,Archdiocese of Mobile,https://ctkdaphne.org/,https://ctkdaphne.org/news/spring-soccer-registration-open,sitemap
4,Christ the King Catholic Church,Archdiocese of Mobile,https://ctkdaphne.org/,https://ctkdaphne.org/news/stations-of-the-cross,sitemap
4,Christ the King Catholic Church,Archdiocese of Mobile,https://ctkdaphne.org/,https://ctkdaphne.org/news/svdp-june-food-drive,sitemap
4,Christ the King Catholic Church,Archdiocese of Mobile,https://ctkdaphne.org/,https://ctkdaphne.org/news/taize-service,sitemap
4,Christ the King Catholic Church,Archdiocese of Mobile,https://ctkdaphne.org/,https://ctkdaphne.org/news/thanksgiving-day,sitemap
4,Christ the King Catholic Church,Archdiocese of Mobile,https://ctkdaphne.org/,https://ctkdaphne.org/news/thanksgiving-holiday-mass-schedule-and-parish-office-hours,sitemap
4,Christ the King Catholic Church,Archdiocese of Mobile,https://ctkdaphne.org/,https://ctkdaphne.org/news/the-adoration-chapel-is-closing-at-noon-on-tuesday-september-4,sitemap
4,Christ the King Catholic Church,Archdiocese of Mobile,https://ctkdaphne.org/,https://ctkdaphne.org/news/the-bilingual-mass-will-not-be-celebrated-in-may,sitemap
4,Christ the King Catholic Church,Archdiocese of Mobile,https://ctkdaphne.org/,https://ctkdaphne.org/news/the-journey-establishing-an-authentic-union-with-god-one-story-at-a-time,sitemap
4,Christ the King Catholic Church,Archdiocese of Mobile,https://ctkdaphne.org/,https://ctkdaphne.org/news/the-st-vincent-de-paul-society-food-drive,sitemap
4,Christ the King Catholic Church,Archdiocese of Mobile,https://ctkdaphne.org/,https://ctkdaphne.org/news/triduumschedule,sitemap
4,Christ the King Catholic Church,Archdiocese of Mobile,https://ctkdaphne.org/,https://ctkdaphne.org/news/tune-into-ewtn-for-an-inside-look-at-the-st-vincent-de-paul-society,sitemap
4,Christ the King Catholic Church,Archdiocese of Mobile,https://ctkdaphne.org/,https://ctkdaphne.org/news/vacation-bible-school-2016,sitemap
4,Christ the King Catholic Church,Archdiocese of Mobile,https://ctkdaphne.org/,https://ctkdaphne.org/news/vacation-bible-school-update,sitemap
4,Christ the King Catholic Church,Archdiocese of Mobile,https://ctkdaphne.org/,https://ctkdaphne.org/news/vbs-2023,sitemap
4,Christ the King Catholic Church,Archdiocese of Mobile,https://ctkdaphne.org/,https://ctkdaphne.org/news/vocations-meeting-and-raffle,sitemap
4,Christ the King Catholic Church,Archdiocese of Mobile,https://ctkdaphne.org/,https://ctkdaphne.org/news/welcome-father-baskar,sitemap
4,Christ the King Catholic Church,Archdiocese of Mobile,https://ctkdaphne.org/,https://ctkdaphne.org/news/welcome-little-sisters-of-the-poor,sitemap
4,Christ the King Catholic Church,Archdiocese of Mobile,https://ctkdaphne.org/,https://ctkdaphne.org/news/welcome-to-our-summer-seminarian,sitemap
4,Christ the King Catholic Church,Archdiocese of Mobile,https://ctkdaphne.org/,https://ctkdaphne.org/news/whats-coming-up-for-our-lifeteen,sitemap
4,Christ the King Catholic Church,Archdiocese of Mobile,https://ctkdaphne.org/,https://ctkdaphne.org/news/womens-bible-study,sitemap
4,Christ the King Catholic Church,Archdiocese of Mobile,https://ctkdaphne.org/,https://ctkdaphne.org/news?page=1,homepage_link
4,Christ the King Catholic Church,Archdiocese of Mobile,https://ctkdaphne.org/,https://ctkdaphne.org/newsRSS?page=1,homepage_link
4,Christ the King Catholic Church,Archdiocese of Mobile,https://ctkdaphne.org/,https://ctkdaphne.org/parents-volunteers,"homepage_link, sitemap"
4,Christ the King Catholic Church,Archdiocese of Mobile,https://ctkdaphne.org/,https://ctkdaphne.org/parish-council,"homepage_link, sitemap"
4,Christ the King Catholic Church,Archdiocese of Mobile,https://ctkdaphne.org/,https://ctkdaphne.org/parish-council-1,"homepage_link, sitemap"
4,Christ the King Catholic Church,Archdiocese of Mobile,https://ctkdaphne.org/,https://ctkdaphne.org/parish-library,"homepage_link, sitemap"
4,Christ the King Catholic Church,Archdiocese of Mobile,https://ctkdaphne.org/,https://ctkdaphne.org/parish-library-1,"homepage_link, sitemap"
4,Christ the King Catholic Church,Archdiocese of Mobile,https://ctkdaphne.org/,https://ctkdaphne.org/parish-library-faqs,"homepage_link, sitemap"
4,Christ the King Catholic Church,Archdiocese of Mobile,https://ctkdaphne.org/,https://ctkdaphne.org/parish-staff,"homepage_link, sitemap"
4,Christ the King Catholic Church,Archdiocese of Mobile,https://ctkdaphne.org/,https://ctkdaphne.org/pcr-applications,"homepage_link, sitemap"
4,Christ the King Catholic Church,Archdiocese of Mobile,https://ctkdaphne.org/,https://ctkdaphne.org/pcr-panama-city-retreat,"homepage_link, sitemap"
4,Christ the King Catholic Church,Archdiocese of Mobile,https://ctkdaphne.org/,https://ctkdaphne.org/pea-history,"homepage_link, sitemap"
4,Christ the King Catholic Church,Archdiocese of Mobile,https://ctkdaphne.org/,https://ctkdaphne.org/people/courtney-silvernail,sitemap
4,Christ the King Catholic Church,Archdiocese of Mobile,https://ctkdaphne.org/,https://ctkdaphne.org/people/ctk-youth-ministry-office,sitemap
4,Christ the King Catholic Church,Archdiocese of Mobile,https://ctkdaphne.org/,https://ctkdaphne.org/people/donna-morgan,sitemap
4,Christ the King Catholic Church,Archdiocese of Mobile,https://ctkdaphne.org/,https://ctkdaphne.org/people/jack-mangels,sitemap
4,Christ the King Catholic Church,Archdiocese of Mobile,https://ctkdaphne.org/,https://ctkdaphne.org/people/john-pierotti,sitemap
4,Christ the King Catholic Church,Archdiocese of Mobile,https://ctkdaphne.org/,https://ctkdaphne.org/people/kathy-barr,sitemap
4,Christ the King Catholic Church,Archdiocese of Mobile,https://ctkdaphne.org/,https://ctkdaphne.org/people/kim-walker,sitemap
4,Christ the King Catholic Church,Archdiocese of Mobile,https://ctkdaphne.org/,https://ctkdaphne.org/people/marguerite-murphy,sitemap
4,Christ the King Catholic Church,Archdiocese of Mobile,https://ctkdaphne.org/,https://ctkdaphne.org/people/marty-felsman,sitemap
4,Christ the King Catholic Church,Archdiocese of Mobile,https://ctkdaphne.org/,https://ctkdaphne.org/people/mary-francis,sitemap
4,Christ the King Catholic Church,Archdiocese of Mobile,https://ctkdaphne.org/,https://ctkdaphne.org/people/matt-mcdonald,sitemap
4,Christ the King Catholic Church,Archdiocese of Mobile,https://ctkdaphne.org/,https://ctkdaphne.org/people/matthew-still,sitemap
4,Christ the King Catholic Church,Archdiocese of Mobile,https://ctkdaphne.org/,https://ctkdaphne.org/people/michael-white,sitemap
4,Christ the King Catholic Church,Archdiocese of Mobile,https://ctkdaphne.org/,https://ctkdaphne.org/people/ms-debbie-anderson,sitemap
4,Christ the King Catholic Church,Archdiocese of Mobile,https://ctkdaphne.org/,https://ctkdaphne.org/people/rebecca-devaney,sitemap
4,Christ the King Catholic Church,Archdiocese of Mobile,https://ctkdaphne.org/,https://ctkdaphne.org/people/rebecca-devaney-1,sitemap
4,Christ the King Catholic Church,Archdiocese of Mobile,https://ctkdaphne.org/,https://ctkdaphne.org/people/rev-matthew-oconnor,sitemap
4,Christ the King Catholic Church,Archdiocese of Mobile,https://ctkdaphne.org/,https://ctkdaphne.org/people/rev-regis-david-hgn,sitemap
4,Christ the King Catholic Church,Archdiocese of Mobile,https://ctkdaphne.org/,https://ctkdaphne.org/people/rosieswanson,sitemap
4,Christ the King Catholic Church,Archdiocese of Mobile,https://ctkdaphne.org/,https://ctkdaphne.org/people/sam-di-benedetto,sitemap
4,Christ the King Catholic Church,Archdiocese of Mobile,https://ctkdaphne.org/,https://ctkdaphne.org/people/sarah-collins,sitemap
4,Christ the King Catholic Church,Archdiocese of Mobile,https://ctkdaphne.org/,https://ctkdaphne.org/permission-forms,"homepage_link, sitemap"
4,Christ the King Catholic Church,Archdiocese of Mobile,https://ctkdaphne.org/,https://ctkdaphne.org/permission-forms-1,"homepage_link, sitemap"
4,Christ the King Catholic Church,Archdiocese of Mobile,https://ctkdaphne.org/,https://ctkdaphne.org/perpetual-adoration,"homepage_link, sitemap"
4,Christ the King Catholic Church,Archdiocese of Mobile,https://ctkdaphne.org/,https://ctkdaphne.org/perpetual-eucharistic-adoration,"homepage_link, sitemap"
4,Christ the King Catholic Church,Archdiocese of Mobile,https://ctkdaphne.org/,https://ctkdaphne.org/photoalbums,sitemap
4,Christ the King Catholic Church,Archdiocese of Mobile,https://ctkdaphne.org/,https://ctkdaphne.org/photoalbums/2016-confirmation,sitemap
4,Christ the King Catholic Church,Archdiocese of Mobile,https://ctkdaphne.org/,https://ctkdaphne.org/photoalbums/2017-18-officers,sitemap
4,Christ the King Catholic Church,Archdiocese of Mobile,https://ctkdaphne.org/,https://ctkdaphne.org/photoalbums/2017-birmingham-mission-trip,sitemap
4,Christ the King Catholic Church,Archdiocese of Mobile,https://ctkdaphne.org/,https://ctkdaphne.org/photoalbums/2017-blessing-of-the-animals,sitemap
4,Christ the King Catholic Church,Archdiocese of Mobile,https://ctkdaphne.org/,https://ctkdaphne.org/photoalbums/2017-charleston-mission-trip,sitemap
4,Christ the King Catholic Church,Archdiocese of Mobile,https://ctkdaphne.org/,https://ctkdaphne.org/photoalbums/2017-christmas-caroling-at-the-brennity,sitemap
4,Christ the King Catholic Church,Archdiocese of Mobile,https://ctkdaphne.org/,https://ctkdaphne.org/photoalbums/2017-christmas-dance-party,sitemap
4,Christ the King Catholic Church,Archdiocese of Mobile,https://ctkdaphne.org/,https://ctkdaphne.org/photoalbums/2017-christmas-fun,sitemap
4,Christ the King Catholic Church,Archdiocese of Mobile,https://ctkdaphne.org/,https://ctkdaphne.org/photoalbums/2017-christmas-fun-1,sitemap
4,Christ the King Catholic Church,Archdiocese of Mobile,https://ctkdaphne.org/,https://ctkdaphne.org/photoalbums/2017-confirmation,sitemap
4,Christ the King Catholic Church,Archdiocese of Mobile,https://ctkdaphne.org/,https://ctkdaphne.org/photoalbums/2017-confirmation-1,sitemap
4,Christ the King Catholic Church,Archdiocese of Mobile,https://ctkdaphne.org/,https://ctkdaphne.org/photoalbums/2017-confirmation-3,sitemap
4,Christ the King Catholic Church,Archdiocese of Mobile,https://ctkdaphne.org/,https://ctkdaphne.org/photoalbums/2017-edge-kick-off,sitemap
4,Christ the King Catholic Church,Archdiocese of Mobile,https://ctkdaphne.org/,https://ctkdaphne.org/photoalbums/2017-girls-night-out-paint-party,sitemap
4,Christ the King Catholic Church,Archdiocese of Mobile,https://ctkdaphne.org/,https://ctkdaphne.org/photoalbums/2017-laser-tag,sitemap
4,Christ the King Catholic Church,Archdiocese of Mobile,https://ctkdaphne.org/,https://ctkdaphne.org/photoalbums/2017-life-teen-seniors,sitemap
4,Christ the King Catholic Church,Archdiocese of Mobile,https://ctkdaphne.org/,https://ctkdaphne.org/photoalbums/2017-lifeteen-chili-cook-off,sitemap
4,Christ the King Catholic Church,Archdiocese of Mobile,https://ctkdaphne.org/,https://ctkdaphne.org/photoalbums/2017-owa,sitemap
4,Christ the King Catholic Church,Archdiocese of Mobile,https://ctkdaphne.org/,https://ctkdaphne.org/photoalbums/2017-panama-city-retreat,sitemap
4,Christ the King Catholic Church,Archdiocese of Mobile,https://ctkdaphne.org/,https://ctkdaphne.org/photoalbums/2017-panama-city-retreat-2,sitemap
4,Christ the King Catholic Church,Archdiocese of Mobile,https://ctkdaphne.org/,https://ctkdaphne.org/photoalbums/2017-parish-library-open-house,sitemap
4,Christ the King Catholic Church,Archdiocese of Mobile,https://ctkdaphne.org/,https://ctkdaphne.org/photoalbums/2017-service-at-womens-health-center,sitemap
4,Christ the King Catholic Church,Archdiocese of Mobile,https://ctkdaphne.org/,https://ctkdaphne.org/photoalbums/2017-summer-fun,sitemap
4,Christ the King Catholic Church,Archdiocese of Mobile,https://ctkdaphne.org/,https://ctkdaphne.org/photoalbums/2017-thanksgiving-bonfire,sitemap
4,Christ the King Catholic Church,Archdiocese of Mobile,https://ctkdaphne.org/,https://ctkdaphne.org/photoalbums/2017-the-factory,sitemap
4,Christ the King Catholic Church,Archdiocese of Mobile,https://ctkdaphne.org/,https://ctkdaphne.org/photoalbums/2017-trunk-or-treat,sitemap
4,Christ the King Catholic Church,Archdiocese of Mobile,https://ctkdaphne.org/,https://ctkdaphne.org/photoalbums/2017-vacation-bible-school,sitemap
4,Christ the King Catholic Church,Archdiocese of Mobile,https://ctkdaphne.org/,https://ctkdaphne.org/photoalbums/2018-abbey-youth-festival,sitemap
4,Christ the King Catholic Church,Archdiocese of Mobile,https://ctkdaphne.org/,https://ctkdaphne.org/photoalbums/2018-acyc-conference,sitemap
4,Christ the King Catholic Church,Archdiocese of Mobile,https://ctkdaphne.org/,https://ctkdaphne.org/photoalbums/2018-bow-tag,sitemap
4,Christ the King Catholic Church,Archdiocese of Mobile,https://ctkdaphne.org/,https://ctkdaphne.org/photoalbums/2018-boys-and-girls-nights,sitemap
4,Christ the King Catholic Church,Archdiocese of Mobile,https://ctkdaphne.org/,https://ctkdaphne.org/photoalbums/2018-easter-egg-hunt,sitemap
4,Christ the King Catholic Church,Archdiocese of Mobile,https://ctkdaphne.org/,https://ctkdaphne.org/photoalbums/2018-end-of-year-skate-party,sitemap
4,Christ the King Catholic Church,Archdiocese of Mobile,https://ctkdaphne.org/,https://ctkdaphne.org/photoalbums/2018-hoopalooza,sitemap
4,Christ the King Catholic Church,Archdiocese of Mobile,https://ctkdaphne.org/,https://ctkdaphne.org/photoalbums/2018-living-stations-of-the-cross,sitemap
4,Christ the King Catholic Church,Archdiocese of Mobile,https://ctkdaphne.org/,https://ctkdaphne.org/photoalbums/2018-march-for-life,sitemap
4,Christ the King Catholic Church,Archdiocese of Mobile,https://ctkdaphne.org/,https://ctkdaphne.org/photoalbums/2018-panama-city-retreat,sitemap
4,Christ the King Catholic Church,Archdiocese of Mobile,https://ctkdaphne.org/,https://ctkdaphne.org/photoalbums/2018-panama-city-retreat-1,sitemap
4,Christ the King Catholic Church,Archdiocese of Mobile,https://ctkdaphne.org/,https://ctkdaphne.org/photoalbums/2018-quest-retreat,sitemap
4,Christ the King Catholic Church,Archdiocese of Mobile,https://ctkdaphne.org/,https://ctkdaphne.org/photoalbums/2018-summer-kick-off,sitemap
4,Christ the King Catholic Church,Archdiocese of Mobile,https://ctkdaphne.org/,https://ctkdaphne.org/photoalbums/2018-summer-of-service,sitemap
4,Christ the King Catholic Church,Archdiocese of Mobile,https://ctkdaphne.org/,https://ctkdaphne.org/photoalbums/2024-new-parish-library,sitemap
4,Christ the King Catholic Church,Archdiocese of Mobile,https://ctkdaphne.org/,https://ctkdaphne.org/photoalbums/2024-parish-library-open-house,sitemap
4,Christ the King Catholic Church,Archdiocese of Mobile,https://ctkdaphne.org/,https://ctkdaphne.org/photoalbums/5-years-later-pea-anniversary,sitemap
4,Christ the King Catholic Church,Archdiocese of Mobile,https://ctkdaphne.org/,https://ctkdaphne.org/photoalbums/april-2017-life-teen-night-out,sitemap
4,Christ the King Catholic Church,Archdiocese of Mobile,https://ctkdaphne.org/,https://ctkdaphne.org/photoalbums/blessed-francis-xavier-seelos-stations-of-the-cross,sitemap
4,Christ the King Catholic Church,Archdiocese of Mobile,https://ctkdaphne.org/,https://ctkdaphne.org/photoalbums/blessed-seelos-youth-award-ben-morgan,sitemap
4,Christ the King Catholic Church,Archdiocese of Mobile,https://ctkdaphne.org/,https://ctkdaphne.org/photoalbums/box-of-joy-2017,sitemap
4,Christ the King Catholic Church,Archdiocese of Mobile,https://ctkdaphne.org/,https://ctkdaphne.org/photoalbums/ctk-life-teen,sitemap
4,Christ the King Catholic Church,Archdiocese of Mobile,https://ctkdaphne.org/,https://ctkdaphne.org/photoalbums/ctk-life-teen-1,sitemap
4,Christ the King Catholic Church,Archdiocese of Mobile,https://ctkdaphne.org/,https://ctkdaphne.org/photoalbums/dedication-of-the-chapel,sitemap
4,Christ the King Catholic Church,Archdiocese of Mobile,https://ctkdaphne.org/,https://ctkdaphne.org/photoalbums/festa-italiana-2016,sitemap
4,Christ the King Catholic Church,Archdiocese of Mobile,https://ctkdaphne.org/,https://ctkdaphne.org/photoalbums/new-parish-library-renovation,sitemap
4,Christ the King Catholic Church,Archdiocese of Mobile,https://ctkdaphne.org/,https://ctkdaphne.org/photoalbums/our-lady-of-guadalupe-2015,sitemap
4,Christ the King Catholic Church,Archdiocese of Mobile,https://ctkdaphne.org/,https://ctkdaphne.org/photoalbums/taize-service,sitemap
4,Christ the King Catholic Church,Archdiocese of Mobile,https://ctkdaphne.org/,https://ctkdaphne.org/photoalbums/the-alley,sitemap
4,Christ the King Catholic Church,Archdiocese of Mobile,https://ctkdaphne.org/,https://ctkdaphne.org/play-like-a-champion-training,"homepage_link, sitemap"
4,Christ the King Catholic Church,Archdiocese of Mobile,https://ctkdaphne.org/,https://ctkdaphne.org/policies,"homepage_link, sitemap"
4,Christ the King Catholic Church,Archdiocese of Mobile,https://ctkdaphne.org/,https://ctkdaphne.org/prek-3-4-sunday-school,"homepage_link, sitemap"
4,Christ the King Catholic Church,Archdiocese of Mobile,https://ctkdaphne.org/,https://ctkdaphne.org/rcia,"homepage_link, sitemap"
4,Christ the King Catholic Church,Archdiocese of Mobile,https://ctkdaphne.org/,https://ctkdaphne.org/reconcilation,"homepage_link, sitemap"
4,Christ the King Catholic Church,Archdiocese of Mobile,https://ctkdaphne.org/,https://ctkdaphne.org/rite-of-christian-initiation-of-adults-rcia,"homepage_link, sitemap"
4,Christ the King Catholic Church,Archdiocese of Mobile,https://ctkdaphne.org/,https://ctkdaphne.org/sacrament-of-confirmation,"homepage_link, sitemap"
4,Christ the King Catholic Church,Archdiocese of Mobile,https://ctkdaphne.org/,https://ctkdaphne.org/schedule,"homepage_link, sitemap"
4,Christ the King Catholic Church,Archdiocese of Mobile,https://ctkdaphne.org/,https://ctkdaphne.org/silver-saints,"homepage_link, sitemap"
4,Christ the King Catholic Church,Archdiocese of Mobile,https://ctkdaphne.org/,https://ctkdaphne.org/social-events,"homepage_link, sitemap"
4,Christ the King Catholic Church,Archdiocese of Mobile,https://ctkdaphne.org/,https://ctkdaphne.org/sponsorship-banners,"homepage_link, sitemap"
4,Christ the King Catholic Church,Archdiocese of Mobile,https://ctkdaphne.org/,https://ctkdaphne.org/sports-registration,"homepage_link, sitemap"
4,Christ the King Catholic Church,Archdiocese of Mobile,https://ctkdaphne.org/,https://ctkdaphne.org/stewardship,"homepage_link, sitemap"
4,Christ the King Catholic Church,Archdiocese of Mobile,https://ctkdaphne.org/,https://ctkdaphne.org/stewardship-1,"homepage_link, sitemap"
4,Christ the King Catholic Church,Archdiocese of Mobile,https://ctkdaphne.org/,https://ctkdaphne.org/stewardship-commitment-form,"homepage_link, sitemap"
4,Christ the King Catholic Church,Archdiocese of Mobile,https://ctkdaphne.org/,https://ctkdaphne.org/stewardship-of-time-talent,"homepage_link, sitemap"
4,Christ the King Catholic Church,Archdiocese of Mobile,https://ctkdaphne.org/,https://ctkdaphne.org/sunday-morning-nursery,"homepage_link, sitemap"
4,Christ the King Catholic Church,Archdiocese of Mobile,https://ctkdaphne.org/,https://ctkdaphne.org/sunday-morning-nursery-1,"homepage_link, sitemap"
4,Christ the King Catholic Church,Archdiocese of Mobile,https://ctkdaphne.org/,https://ctkdaphne.org/testimonials,"homepage_link, sitemap"
4,Christ the King Catholic Church,Archdiocese of Mobile,https://ctkdaphne.org/,https://ctkdaphne.org/the-alley,"homepage_link, sitemap"
4,Christ the King Catholic Church,Archdiocese of Mobile,https://ctkdaphne.org/,https://ctkdaphne.org/the-alley-1,"homepage_link, sitemap"
4,Christ the King Catholic Church,Archdiocese of Mobile,https://ctkdaphne.org/,https://ctkdaphne.org/us-world-catholic-news,"homepage_link, sitemap"
4,Christ the King Catholic Church,Archdiocese of Mobile,https://ctkdaphne.org/,https://ctkdaphne.org/vacation-bible-school,"homepage_link, sitemap"
4,Christ the King Catholic Church,Archdiocese of Mobile,https://ctkdaphne.org/,https://ctkdaphne.org/vatican-news,"homepage_link, sitemap"
4,Christ the King Catholic Church,Archdiocese of Mobile,https://ctkdaphne.org/,https://ctkdaphne.org/vocation-ministry,"homepage_link, sitemap"
4,Christ the King Catholic Church,Archdiocese of Mobile,https://ctkdaphne.org/,https://ctkdaphne.org/welcome-committee,"homepage_link, sitemap"
4,Christ the King Catholic Church,Archdiocese of Mobile,https://ctkdaphne.org/,https://ctkdaphne.org/youth-ministry,"homepage_link, sitemap"
4,Christ the King Catholic Church,Archdiocese of Mobile,https://ctkdaphne.org/,https://ctkdaphne.org/youthministry,"homepage_link, sitemap"
5,Our Lady of the Gulf Catholic Church,Archdiocese of Mobile,https://olgal.org/,https://olgal.org/,"homepage, homepage_link, sitemap"
5,Our Lady of the Gulf Catholic Church,Archdiocese of Mobile,https://olgal.org/,https://olgal.org/2025-parish-pre-lenten-mission-1,"homepage_link, sitemap"
5,Our Lady of the Gulf Catholic Church,Archdiocese of Mobile,https://olgal.org/,https://olgal.org/about-daughters-of-mary,"homepage_link, sitemap"
5,Our Lady of the Gulf Catholic Church,Archdiocese of Mobile,https://olgal.org/,https://olgal.org/adore-him,"homepage_link, sitemap"
5,Our Lady of the Gulf Catholic Church,Archdiocese of Mobile,https://olgal.org/,https://olgal.org/adult-faith-formation,"homepage_link, sitemap"
5,Our Lady of the Gulf Catholic Church,Archdiocese of Mobile,https://olgal.org/,https://olgal.org/altar-flowers,"homepage_link, sitemap"
5,Our Lady of the Gulf Catholic Church,Archdiocese of Mobile,https://olgal.org/,https://olgal.org/altar-rosary-society,"homepage_link, sitemap"
5,Our Lady of the Gulf Catholic Church,Archdiocese of Mobile,https://olgal.org/,https://olgal.org/altar-servers,"homepage_link, sitemap"
5,Our Lady of the Gulf Catholic Church,Archdiocese of Mobile,https://olgal.org/,https://olgal.org/anchors,"homepage_link, sitemap"
5,Our Lady of the Gulf Catholic Church,Archdiocese of Mobile,https://olgal.org/,https://olgal.org/anointing-of-the-sick,"homepage_link, sitemap"
5,Our Lady of the Gulf Catholic Church,Archdiocese of Mobile,https://olgal.org/,https://olgal.org/ao,"homepage_link, sitemap"
5,Our Lady of the Gulf Catholic Church,Archdiocese of Mobile,https://olgal.org/,https://olgal.org/baptism,"homepage_link, sitemap"
5,Our Lady of the Gulf Catholic Church,Archdiocese of Mobile,https://olgal.org/,https://olgal.org/bereavement-ministry,"homepage_link, sitemap"
5,Our Lady of the Gulf Catholic Church,Archdiocese of Mobile,https://olgal.org/,https://olgal.org/bibletimeline,"homepage_link, sitemap"
5,Our Lady of the Gulf Catholic Church,Archdiocese of Mobile,https://olgal.org/,https://olgal.org/blog,sitemap
5,Our Lady of the Gulf Catholic Church,Archdiocese of Mobile,https://olgal.org/,https://olgal.org/blog/a-time-for-renewal-a-letter-from-fr-carucci,sitemap
5,Our Lady of the Gulf Catholic Church,Archdiocese of Mobile,https://olgal.org/,https://olgal.org/blog/all-aboard-olg-ministry-fair-invites-parishioners-to-get-on-board,sitemap
5,Our Lady of the Gulf Catholic Church,Archdiocese of Mobile,https://olgal.org/,https://olgal.org/blog/eucharistic-adorationin-their-own-words,sitemap
5,Our Lady of the Gulf Catholic Church,Archdiocese of Mobile,https://olgal.org/,https://olgal.org/blog/getting-to-know-jeanne-smith,sitemap
5,Our Lady of the Gulf Catholic Church,Archdiocese of Mobile,https://olgal.org/,https://olgal.org/blog/getting-to-know-kai-lopez-st-benedict-school-principal,sitemap
5,Our Lady of the Gulf Catholic Church,Archdiocese of Mobile,https://olgal.org/,https://olgal.org/blog/getting-to-know-the-altar-rosary-society,sitemap
5,Our Lady of the Gulf Catholic Church,Archdiocese of Mobile,https://olgal.org/,https://olgal.org/blog/getting-to-knowarchbishop-mark-rivituso,sitemap
5,Our Lady of the Gulf Catholic Church,Archdiocese of Mobile,https://olgal.org/,https://olgal.org/blog/growing-in-faith-together,sitemap
5,Our Lady of the Gulf Catholic Church,Archdiocese of Mobile,https://olgal.org/,https://olgal.org/blog/kairos-prison-ministry-spring-retreat,sitemap
5,Our Lady of the Gulf Catholic Church,Archdiocese of Mobile,https://olgal.org/,https://olgal.org/blog/long-term-initiative-planning-facilities,sitemap
5,Our Lady of the Gulf Catholic Church,Archdiocese of Mobile,https://olgal.org/,https://olgal.org/blog/long-term-planning-growth-evangelization,sitemap
5,Our Lady of the Gulf Catholic Church,Archdiocese of Mobile,https://olgal.org/,https://olgal.org/blog/long-term-planning-initiatives,sitemap
5,Our Lady of the Gulf Catholic Church,Archdiocese of Mobile,https://olgal.org/,https://olgal.org/blog/march-5-first-friday-adoration,sitemap
5,Our Lady of the Gulf Catholic Church,Archdiocese of Mobile,https://olgal.org/,https://olgal.org/blog/marys-shelter-sip-and-shop,sitemap
5,Our Lady of the Gulf Catholic Church,Archdiocese of Mobile,https://olgal.org/,https://olgal.org/blog/october-is-respect-life-month,sitemap
5,Our Lady of the Gulf Catholic Church,Archdiocese of Mobile,https://olgal.org/,https://olgal.org/blog/october-is-respect-life-month-1,sitemap
5,Our Lady of the Gulf Catholic Church,Archdiocese of Mobile,https://olgal.org/,https://olgal.org/blog/olg-respect-life-ministry-sponsors-the-3rd-annual-starlit-soiree,sitemap
5,Our Lady of the Gulf Catholic Church,Archdiocese of Mobile,https://olgal.org/,https://olgal.org/blog/olgteen-car-wash-fundraiser-supports-summer-youth-conference,sitemap
5,Our Lady of the Gulf Catholic Church,Archdiocese of Mobile,https://olgal.org/,https://olgal.org/blog/our-lady-of-the-gulf-catholic-church-announces-new-community-class-based-on-bishop-robert-barrons-l,sitemap
5,Our Lady of the Gulf Catholic Church,Archdiocese of Mobile,https://olgal.org/,https://olgal.org/blog/our-lady-of-the-gulf-upgrades-to-ministry-platform,sitemap
5,Our Lady of the Gulf Catholic Church,Archdiocese of Mobile,https://olgal.org/,https://olgal.org/blog/parish-listening-session-join-the-conversation,sitemap
5,Our Lady of the Gulf Catholic Church,Archdiocese of Mobile,https://olgal.org/,https://olgal.org/blog/parish-supports-kairos-prison-ministry,sitemap
5,Our Lady of the Gulf Catholic Church,Archdiocese of Mobile,https://olgal.org/,https://olgal.org/blog/pray-to-protect-human-life,sitemap
5,Our Lady of the Gulf Catholic Church,Archdiocese of Mobile,https://olgal.org/,https://olgal.org/blog/respect-life-ministry-dines-with-marys-shelter-residents,sitemap
5,Our Lady of the Gulf Catholic Church,Archdiocese of Mobile,https://olgal.org/,https://olgal.org/blog/respect-life-ministry-raises-over-2000-for-south-baldwin-literacy-council-2,sitemap
5,Our Lady of the Gulf Catholic Church,Archdiocese of Mobile,https://olgal.org/,https://olgal.org/blog/respect-life-ministry-raises-over-2000-for-south-baldwin-literacy-council-again,sitemap
5,Our Lady of the Gulf Catholic Church,Archdiocese of Mobile,https://olgal.org/,https://olgal.org/blog/respect-life-supporting-childrens-summer-food-program,sitemap
5,Our Lady of the Gulf Catholic Church,Archdiocese of Mobile,https://olgal.org/,https://olgal.org/blog/september-is-sixth-world-day-for-grandparents-and-the-elderly,sitemap
5,Our Lady of the Gulf Catholic Church,Archdiocese of Mobile,https://olgal.org/,https://olgal.org/blog/special-collection-for-hurricane-relief-in-jamaica,sitemap
5,Our Lady of the Gulf Catholic Church,Archdiocese of Mobile,https://olgal.org/,https://olgal.org/blog/wear-your-blue-to-mass-april-25-26,sitemap
5,Our Lady of the Gulf Catholic Church,Archdiocese of Mobile,https://olgal.org/,https://olgal.org/blog/welcomejoe,sitemap
5,Our Lady of the Gulf Catholic Church,Archdiocese of Mobile,https://olgal.org/,https://olgal.org/building-fund,"homepage_link, sitemap"
5,Our Lady of the Gulf Catholic Church,Archdiocese of Mobile,https://olgal.org/,https://olgal.org/bulletins,"homepage_link, sitemap"
5,Our Lady of the Gulf Catholic Church,Archdiocese of Mobile,https://olgal.org/,https://olgal.org/calendar,sitemap
5,Our Lady of the Gulf Catholic Church,Archdiocese of Mobile,https://olgal.org/,https://olgal.org/caring-ministry,"homepage_link, sitemap"
5,Our Lady of the Gulf Catholic Church,Archdiocese of Mobile,https://olgal.org/,https://olgal.org/catholic-links,"homepage_link, sitemap"
5,Our Lady of the Gulf Catholic Church,Archdiocese of Mobile,https://olgal.org/,https://olgal.org/catholic-schools,"homepage_link, sitemap"
5,Our Lady of the Gulf Catholic Church,Archdiocese of Mobile,https://olgal.org/,https://olgal.org/cdn-cgi/l/email-protection,homepage_link
5,Our Lady of the Gulf Catholic Church,Archdiocese of Mobile,https://olgal.org/,https://olgal.org/charismatic,"homepage_link, sitemap"
5,Our Lady of the Gulf Catholic Church,Archdiocese of Mobile,https://olgal.org/,https://olgal.org/communications,"homepage_link, sitemap"
5,Our Lady of the Gulf Catholic Church,Archdiocese of Mobile,https://olgal.org/,https://olgal.org/confirmation,"homepage_link, sitemap"
5,Our Lady of the Gulf Catholic Church,Archdiocese of Mobile,https://olgal.org/,https://olgal.org/connect,"homepage_link, sitemap"
5,Our Lady of the Gulf Catholic Church,Archdiocese of Mobile,https://olgal.org/,https://olgal.org/contact-us,"homepage_link, sitemap"
5,Our Lady of the Gulf Catholic Church,Archdiocese of Mobile,https://olgal.org/,https://olgal.org/councils,"homepage_link, sitemap"
5,Our Lady of the Gulf Catholic Church,Archdiocese of Mobile,https://olgal.org/,https://olgal.org/daughters-of-mary,"homepage_link, sitemap"
5,Our Lady of the Gulf Catholic Church,Archdiocese of Mobile,https://olgal.org/,https://olgal.org/directory,"homepage_link, sitemap"
5,Our Lady of the Gulf Catholic Church,Archdiocese of Mobile,https://olgal.org/,https://olgal.org/emhc,"homepage_link, sitemap"
5,Our Lady of the Gulf Catholic Church,Archdiocese of Mobile,https://olgal.org/,https://olgal.org/events,"homepage_link, sitemap"
5,Our Lady of the Gulf Catholic Church,Archdiocese of Mobile,https://olgal.org/,https://olgal.org/events/adult-cood-bible-study-lectio-divina,sitemap
5,Our Lady of the Gulf Catholic Church,Archdiocese of Mobile,https://olgal.org/,https://olgal.org/events/altar-rosary-society-meeting,sitemap
5,Our Lady of the Gulf Catholic Church,Archdiocese of Mobile,https://olgal.org/,https://olgal.org/events/altar-rosary-society-meeting-2,sitemap
5,Our Lady of the Gulf Catholic Church,Archdiocese of Mobile,https://olgal.org/,https://olgal.org/events/altar-rosary-society-meeting-new-year-kick-off,sitemap
5,Our Lady of the Gulf Catholic Church,Archdiocese of Mobile,https://olgal.org/,https://olgal.org/events/anchors,sitemap
5,Our Lady of the Gulf Catholic Church,Archdiocese of Mobile,https://olgal.org/,https://olgal.org/events/annual-parish-picnic,sitemap
5,Our Lady of the Gulf Catholic Church,Archdiocese of Mobile,https://olgal.org/,https://olgal.org/events/annual-parish-picnic-2,sitemap
5,Our Lady of the Gulf Catholic Church,Archdiocese of Mobile,https://olgal.org/,https://olgal.org/events/ars-bake-sale-more,sitemap
5,Our Lady of the Gulf Catholic Church,Archdiocese of Mobile,https://olgal.org/,https://olgal.org/events/bible-study-gospel-of-matthew,sitemap
5,Our Lady of the Gulf Catholic Church,Archdiocese of Mobile,https://olgal.org/,https://olgal.org/events/book-study-the-screwtape-letters-1,sitemap
5,Our Lady of the Gulf Catholic Church,Archdiocese of Mobile,https://olgal.org/,https://olgal.org/events/catholic-charismatic-prayer-group,sitemap
5,Our Lady of the Gulf Catholic Church,Archdiocese of Mobile,https://olgal.org/,https://olgal.org/events/confirmation-mass,sitemap
5,Our Lady of the Gulf Catholic Church,Archdiocese of Mobile,https://olgal.org/,https://olgal.org/events/daughters-of-mary,sitemap
5,Our Lady of the Gulf Catholic Church,Archdiocese of Mobile,https://olgal.org/,https://olgal.org/events/family-of-faith-1,sitemap
5,Our Lady of the Gulf Catholic Church,Archdiocese of Mobile,https://olgal.org/,https://olgal.org/events/family-of-faith-1-1,sitemap
5,Our Lady of the Gulf Catholic Church,Archdiocese of Mobile,https://olgal.org/,https://olgal.org/events/family-of-faith-olgteen-sunday-morning-meeting,sitemap
5,Our Lady of the Gulf Catholic Church,Archdiocese of Mobile,https://olgal.org/,https://olgal.org/events/first-friday-eucharistic-adoration,sitemap
5,Our Lady of the Gulf Catholic Church,Archdiocese of Mobile,https://olgal.org/,https://olgal.org/events/fr-carucci-30th-anniversary,sitemap
5,Our Lady of the Gulf Catholic Church,Archdiocese of Mobile,https://olgal.org/,https://olgal.org/events/get-on-board-ministry-fair,sitemap
5,Our Lady of the Gulf Catholic Church,Archdiocese of Mobile,https://olgal.org/,https://olgal.org/events/get-on-board-ministry-fair-1,sitemap
5,Our Lady of the Gulf Catholic Church,Archdiocese of Mobile,https://olgal.org/,https://olgal.org/events/get-on-board-ministry-fair-2,sitemap
5,Our Lady of the Gulf Catholic Church,Archdiocese of Mobile,https://olgal.org/,https://olgal.org/events/get-on-board-ministry-fair-3,sitemap
5,Our Lady of the Gulf Catholic Church,Archdiocese of Mobile,https://olgal.org/,https://olgal.org/events/hope-for-the-season-ecumenical-advent-dinner-study,sitemap
5,Our Lady of the Gulf Catholic Church,Archdiocese of Mobile,https://olgal.org/,https://olgal.org/events/k-of-c-monthly-meeting,sitemap
5,Our Lady of the Gulf Catholic Church,Archdiocese of Mobile,https://olgal.org/,https://olgal.org/events/kick-off-football-season-at-olg,sitemap
5,Our Lady of the Gulf Catholic Church,Archdiocese of Mobile,https://olgal.org/,https://olgal.org/events/koc-lenten-fish-fry-2,sitemap
5,Our Lady of the Gulf Catholic Church,Archdiocese of Mobile,https://olgal.org/,https://olgal.org/events/lenten-penance-service,sitemap
5,Our Lady of the Gulf Catholic Church,Archdiocese of Mobile,https://olgal.org/,https://olgal.org/events/ocia-open-house,sitemap
5,Our Lady of the Gulf Catholic Church,Archdiocese of Mobile,https://olgal.org/,https://olgal.org/events/olgteen-high-school-youth-ministry-1,sitemap
5,Our Lady of the Gulf Catholic Church,Archdiocese of Mobile,https://olgal.org/,https://olgal.org/events/parish-lenten-mission,sitemap
5,Our Lady of the Gulf Catholic Church,Archdiocese of Mobile,https://olgal.org/,https://olgal.org/events/parish-lenten-mission-1,sitemap
5,Our Lady of the Gulf Catholic Church,Archdiocese of Mobile,https://olgal.org/,https://olgal.org/events/parish-lenten-mission-2,sitemap
5,Our Lady of the Gulf Catholic Church,Archdiocese of Mobile,https://olgal.org/,https://olgal.org/events/parish-potluck-thanksgivng,sitemap
5,Our Lady of the Gulf Catholic Church,Archdiocese of Mobile,https://olgal.org/,https://olgal.org/events/parish-thanksgiving-potluck-1,sitemap
5,Our Lady of the Gulf Catholic Church,Archdiocese of Mobile,https://olgal.org/,https://olgal.org/events/pastoral-council-meeting-3,sitemap
5,Our Lady of the Gulf Catholic Church,Archdiocese of Mobile,https://olgal.org/,https://olgal.org/events/pastoral-council-meeting-4,sitemap
5,Our Lady of the Gulf Catholic Church,Archdiocese of Mobile,https://olgal.org/,https://olgal.org/events/quiet-christmas,sitemap
5,Our Lady of the Gulf Catholic Church,Archdiocese of Mobile,https://olgal.org/,https://olgal.org/events/quiet-christmas-a-peaceful-hour-of-prayer-and-reflection,sitemap
5,Our Lady of the Gulf Catholic Church,Archdiocese of Mobile,https://olgal.org/,https://olgal.org/events/st-francis-pet-blessing,sitemap
5,Our Lady of the Gulf Catholic Church,Archdiocese of Mobile,https://olgal.org/,https://olgal.org/events/stations-of-the-cross,sitemap
5,Our Lady of the Gulf Catholic Church,Archdiocese of Mobile,https://olgal.org/,https://olgal.org/events/thanksgiving-day-potluck,sitemap
5,Our Lady of the Gulf Catholic Church,Archdiocese of Mobile,https://olgal.org/,https://olgal.org/events/the-bible-timeline-the-story-of-salvation-adult-bible-study,sitemap
5,Our Lady of the Gulf Catholic Church,Archdiocese of Mobile,https://olgal.org/,https://olgal.org/events/the-seven-last-words-of-christ-1,sitemap
5,Our Lady of the Gulf Catholic Church,Archdiocese of Mobile,https://olgal.org/,https://olgal.org/events/vacation-bible-school,sitemap
5,Our Lady of the Gulf Catholic Church,Archdiocese of Mobile,https://olgal.org/,https://olgal.org/events/walking-with-purpose-womens-bible-study,sitemap
5,Our Lady of the Gulf Catholic Church,Archdiocese of Mobile,https://olgal.org/,https://olgal.org/events/walking-with-purpose-womens-bible-study-1,sitemap
5,Our Lady of the Gulf Catholic Church,Archdiocese of Mobile,https://olgal.org/,https://olgal.org/events/welcome-back-potluck,sitemap
5,Our Lady of the Gulf Catholic Church,Archdiocese of Mobile,https://olgal.org/,https://olgal.org/events/what-christians-believe,sitemap
5,Our Lady of the Gulf Catholic Church,Archdiocese of Mobile,https://olgal.org/,https://olgal.org/events/what-christians-believe-1,sitemap
5,Our Lady of the Gulf Catholic Church,Archdiocese of Mobile,https://olgal.org/,https://olgal.org/events/worship-on-wednesday,sitemap
5,Our Lady of the Gulf Catholic Church,Archdiocese of Mobile,https://olgal.org/,https://olgal.org/events/ybcatholic-1,sitemap
5,Our Lady of the Gulf Catholic Church,Archdiocese of Mobile,https://olgal.org/,https://olgal.org/expectations,"homepage_link, sitemap"
5,Our Lady of the Gulf Catholic Church,Archdiocese of Mobile,https://olgal.org/,https://olgal.org/facilities,"homepage_link, sitemap"
5,Our Lady of the Gulf Catholic Church,Archdiocese of Mobile,https://olgal.org/,https://olgal.org/family-of-faith,"homepage_link, sitemap"
5,Our Lady of the Gulf Catholic Church,Archdiocese of Mobile,https://olgal.org/,https://olgal.org/father-fulton-memorial-garden,"homepage_link, sitemap"
5,Our Lady of the Gulf Catholic Church,Archdiocese of Mobile,https://olgal.org/,https://olgal.org/flocknote,"homepage_link, sitemap"
5,Our Lady of the Gulf Catholic Church,Archdiocese of Mobile,https://olgal.org/,https://olgal.org/funerals,"homepage_link, sitemap"
5,Our Lady of the Gulf Catholic Church,Archdiocese of Mobile,https://olgal.org/,https://olgal.org/give,"homepage_link, sitemap"
5,Our Lady of the Gulf Catholic Church,Archdiocese of Mobile,https://olgal.org/,https://olgal.org/hdo,"homepage_link, sitemap"
5,Our Lady of the Gulf Catholic Church,Archdiocese of Mobile,https://olgal.org/,https://olgal.org/healing-mass,"homepage_link, sitemap"
5,Our Lady of the Gulf Catholic Church,Archdiocese of Mobile,https://olgal.org/,https://olgal.org/history-of-our-lady-of-the-gulf,"homepage_link, sitemap"
5,Our Lady of the Gulf Catholic Church,Archdiocese of Mobile,https://olgal.org/,https://olgal.org/holy-communion,"homepage_link, sitemap"
5,Our Lady of the Gulf Catholic Church,Archdiocese of Mobile,https://olgal.org/,https://olgal.org/holy-orders,"homepage_link, sitemap"
5,Our Lady of the Gulf Catholic Church,Archdiocese of Mobile,https://olgal.org/,https://olgal.org/hospitality,"homepage_link, sitemap"
5,Our Lady of the Gulf Catholic Church,Archdiocese of Mobile,https://olgal.org/,https://olgal.org/jobs,"homepage_link, sitemap"
5,Our Lady of the Gulf Catholic Church,Archdiocese of Mobile,https://olgal.org/,https://olgal.org/join,"homepage_link, sitemap"
5,Our Lady of the Gulf Catholic Church,Archdiocese of Mobile,https://olgal.org/,https://olgal.org/koc,"homepage_link, sitemap"
5,Our Lady of the Gulf Catholic Church,Archdiocese of Mobile,https://olgal.org/,https://olgal.org/learn,"homepage_link, sitemap"
5,Our Lady of the Gulf Catholic Church,Archdiocese of Mobile,https://olgal.org/,https://olgal.org/lectio-divina,"homepage_link, sitemap"
5,Our Lady of the Gulf Catholic Church,Archdiocese of Mobile,https://olgal.org/,https://olgal.org/lectors,"homepage_link, sitemap"
5,Our Lady of the Gulf Catholic Church,Archdiocese of Mobile,https://olgal.org/,https://olgal.org/liturgical-ministries,"homepage_link, sitemap"
5,Our Lady of the Gulf Catholic Church,Archdiocese of Mobile,https://olgal.org/,https://olgal.org/liturgy,"homepage_link, sitemap"
5,Our Lady of the Gulf Catholic Church,Archdiocese of Mobile,https://olgal.org/,https://olgal.org/live-stream-archives,"homepage_link, sitemap"
5,Our Lady of the Gulf Catholic Church,Archdiocese of Mobile,https://olgal.org/,https://olgal.org/live-stream-mass,"homepage_link, sitemap"
5,Our Lady of the Gulf Catholic Church,Archdiocese of Mobile,https://olgal.org/,https://olgal.org/magnificat,"homepage_link, sitemap"
5,Our Lady of the Gulf Catholic Church,Archdiocese of Mobile,https://olgal.org/,https://olgal.org/marriage,"homepage_link, sitemap"
5,Our Lady of the Gulf Catholic Church,Archdiocese of Mobile,https://olgal.org/,https://olgal.org/mass-intentions,"homepage_link, sitemap"
5,Our Lady of the Gulf Catholic Church,Archdiocese of Mobile,https://olgal.org/,https://olgal.org/ministries,"homepage_link, sitemap"
5,Our Lady of the Gulf Catholic Church,Archdiocese of Mobile,https://olgal.org/,https://olgal.org/music,"homepage_link, sitemap"
5,Our Lady of the Gulf Catholic Church,Archdiocese of Mobile,https://olgal.org/,https://olgal.org/music-minister-resources,homepage_link
5,Our Lady of the Gulf Catholic Church,Archdiocese of Mobile,https://olgal.org/,https://olgal.org/new,"homepage_link, sitemap"
5,Our Lady of the Gulf Catholic Church,Archdiocese of Mobile,https://olgal.org/,https://olgal.org/news,"homepage_link, sitemap"
5,Our Lady of the Gulf Catholic Church,Archdiocese of Mobile,https://olgal.org/,https://olgal.org/news/a-time-for-renewal-a-letter-from-fr-carucci,sitemap
5,Our Lady of the Gulf Catholic Church,Archdiocese of Mobile,https://olgal.org/,https://olgal.org/news/all-aboard-olg-ministry-fair-invites-parishioners-to-get-on-board,sitemap
5,Our Lady of the Gulf Catholic Church,Archdiocese of Mobile,https://olgal.org/,https://olgal.org/news/eucharistic-adorationin-their-own-words,sitemap
5,Our Lady of the Gulf Catholic Church,Archdiocese of Mobile,https://olgal.org/,https://olgal.org/news/getting-to-know-jeanne-smith,sitemap
5,Our Lady of the Gulf Catholic Church,Archdiocese of Mobile,https://olgal.org/,https://olgal.org/news/getting-to-know-kai-lopez-st-benedict-school-principal,sitemap
5,Our Lady of the Gulf Catholic Church,Archdiocese of Mobile,https://olgal.org/,https://olgal.org/news/getting-to-know-the-altar-rosary-society,sitemap
5,Our Lady of the Gulf Catholic Church,Archdiocese of Mobile,https://olgal.org/,https://olgal.org/news/getting-to-knowarchbishop-mark-rivituso,sitemap
5,Our Lady of the Gulf Catholic Church,Archdiocese of Mobile,https://olgal.org/,https://olgal.org/news/growing-in-faith-together,sitemap
5,Our Lady of the Gulf Catholic Church,Archdiocese of Mobile,https://olgal.org/,https://olgal.org/news/kairos-prison-ministry-spring-retreat,sitemap
5,Our Lady of the Gulf Catholic Church,Archdiocese of Mobile,https://olgal.org/,https://olgal.org/news/long-term-initiative-planning-facilities,sitemap
5,Our Lady of the Gulf Catholic Church,Archdiocese of Mobile,https://olgal.org/,https://olgal.org/news/long-term-planning-growth-evangelization,sitemap
5,Our Lady of the Gulf Catholic Church,Archdiocese of Mobile,https://olgal.org/,https://olgal.org/news/long-term-planning-initiatives,sitemap
5,Our Lady of the Gulf Catholic Church,Archdiocese of Mobile,https://olgal.org/,https://olgal.org/news/march-5-first-friday-adoration,sitemap
5,Our Lady of the Gulf Catholic Church,Archdiocese of Mobile,https://olgal.org/,https://olgal.org/news/marys-shelter-sip-and-shop,sitemap
5,Our Lady of the Gulf Catholic Church,Archdiocese of Mobile,https://olgal.org/,https://olgal.org/news/october-is-respect-life-month,sitemap
5,Our Lady of the Gulf Catholic Church,Archdiocese of Mobile,https://olgal.org/,https://olgal.org/news/october-is-respect-life-month-1,sitemap
5,Our Lady of the Gulf Catholic Church,Archdiocese of Mobile,https://olgal.org/,https://olgal.org/news/olg-respect-life-ministry-sponsors-the-3rd-annual-starlit-soiree,sitemap
5,Our Lady of the Gulf Catholic Church,Archdiocese of Mobile,https://olgal.org/,https://olgal.org/news/olgteen-car-wash-fundraiser-supports-summer-youth-conference,sitemap
5,Our Lady of the Gulf Catholic Church,Archdiocese of Mobile,https://olgal.org/,https://olgal.org/news/our-lady-of-the-gulf-catholic-church-announces-new-community-class-based-on-bishop-robert-barrons-l,sitemap
5,Our Lady of the Gulf Catholic Church,Archdiocese of Mobile,https://olgal.org/,https://olgal.org/news/our-lady-of-the-gulf-upgrades-to-ministry-platform,sitemap
5,Our Lady of the Gulf Catholic Church,Archdiocese of Mobile,https://olgal.org/,https://olgal.org/news/parish-listening-session-join-the-conversation,sitemap
5,Our Lady of the Gulf Catholic Church,Archdiocese of Mobile,https://olgal.org/,https://olgal.org/news/parish-supports-kairos-prison-ministry,sitemap
5,Our Lady of the Gulf Catholic Church,Archdiocese of Mobile,https://olgal.org/,https://olgal.org/news/pray-to-protect-human-life,sitemap
5,Our Lady of the Gulf Catholic Church,Archdiocese of Mobile,https://olgal.org/,https://olgal.org/news/respect-life-ministry-dines-with-marys-shelter-residents,sitemap
5,Our Lady of the Gulf Catholic Church,Archdiocese of Mobile,https://olgal.org/,https://olgal.org/news/respect-life-ministry-raises-over-2000-for-south-baldwin-literacy-council-2,sitemap
5,Our Lady of the Gulf Catholic Church,Archdiocese of Mobile,https://olgal.org/,https://olgal.org/news/respect-life-ministry-raises-over-2000-for-south-baldwin-literacy-council-again,sitemap
5,Our Lady of the Gulf Catholic Church,Archdiocese of Mobile,https://olgal.org/,https://olgal.org/news/respect-life-supporting-childrens-summer-food-program,sitemap
5,Our Lady of the Gulf Catholic Church,Archdiocese of Mobile,https://olgal.org/,https://olgal.org/news/september-is-sixth-world-day-for-grandparents-and-the-elderly,sitemap
5,Our Lady of the Gulf Catholic Church,Archdiocese of Mobile,https://olgal.org/,https://olgal.org/news/special-collection-for-hurricane-relief-in-jamaica,sitemap
5,Our Lady of the Gulf Catholic Church,Archdiocese of Mobile,https://olgal.org/,https://olgal.org/news/wear-your-blue-to-mass-april-25-26,sitemap
5,Our Lady of the Gulf Catholic Church,Archdiocese of Mobile,https://olgal.org/,https://olgal.org/news/welcomejoe,sitemap
5,Our Lady of the Gulf Catholic Church,Archdiocese of Mobile,https://olgal.org/,https://olgal.org/olg-registration,"homepage_link, sitemap"
5,Our Lady of the Gulf Catholic Church,Archdiocese of Mobile,https://olgal.org/,https://olgal.org/online-offertory,"homepage_link, sitemap"
5,Our Lady of the Gulf Catholic Church,Archdiocese of Mobile,https://olgal.org/,https://olgal.org/organizations,"homepage_link, sitemap"
5,Our Lady of the Gulf Catholic Church,Archdiocese of Mobile,https://olgal.org/,https://olgal.org/parish-council-1,"homepage_link, sitemap"
5,Our Lady of the Gulf Catholic Church,Archdiocese of Mobile,https://olgal.org/,https://olgal.org/parish-news,"homepage_link, sitemap"
5,Our Lady of the Gulf Catholic Church,Archdiocese of Mobile,https://olgal.org/,https://olgal.org/parishioner-portal,"homepage_link, sitemap"
5,Our Lady of the Gulf Catholic Church,Archdiocese of Mobile,https://olgal.org/,https://olgal.org/pastoral-council,"homepage_link, sitemap"
5,Our Lady of the Gulf Catholic Church,Archdiocese of Mobile,https://olgal.org/,https://olgal.org/pay-kofc,"homepage_link, sitemap"
5,Our Lady of the Gulf Catholic Church,Archdiocese of Mobile,https://olgal.org/,https://olgal.org/people/danielle-lee,sitemap
5,Our Lady of the Gulf Catholic Church,Archdiocese of Mobile,https://olgal.org/,https://olgal.org/people/deacon-danny-rodgers,sitemap
5,Our Lady of the Gulf Catholic Church,Archdiocese of Mobile,https://olgal.org/,https://olgal.org/people/father-carucci,sitemap
5,Our Lady of the Gulf Catholic Church,Archdiocese of Mobile,https://olgal.org/,https://olgal.org/people/francesca-abbott,sitemap
5,Our Lady of the Gulf Catholic Church,Archdiocese of Mobile,https://olgal.org/,https://olgal.org/people/heather-oldham-1,sitemap
5,Our Lady of the Gulf Catholic Church,Archdiocese of Mobile,https://olgal.org/,https://olgal.org/people/joe-quattrocchi,sitemap
5,Our Lady of the Gulf Catholic Church,Archdiocese of Mobile,https://olgal.org/,https://olgal.org/people/michelle-durden,sitemap
5,Our Lady of the Gulf Catholic Church,Archdiocese of Mobile,https://olgal.org/,https://olgal.org/people/our-lady-of-hte-gulf-parish,sitemap
5,Our Lady of the Gulf Catholic Church,Archdiocese of Mobile,https://olgal.org/,https://olgal.org/people/suzette-taylor,sitemap
5,Our Lady of the Gulf Catholic Church,Archdiocese of Mobile,https://olgal.org/,https://olgal.org/people/tom-gardner,sitemap
5,Our Lady of the Gulf Catholic Church,Archdiocese of Mobile,https://olgal.org/,https://olgal.org/photoalbums,"homepage_link, sitemap"
5,Our Lady of the Gulf Catholic Church,Archdiocese of Mobile,https://olgal.org/,https://olgal.org/photoalbums/2020,sitemap
5,Our Lady of the Gulf Catholic Church,Archdiocese of Mobile,https://olgal.org/,https://olgal.org/photoalbums/2023-first-holy-communion-picnic,sitemap
5,Our Lady of the Gulf Catholic Church,Archdiocese of Mobile,https://olgal.org/,https://olgal.org/photoalbums/2023-first-holy-communion-picnic-1,sitemap
5,Our Lady of the Gulf Catholic Church,Archdiocese of Mobile,https://olgal.org/,https://olgal.org/photoalbums/2025-olgteen-steubenville-youth-conference-trip,sitemap
5,Our Lady of the Gulf Catholic Church,Archdiocese of Mobile,https://olgal.org/,https://olgal.org/photoalbums/2025-parish-mission,sitemap
5,Our Lady of the Gulf Catholic Church,Archdiocese of Mobile,https://olgal.org/,https://olgal.org/photoalbums/2025-parish-mission-1,sitemap
5,Our Lady of the Gulf Catholic Church,Archdiocese of Mobile,https://olgal.org/,https://olgal.org/photoalbums/2025st-francis-pet-blessing,sitemap
5,Our Lady of the Gulf Catholic Church,Archdiocese of Mobile,https://olgal.org/,https://olgal.org/photoalbums/altar-rosary-society,sitemap
5,Our Lady of the Gulf Catholic Church,Archdiocese of Mobile,https://olgal.org/,https://olgal.org/photoalbums/anchors,sitemap
5,Our Lady of the Gulf Catholic Church,Archdiocese of Mobile,https://olgal.org/,https://olgal.org/photoalbums/caring-ministry,sitemap
5,Our Lady of the Gulf Catholic Church,Archdiocese of Mobile,https://olgal.org/,https://olgal.org/photoalbums/church-photos,sitemap
5,Our Lady of the Gulf Catholic Church,Archdiocese of Mobile,https://olgal.org/,https://olgal.org/photoalbums/church-tour,sitemap
5,Our Lady of the Gulf Catholic Church,Archdiocese of Mobile,https://olgal.org/,https://olgal.org/photoalbums/photo-archives,sitemap
5,Our Lady of the Gulf Catholic Church,Archdiocese of Mobile,https://olgal.org/,https://olgal.org/photos,"homepage_link, sitemap"
5,Our Lady of the Gulf Catholic Church,Archdiocese of Mobile,https://olgal.org/,https://olgal.org/prayer-ministry,"homepage_link, sitemap"
5,Our Lady of the Gulf Catholic Church,Archdiocese of Mobile,https://olgal.org/,https://olgal.org/questionnaire,sitemap
5,Our Lady of the Gulf Catholic Church,Archdiocese of Mobile,https://olgal.org/,https://olgal.org/rcia,"homepage_link, sitemap"
5,Our Lady of the Gulf Catholic Church,Archdiocese of Mobile,https://olgal.org/,https://olgal.org/reconciliation,"homepage_link, sitemap"
5,Our Lady of the Gulf Catholic Church,Archdiocese of Mobile,https://olgal.org/,https://olgal.org/rental,sitemap
5,Our Lady of the Gulf Catholic Church,Archdiocese of Mobile,https://olgal.org/,https://olgal.org/request-a-letter-of-good-standing,"homepage_link, sitemap"
5,Our Lady of the Gulf Catholic Church,Archdiocese of Mobile,https://olgal.org/,https://olgal.org/respect-life-ministry,"homepage_link, sitemap"
5,Our Lady of the Gulf Catholic Church,Archdiocese of Mobile,https://olgal.org/,https://olgal.org/sign-up,sitemap
5,Our Lady of the Gulf Catholic Church,Archdiocese of Mobile,https://olgal.org/,https://olgal.org/special-collections,"homepage_link, sitemap"
5,Our Lady of the Gulf Catholic Church,Archdiocese of Mobile,https://olgal.org/,https://olgal.org/staff,homepage_link
5,Our Lady of the Gulf Catholic Church,Archdiocese of Mobile,https://olgal.org/,https://olgal.org/stations-of-the-cross,sitemap
5,Our Lady of the Gulf Catholic Church,Archdiocese of Mobile,https://olgal.org/,https://olgal.org/stewardship,"homepage_link, sitemap"
5,Our Lady of the Gulf Catholic Church,Archdiocese of Mobile,https://olgal.org/,https://olgal.org/tour-our-campus,"homepage_link, sitemap"
5,Our Lady of the Gulf Catholic Church,Archdiocese of Mobile,https://olgal.org/,https://olgal.org/ushers,"homepage_link, sitemap"
5,Our Lady of the Gulf Catholic Church,Archdiocese of Mobile,https://olgal.org/,https://olgal.org/vbs,"homepage_link, sitemap"
5,Our Lady of the Gulf Catholic Church,Archdiocese of Mobile,https://olgal.org/,https://olgal.org/watch-parish-events,"homepage_link, sitemap"
5,Our Lady of the Gulf Catholic Church,Archdiocese of Mobile,https://olgal.org/,https://olgal.org/ways-to-give,"homepage_link, sitemap"
5,Our Lady of the Gulf Catholic Church,Archdiocese of Mobile,https://olgal.org/,https://olgal.org/wcb-registration,sitemap
5,Our Lady of the Gulf Catholic Church,Archdiocese of Mobile,https://olgal.org/,https://olgal.org/wedding-music,"homepage_link, sitemap"
5,Our Lady of the Gulf Catholic Church,Archdiocese of Mobile,https://olgal.org/,https://olgal.org/worship,"homepage_link, sitemap"
5,Our Lady of the Gulf Catholic Church,Archdiocese of Mobile,https://olgal.org/,https://olgal.org/worship-times,"homepage_link, sitemap"
5,Our Lady of the Gulf Catholic Church,Archdiocese of Mobile,https://olgal.org/,https://olgal.org/ybc,"homepage_link, sitemap"
5,Our Lady of the Gulf Catholic Church,Archdiocese of Mobile,https://olgal.org/,https://olgal.org/youthtrip,sitemap
6,Shrine of the Holy Cross & St. John Mission,Archdiocese of Mobile,https://shrineoftheholycross.org/,https://shrineoftheholycross.org/,"homepage, homepage_link, sitemap"
6,Shrine of the Holy Cross & St. John Mission,Archdiocese of Mobile,https://shrineoftheholycross.org/,https://shrineoftheholycross.org/about-the-shrine,sitemap
6,Shrine of the Holy Cross & St. John Mission,Archdiocese of Mobile,https://shrineoftheholycross.org/,https://shrineoftheholycross.org/altar-society,"homepage_link, sitemap"
6,Shrine of the Holy Cross & St. John Mission,Archdiocese of Mobile,https://shrineoftheholycross.org/,https://shrineoftheholycross.org/archives,"homepage_link, sitemap"
6,Shrine of the Holy Cross & St. John Mission,Archdiocese of Mobile,https://shrineoftheholycross.org/,https://shrineoftheholycross.org/blog,sitemap
6,Shrine of the Holy Cross & St. John Mission,Archdiocese of Mobile,https://shrineoftheholycross.org/,https://shrineoftheholycross.org/blog/dedication-of-the-church-and-blessings,sitemap
6,Shrine of the Holy Cross & St. John Mission,Archdiocese of Mobile,https://shrineoftheholycross.org/,https://shrineoftheholycross.org/blog/new-liturgical-vestments,sitemap
6,Shrine of the Holy Cross & St. John Mission,Archdiocese of Mobile,https://shrineoftheholycross.org/,https://shrineoftheholycross.org/bulletins,"homepage_link, sitemap"
6,Shrine of the Holy Cross & St. John Mission,Archdiocese of Mobile,https://shrineoftheholycross.org/,https://shrineoftheholycross.org/calendar,sitemap
6,Shrine of the Holy Cross & St. John Mission,Archdiocese of Mobile,https://shrineoftheholycross.org/,https://shrineoftheholycross.org/cdn-cgi/l/email-protection,homepage_link
6,Shrine of the Holy Cross & St. John Mission,Archdiocese of Mobile,https://shrineoftheholycross.org/,https://shrineoftheholycross.org/christmas-service-project-fundraiser,"homepage_link, sitemap"
6,Shrine of the Holy Cross & St. John Mission,Archdiocese of Mobile,https://shrineoftheholycross.org/,https://shrineoftheholycross.org/contact-us,"homepage_link, sitemap"
6,Shrine of the Holy Cross & St. John Mission,Archdiocese of Mobile,https://shrineoftheholycross.org/,https://shrineoftheholycross.org/events,sitemap
6,Shrine of the Holy Cross & St. John Mission,Archdiocese of Mobile,https://shrineoftheholycross.org/,https://shrineoftheholycross.org/facebook-live-stream,"homepage_link, sitemap"
6,Shrine of the Holy Cross & St. John Mission,Archdiocese of Mobile,https://shrineoftheholycross.org/,https://shrineoftheholycross.org/faith-formation,"homepage_link, sitemap"
6,Shrine of the Holy Cross & St. John Mission,Archdiocese of Mobile,https://shrineoftheholycross.org/,https://shrineoftheholycross.org/faith-formation-registration,"homepage_link, sitemap"
6,Shrine of the Holy Cross & St. John Mission,Archdiocese of Mobile,https://shrineoftheholycross.org/,https://shrineoftheholycross.org/high-school-graduate-valedictorian-altar-server,"homepage_link, sitemap"
6,Shrine of the Holy Cross & St. John Mission,Archdiocese of Mobile,https://shrineoftheholycross.org/,https://shrineoftheholycross.org/history-of-the-shrine,"homepage_link, sitemap"
6,Shrine of the Holy Cross & St. John Mission,Archdiocese of Mobile,https://shrineoftheholycross.org/,https://shrineoftheholycross.org/history-st-john,"homepage_link, sitemap"
6,Shrine of the Holy Cross & St. John Mission,Archdiocese of Mobile,https://shrineoftheholycross.org/,https://shrineoftheholycross.org/knights-of-peter-claver-ladies-auxiliary-centennial,"homepage_link, sitemap"
6,Shrine of the Holy Cross & St. John Mission,Archdiocese of Mobile,https://shrineoftheholycross.org/,https://shrineoftheholycross.org/ladies-altar-society,"homepage_link, sitemap"
6,Shrine of the Holy Cross & St. John Mission,Archdiocese of Mobile,https://shrineoftheholycross.org/,https://shrineoftheholycross.org/livestream,"homepage_link, sitemap"
6,Shrine of the Holy Cross & St. John Mission,Archdiocese of Mobile,https://shrineoftheholycross.org/,https://shrineoftheholycross.org/news,sitemap
6,Shrine of the Holy Cross & St. John Mission,Archdiocese of Mobile,https://shrineoftheholycross.org/,https://shrineoftheholycross.org/news/dedication-of-the-church-and-blessings,sitemap
6,Shrine of the Holy Cross & St. John Mission,Archdiocese of Mobile,https://shrineoftheholycross.org/,https://shrineoftheholycross.org/news/new-liturgical-vestments,sitemap
6,Shrine of the Holy Cross & St. John Mission,Archdiocese of Mobile,https://shrineoftheholycross.org/,https://shrineoftheholycross.org/online-giving,"homepage_link, sitemap"
6,Shrine of the Holy Cross & St. John Mission,Archdiocese of Mobile,https://shrineoftheholycross.org/,https://shrineoftheholycross.org/people/beverly-tolbert,sitemap
6,Shrine of the Holy Cross & St. John Mission,Archdiocese of Mobile,https://shrineoftheholycross.org/,https://shrineoftheholycross.org/people/mary-allen,sitemap
6,Shrine of the Holy Cross & St. John Mission,Archdiocese of Mobile,https://shrineoftheholycross.org/,https://shrineoftheholycross.org/people/perry-tan,sitemap
6,Shrine of the Holy Cross & St. John Mission,Archdiocese of Mobile,https://shrineoftheholycross.org/,https://shrineoftheholycross.org/people/rev-fr-lito-j-capeding,sitemap
6,Shrine of the Holy Cross & St. John Mission,Archdiocese of Mobile,https://shrineoftheholycross.org/,https://shrineoftheholycross.org/people/rev-joseph-gottstine,sitemap
6,Shrine of the Holy Cross & St. John Mission,Archdiocese of Mobile,https://shrineoftheholycross.org/,https://shrineoftheholycross.org/photoalbums,"homepage_link, sitemap"
6,Shrine of the Holy Cross & St. John Mission,Archdiocese of Mobile,https://shrineoftheholycross.org/,https://shrineoftheholycross.org/photoalbums/confirmation-2026,sitemap
6,Shrine of the Holy Cross & St. John Mission,Archdiocese of Mobile,https://shrineoftheholycross.org/,https://shrineoftheholycross.org/photoalbums/shrine-photos,sitemap
6,Shrine of the Holy Cross & St. John Mission,Archdiocese of Mobile,https://shrineoftheholycross.org/,https://shrineoftheholycross.org/photoalbums/st-john-the-evangelist-mission,sitemap
6,Shrine of the Holy Cross & St. John Mission,Archdiocese of Mobile,https://shrineoftheholycross.org/,https://shrineoftheholycross.org/photoalbums/vacation-bible-school-2026,sitemap
6,Shrine of the Holy Cross & St. John Mission,Archdiocese of Mobile,https://shrineoftheholycross.org/,https://shrineoftheholycross.org/ruby-celebration,"homepage_link, sitemap"
6,Shrine of the Holy Cross & St. John Mission,Archdiocese of Mobile,https://shrineoftheholycross.org/,https://shrineoftheholycross.org/shrine-of-the-holy-cross-catholic-church-612-man-street-daphne-al-36526,"homepage_link, sitemap"
6,Shrine of the Holy Cross & St. John Mission,Archdiocese of Mobile,https://shrineoftheholycross.org/,https://shrineoftheholycross.org/sohc-and-sj-vacation-bible-school-vbs,"homepage_link, sitemap"
6,Shrine of the Holy Cross & St. John Mission,Archdiocese of Mobile,https://shrineoftheholycross.org/,https://shrineoftheholycross.org/sohc-and-sjte-vbs-rainforest-falls,"homepage_link, sitemap"
6,Shrine of the Holy Cross & St. John Mission,Archdiocese of Mobile,https://shrineoftheholycross.org/,https://shrineoftheholycross.org/sohc-faith-formation-monthly-newsletter,"homepage_link, sitemap"
6,Shrine of the Holy Cross & St. John Mission,Archdiocese of Mobile,https://shrineoftheholycross.org/,https://shrineoftheholycross.org/st-john-mission,"homepage_link, sitemap"
6,Shrine of the Holy Cross & St. John Mission,Archdiocese of Mobile,https://shrineoftheholycross.org/,https://shrineoftheholycross.org/stjohn,"homepage_link, sitemap"
6,Shrine of the Holy Cross & St. John Mission,Archdiocese of Mobile,https://shrineoftheholycross.org/,https://shrineoftheholycross.org/upcoming-parish-events,"homepage_link, sitemap"
6,Shrine of the Holy Cross & St. John Mission,Archdiocese of Mobile,https://shrineoftheholycross.org/,https://shrineoftheholycross.org/weaving-hope-wednesdays,"homepage_link, sitemap"
6,Shrine of the Holy Cross & St. John Mission,Archdiocese of Mobile,https://shrineoftheholycross.org/,https://shrineoftheholycross.org/welcome-deacon-scott-boken,"homepage_link, sitemap"
7,St Robert Bellarmine Catholic Church,Archdiocese of Mobile,https://strobertatmore.com/,https://strobertatmore.com/,"homepage, homepage_link, sitemap"
7,St Robert Bellarmine Catholic Church,Archdiocese of Mobile,https://strobertatmore.com/,https://strobertatmore.com/about-us,sitemap
7,St Robert Bellarmine Catholic Church,Archdiocese of Mobile,https://strobertatmore.com/,https://strobertatmore.com/blog,sitemap
7,St Robert Bellarmine Catholic Church,Archdiocese of Mobile,https://strobertatmore.com/,https://strobertatmore.com/bulletins,"homepage_link, sitemap"
7,St Robert Bellarmine Catholic Church,Archdiocese of Mobile,https://strobertatmore.com/,https://strobertatmore.com/calendar,"homepage_link, sitemap"
7,St Robert Bellarmine Catholic Church,Archdiocese of Mobile,https://strobertatmore.com/,https://strobertatmore.com/cdn-cgi/l/email-protection,homepage_link
7,St Robert Bellarmine Catholic Church,Archdiocese of Mobile,https://strobertatmore.com/,https://strobertatmore.com/confession-times,"homepage_link, sitemap"
7,St Robert Bellarmine Catholic Church,Archdiocese of Mobile,https://strobertatmore.com/,https://strobertatmore.com/contact-us,"homepage_link, sitemap"
7,St Robert Bellarmine Catholic Church,Archdiocese of Mobile,https://strobertatmore.com/,https://strobertatmore.com/events,sitemap
7,St Robert Bellarmine Catholic Church,Archdiocese of Mobile,https://strobertatmore.com/,https://strobertatmore.com/events/a-night-in-little-italy,sitemap
7,St Robert Bellarmine Catholic Church,Archdiocese of Mobile,https://strobertatmore.com/,https://strobertatmore.com/events/ash-wednesday,sitemap
7,St Robert Bellarmine Catholic Church,Archdiocese of Mobile,https://strobertatmore.com/,https://strobertatmore.com/events/bingo-football-theme,"homepage_link, sitemap"
7,St Robert Bellarmine Catholic Church,Archdiocese of Mobile,https://strobertatmore.com/,https://strobertatmore.com/events/bingo-summer-luau-theme,sitemap
7,St Robert Bellarmine Catholic Church,Archdiocese of Mobile,https://strobertatmore.com/,https://strobertatmore.com/events/ccd,"homepage_link, sitemap"
7,St Robert Bellarmine Catholic Church,Archdiocese of Mobile,https://strobertatmore.com/,https://strobertatmore.com/events/ccd-1,"homepage_link, sitemap"
7,St Robert Bellarmine Catholic Church,Archdiocese of Mobile,https://strobertatmore.com/,https://strobertatmore.com/events/ccd-3,"homepage_link, sitemap"
7,St Robert Bellarmine Catholic Church,Archdiocese of Mobile,https://strobertatmore.com/,https://strobertatmore.com/events/ccd-4,"homepage_link, sitemap"
7,St Robert Bellarmine Catholic Church,Archdiocese of Mobile,https://strobertatmore.com/,https://strobertatmore.com/events/daily-mass,sitemap
7,St Robert Bellarmine Catholic Church,Archdiocese of Mobile,https://strobertatmore.com/,https://strobertatmore.com/events/daily-mass-2-2,sitemap
7,St Robert Bellarmine Catholic Church,Archdiocese of Mobile,https://strobertatmore.com/,https://strobertatmore.com/events/daily-mass-2-3,sitemap
7,St Robert Bellarmine Catholic Church,Archdiocese of Mobile,https://strobertatmore.com/,https://strobertatmore.com/events/daily-mass-3-2,sitemap
7,St Robert Bellarmine Catholic Church,Archdiocese of Mobile,https://strobertatmore.com/,https://strobertatmore.com/events/daily-mass-3-3,sitemap
7,St Robert Bellarmine Catholic Church,Archdiocese of Mobile,https://strobertatmore.com/,https://strobertatmore.com/events/daily-mass-3-4,sitemap
7,St Robert Bellarmine Catholic Church,Archdiocese of Mobile,https://strobertatmore.com/,https://strobertatmore.com/events/fall-festival-meeting,sitemap
7,St Robert Bellarmine Catholic Church,Archdiocese of Mobile,https://strobertatmore.com/,https://strobertatmore.com/events/holy-mass-novena-in-honor-of-st-robert-bellarmine,"homepage_link, sitemap"
7,St Robert Bellarmine Catholic Church,Archdiocese of Mobile,https://strobertatmore.com/,https://strobertatmore.com/events/holy-thursday,sitemap
7,St Robert Bellarmine Catholic Church,Archdiocese of Mobile,https://strobertatmore.com/,https://strobertatmore.com/events/international-food-festival,"homepage_link, sitemap"
7,St Robert Bellarmine Catholic Church,Archdiocese of Mobile,https://strobertatmore.com/,https://strobertatmore.com/events/lenten-penance-service,sitemap
7,St Robert Bellarmine Catholic Church,Archdiocese of Mobile,https://strobertatmore.com/,https://strobertatmore.com/events/madi-gras-bingo,sitemap
7,St Robert Bellarmine Catholic Church,Archdiocese of Mobile,https://strobertatmore.com/,https://strobertatmore.com/events/mass,sitemap
7,St Robert Bellarmine Catholic Church,Archdiocese of Mobile,https://strobertatmore.com/,https://strobertatmore.com/events/mass-2,sitemap
7,St Robert Bellarmine Catholic Church,Archdiocese of Mobile,https://strobertatmore.com/,https://strobertatmore.com/events/mass-3,sitemap
7,St Robert Bellarmine Catholic Church,Archdiocese of Mobile,https://strobertatmore.com/,https://strobertatmore.com/events/mass-3-2,sitemap
7,St Robert Bellarmine Catholic Church,Archdiocese of Mobile,https://strobertatmore.com/,https://strobertatmore.com/events/mass-3-3,sitemap
7,St Robert Bellarmine Catholic Church,Archdiocese of Mobile,https://strobertatmore.com/,https://strobertatmore.com/events/mass-3-4,sitemap
7,St Robert Bellarmine Catholic Church,Archdiocese of Mobile,https://strobertatmore.com/,https://strobertatmore.com/events/mass-3-5,sitemap
7,St Robert Bellarmine Catholic Church,Archdiocese of Mobile,https://strobertatmore.com/,https://strobertatmore.com/events/mass-3-6,"homepage_link, sitemap"
7,St Robert Bellarmine Catholic Church,Archdiocese of Mobile,https://strobertatmore.com/,https://strobertatmore.com/events/mass-3/20260830,homepage_link
7,St Robert Bellarmine Catholic Church,Archdiocese of Mobile,https://strobertatmore.com/,https://strobertatmore.com/events/mass-3/20260906,homepage_link
7,St Robert Bellarmine Catholic Church,Archdiocese of Mobile,https://strobertatmore.com/,https://strobertatmore.com/events/mass-3/20260913,homepage_link
7,St Robert Bellarmine Catholic Church,Archdiocese of Mobile,https://strobertatmore.com/,https://strobertatmore.com/events/mass-3/20260927,homepage_link
7,St Robert Bellarmine Catholic Church,Archdiocese of Mobile,https://strobertatmore.com/,https://strobertatmore.com/events/mass-4,sitemap
7,St Robert Bellarmine Catholic Church,Archdiocese of Mobile,https://strobertatmore.com/,https://strobertatmore.com/events/mass-5,"homepage_link, sitemap"
7,St Robert Bellarmine Catholic Church,Archdiocese of Mobile,https://strobertatmore.com/,https://strobertatmore.com/events/mass/20260905,homepage_link
7,St Robert Bellarmine Catholic Church,Archdiocese of Mobile,https://strobertatmore.com/,https://strobertatmore.com/events/mass/20260912,homepage_link
7,St Robert Bellarmine Catholic Church,Archdiocese of Mobile,https://strobertatmore.com/,https://strobertatmore.com/events/mass/20260926,homepage_link
7,St Robert Bellarmine Catholic Church,Archdiocese of Mobile,https://strobertatmore.com/,https://strobertatmore.com/events/mass/20261003,homepage_link
7,St Robert Bellarmine Catholic Church,Archdiocese of Mobile,https://strobertatmore.com/,https://strobertatmore.com/events/ocia,sitemap
7,St Robert Bellarmine Catholic Church,Archdiocese of Mobile,https://strobertatmore.com/,https://strobertatmore.com/events/ocia-1,sitemap
7,St Robert Bellarmine Catholic Church,Archdiocese of Mobile,https://strobertatmore.com/,https://strobertatmore.com/events/ocia-2,sitemap
7,St Robert Bellarmine Catholic Church,Archdiocese of Mobile,https://strobertatmore.com/,https://strobertatmore.com/events/ocia-3,"homepage_link, sitemap"
7,St Robert Bellarmine Catholic Church,Archdiocese of Mobile,https://strobertatmore.com/,https://strobertatmore.com/events/ocia-5,"homepage_link, sitemap"
7,St Robert Bellarmine Catholic Church,Archdiocese of Mobile,https://strobertatmore.com/,https://strobertatmore.com/events/parish-yardsale,sitemap
7,St Robert Bellarmine Catholic Church,Archdiocese of Mobile,https://strobertatmore.com/,https://strobertatmore.com/events/weekday-mass,sitemap
7,St Robert Bellarmine Catholic Church,Archdiocese of Mobile,https://strobertatmore.com/,https://strobertatmore.com/events/weekday-mass-1,sitemap
7,St Robert Bellarmine Catholic Church,Archdiocese of Mobile,https://strobertatmore.com/,https://strobertatmore.com/events/weekday-mass-10,sitemap
7,St Robert Bellarmine Catholic Church,Archdiocese of Mobile,https://strobertatmore.com/,https://strobertatmore.com/events/weekday-mass-11,sitemap
7,St Robert Bellarmine Catholic Church,Archdiocese of Mobile,https://strobertatmore.com/,https://strobertatmore.com/events/weekday-mass-12,sitemap
7,St Robert Bellarmine Catholic Church,Archdiocese of Mobile,https://strobertatmore.com/,https://strobertatmore.com/events/weekday-mass-13,sitemap
7,St Robert Bellarmine Catholic Church,Archdiocese of Mobile,https://strobertatmore.com/,https://strobertatmore.com/events/weekday-mass-14,sitemap
7,St Robert Bellarmine Catholic Church,Archdiocese of Mobile,https://strobertatmore.com/,https://strobertatmore.com/events/weekday-mass-15,sitemap
7,St Robert Bellarmine Catholic Church,Archdiocese of Mobile,https://strobertatmore.com/,https://strobertatmore.com/events/weekday-mass-16,sitemap
7,St Robert Bellarmine Catholic Church,Archdiocese of Mobile,https://strobertatmore.com/,https://strobertatmore.com/events/weekday-mass-17,sitemap
7,St Robert Bellarmine Catholic Church,Archdiocese of Mobile,https://strobertatmore.com/,https://strobertatmore.com/events/weekday-mass-18,sitemap
7,St Robert Bellarmine Catholic Church,Archdiocese of Mobile,https://strobertatmore.com/,https://strobertatmore.com/events/weekday-mass-19,sitemap
7,St Robert Bellarmine Catholic Church,Archdiocese of Mobile,https://strobertatmore.com/,https://strobertatmore.com/events/weekday-mass-2,sitemap
7,St Robert Bellarmine Catholic Church,Archdiocese of Mobile,https://strobertatmore.com/,https://strobertatmore.com/events/weekday-mass-20,sitemap
7,St Robert Bellarmine Catholic Church,Archdiocese of Mobile,https://strobertatmore.com/,https://strobertatmore.com/events/weekday-mass-21,sitemap
7,St Robert Bellarmine Catholic Church,Archdiocese of Mobile,https://strobertatmore.com/,https://strobertatmore.com/events/weekday-mass-22,sitemap
7,St Robert Bellarmine Catholic Church,Archdiocese of Mobile,https://strobertatmore.com/,https://strobertatmore.com/events/weekday-mass-23,sitemap
7,St Robert Bellarmine Catholic Church,Archdiocese of Mobile,https://strobertatmore.com/,https://strobertatmore.com/events/weekday-mass-24,sitemap
7,St Robert Bellarmine Catholic Church,Archdiocese of Mobile,https://strobertatmore.com/,https://strobertatmore.com/events/weekday-mass-25,sitemap
7,St Robert Bellarmine Catholic Church,Archdiocese of Mobile,https://strobertatmore.com/,https://strobertatmore.com/events/weekday-mass-26,sitemap
7,St Robert Bellarmine Catholic Church,Archdiocese of Mobile,https://strobertatmore.com/,https://strobertatmore.com/events/weekday-mass-27,sitemap
7,St Robert Bellarmine Catholic Church,Archdiocese of Mobile,https://strobertatmore.com/,https://strobertatmore.com/events/weekday-mass-28,sitemap
7,St Robert Bellarmine Catholic Church,Archdiocese of Mobile,https://strobertatmore.com/,https://strobertatmore.com/events/weekday-mass-29,sitemap
7,St Robert Bellarmine Catholic Church,Archdiocese of Mobile,https://strobertatmore.com/,https://strobertatmore.com/events/weekday-mass-3,sitemap
7,St Robert Bellarmine Catholic Church,Archdiocese of Mobile,https://strobertatmore.com/,https://strobertatmore.com/events/weekday-mass-30,sitemap
7,St Robert Bellarmine Catholic Church,Archdiocese of Mobile,https://strobertatmore.com/,https://strobertatmore.com/events/weekday-mass-31,sitemap
7,St Robert Bellarmine Catholic Church,Archdiocese of Mobile,https://strobertatmore.com/,https://strobertatmore.com/events/weekday-mass-32,sitemap
7,St Robert Bellarmine Catholic Church,Archdiocese of Mobile,https://strobertatmore.com/,https://strobertatmore.com/events/weekday-mass-33,sitemap
7,St Robert Bellarmine Catholic Church,Archdiocese of Mobile,https://strobertatmore.com/,https://strobertatmore.com/events/weekday-mass-34,sitemap
7,St Robert Bellarmine Catholic Church,Archdiocese of Mobile,https://strobertatmore.com/,https://strobertatmore.com/events/weekday-mass-35,sitemap
7,St Robert Bellarmine Catholic Church,Archdiocese of Mobile,https://strobertatmore.com/,https://strobertatmore.com/events/weekday-mass-36,sitemap
7,St Robert Bellarmine Catholic Church,Archdiocese of Mobile,https://strobertatmore.com/,https://strobertatmore.com/events/weekday-mass-37,sitemap
7,St Robert Bellarmine Catholic Church,Archdiocese of Mobile,https://strobertatmore.com/,https://strobertatmore.com/events/weekday-mass-38,sitemap
7,St Robert Bellarmine Catholic Church,Archdiocese of Mobile,https://strobertatmore.com/,https://strobertatmore.com/events/weekday-mass-39,sitemap
7,St Robert Bellarmine Catholic Church,Archdiocese of Mobile,https://strobertatmore.com/,https://strobertatmore.com/events/weekday-mass-4,sitemap
7,St Robert Bellarmine Catholic Church,Archdiocese of Mobile,https://strobertatmore.com/,https://strobertatmore.com/events/weekday-mass-40,sitemap
7,St Robert Bellarmine Catholic Church,Archdiocese of Mobile,https://strobertatmore.com/,https://strobertatmore.com/events/weekday-mass-41,sitemap
7,St Robert Bellarmine Catholic Church,Archdiocese of Mobile,https://strobertatmore.com/,https://strobertatmore.com/events/weekday-mass-42,"homepage_link, sitemap"
7,St Robert Bellarmine Catholic Church,Archdiocese of Mobile,https://strobertatmore.com/,https://strobertatmore.com/events/weekday-mass-43,"homepage_link, sitemap"
7,St Robert Bellarmine Catholic Church,Archdiocese of Mobile,https://strobertatmore.com/,https://strobertatmore.com/events/weekday-mass-44,"homepage_link, sitemap"
7,St Robert Bellarmine Catholic Church,Archdiocese of Mobile,https://strobertatmore.com/,https://strobertatmore.com/events/weekday-mass-45,"homepage_link, sitemap"
7,St Robert Bellarmine Catholic Church,Archdiocese of Mobile,https://strobertatmore.com/,https://strobertatmore.com/events/weekday-mass-5,sitemap
7,St Robert Bellarmine Catholic Church,Archdiocese of Mobile,https://strobertatmore.com/,https://strobertatmore.com/events/weekday-mass-6,sitemap
7,St Robert Bellarmine Catholic Church,Archdiocese of Mobile,https://strobertatmore.com/,https://strobertatmore.com/events/weekday-mass-7,sitemap
7,St Robert Bellarmine Catholic Church,Archdiocese of Mobile,https://strobertatmore.com/,https://strobertatmore.com/events/weekday-mass-8,sitemap
7,St Robert Bellarmine Catholic Church,Archdiocese of Mobile,https://strobertatmore.com/,https://strobertatmore.com/events/weekday-mass-9,sitemap
7,St Robert Bellarmine Catholic Church,Archdiocese of Mobile,https://strobertatmore.com/,https://strobertatmore.com/find-us,"homepage_link, sitemap"
7,St Robert Bellarmine Catholic Church,Archdiocese of Mobile,https://strobertatmore.com/,https://strobertatmore.com/holy-hour,"homepage_link, sitemap"
7,St Robert Bellarmine Catholic Church,Archdiocese of Mobile,https://strobertatmore.com/,https://strobertatmore.com/liturgy,sitemap
7,St Robert Bellarmine Catholic Church,Archdiocese of Mobile,https://strobertatmore.com/,https://strobertatmore.com/mass-times,"homepage_link, sitemap"
7,St Robert Bellarmine Catholic Church,Archdiocese of Mobile,https://strobertatmore.com/,https://strobertatmore.com/meeting-minutes,"homepage_link, sitemap"
7,St Robert Bellarmine Catholic Church,Archdiocese of Mobile,https://strobertatmore.com/,https://strobertatmore.com/news,sitemap
7,St Robert Bellarmine Catholic Church,Archdiocese of Mobile,https://strobertatmore.com/,https://strobertatmore.com/parish-council,"homepage_link, sitemap"
7,St Robert Bellarmine Catholic Church,Archdiocese of Mobile,https://strobertatmore.com/,https://strobertatmore.com/photoalbums,"homepage_link, sitemap"
7,St Robert Bellarmine Catholic Church,Archdiocese of Mobile,https://strobertatmore.com/,https://strobertatmore.com/photoalbums/fr-chackos-installation,sitemap
7,St Robert Bellarmine Catholic Church,Archdiocese of Mobile,https://strobertatmore.com/,https://strobertatmore.com/registration,"homepage_link, sitemap"
7,St Robert Bellarmine Catholic Church,Archdiocese of Mobile,https://strobertatmore.com/,https://strobertatmore.com/schedules,"homepage_link, sitemap"
7,St Robert Bellarmine Catholic Church,Archdiocese of Mobile,https://strobertatmore.com/,https://strobertatmore.com/staff,"homepage_link, sitemap"
8,St. Agatha Parish,Archdiocese of Mobile,https://stagathabm.com/,https://stagathabm.com/,"homepage, homepage_link, sitemap"
8,St. Agatha Parish,Archdiocese of Mobile,https://stagathabm.com/,https://stagathabm.com/blog,sitemap
8,St. Agatha Parish,Archdiocese of Mobile,https://stagathabm.com/,https://stagathabm.com/bulletins,"homepage_link, sitemap"
8,St. Agatha Parish,Archdiocese of Mobile,https://stagathabm.com/,https://stagathabm.com/calendar,sitemap
8,St. Agatha Parish,Archdiocese of Mobile,https://stagathabm.com/,https://stagathabm.com/contact-us,"homepage_link, sitemap"
8,St. Agatha Parish,Archdiocese of Mobile,https://stagathabm.com/,https://stagathabm.com/events,sitemap
8,St. Agatha Parish,Archdiocese of Mobile,https://stagathabm.com/,https://stagathabm.com/events/art-schutte,sitemap
8,St. Agatha Parish,Archdiocese of Mobile,https://stagathabm.com/,https://stagathabm.com/events/bible-study,sitemap
8,St. Agatha Parish,Archdiocese of Mobile,https://stagathabm.com/,https://stagathabm.com/events/bible-study/20260928,homepage_link
8,St. Agatha Parish,Archdiocese of Mobile,https://stagathabm.com/,https://stagathabm.com/events/bingo,sitemap
8,St. Agatha Parish,Archdiocese of Mobile,https://stagathabm.com/,https://stagathabm.com/events/crafters-for-a-cause,sitemap
8,St. Agatha Parish,Archdiocese of Mobile,https://stagathabm.com/,https://stagathabm.com/events/crafters-for-a-cause/20260923,homepage_link
8,St. Agatha Parish,Archdiocese of Mobile,https://stagathabm.com/,https://stagathabm.com/events/crafters-for-a-cause/20260930,homepage_link
8,St. Agatha Parish,Archdiocese of Mobile,https://stagathabm.com/,https://stagathabm.com/events/emily-daniel-hazel-hargrove-for-safe-travel,sitemap
8,St. Agatha Parish,Archdiocese of Mobile,https://stagathabm.com/,https://stagathabm.com/events/family-game-night,sitemap
8,St. Agatha Parish,Archdiocese of Mobile,https://stagathabm.com/,https://stagathabm.com/events/joshua-carl-daughenbaugh-us-navy-active-duty,sitemap
8,St. Agatha Parish,Archdiocese of Mobile,https://stagathabm.com/,https://stagathabm.com/events/lynnette-sheridan,sitemap
8,St. Agatha Parish,Archdiocese of Mobile,https://stagathabm.com/,https://stagathabm.com/events/mildred-mary-matherne-winders,sitemap
8,St. Agatha Parish,Archdiocese of Mobile,https://stagathabm.com/,https://stagathabm.com/events/rose-marie-schutte,sitemap
8,St. Agatha Parish,Archdiocese of Mobile,https://stagathabm.com/,https://stagathabm.com/events/salad-luncheon,sitemap
8,St. Agatha Parish,Archdiocese of Mobile,https://stagathabm.com/,https://stagathabm.com/events/sunday-mass,sitemap
8,St. Agatha Parish,Archdiocese of Mobile,https://stagathabm.com/,https://stagathabm.com/events/sunday-mass-2,sitemap
8,St. Agatha Parish,Archdiocese of Mobile,https://stagathabm.com/,https://stagathabm.com/events/sunday-mass/20260927,homepage_link
8,St. Agatha Parish,Archdiocese of Mobile,https://stagathabm.com/,https://stagathabm.com/events/vigil-mass,sitemap
8,St. Agatha Parish,Archdiocese of Mobile,https://stagathabm.com/,https://stagathabm.com/events/vigil-mass/20260926,homepage_link
8,St. Agatha Parish,Archdiocese of Mobile,https://stagathabm.com/,https://stagathabm.com/events?page=1,homepage_link
8,St. Agatha Parish,Archdiocese of Mobile,https://stagathabm.com/,https://stagathabm.com/faith-formation,"homepage_link, sitemap"
8,St. Agatha Parish,Archdiocese of Mobile,https://stagathabm.com/,https://stagathabm.com/history,"homepage_link, sitemap"
8,St. Agatha Parish,Archdiocese of Mobile,https://stagathabm.com/,https://stagathabm.com/mass,"homepage_link, sitemap"
8,St. Agatha Parish,Archdiocese of Mobile,https://stagathabm.com/,https://stagathabm.com/ministries,"homepage_link, sitemap"
8,St. Agatha Parish,Archdiocese of Mobile,https://stagathabm.com/,https://stagathabm.com/news,sitemap
8,St. Agatha Parish,Archdiocese of Mobile,https://stagathabm.com/,https://stagathabm.com/parish-council,"homepage_link, sitemap"
8,St. Agatha Parish,Archdiocese of Mobile,https://stagathabm.com/,https://stagathabm.com/people/deacon-matthew-l-jakubowski,sitemap
8,St. Agatha Parish,Archdiocese of Mobile,https://stagathabm.com/,https://stagathabm.com/people/mrs-joyce-paulson,sitemap
8,St. Agatha Parish,Archdiocese of Mobile,https://stagathabm.com/,https://stagathabm.com/people/rev-joseph-mozhoor-c-chako,sitemap
8,St. Agatha Parish,Archdiocese of Mobile,https://stagathabm.com/,https://stagathabm.com/photoalbums,sitemap
8,St. Agatha Parish,Archdiocese of Mobile,https://stagathabm.com/,https://stagathabm.com/sacraments,"homepage_link, sitemap"
8,St. Agatha Parish,Archdiocese of Mobile,https://stagathabm.com/,https://stagathabm.com/staff,"homepage_link, sitemap"
9,St. Bartholomew,Archdiocese of Mobile,https://stbartselberta.org/,https://stbartselberta.org/,"homepage, homepage_link, sitemap"
9,St. Bartholomew,Archdiocese of Mobile,https://stbartselberta.org/,https://stbartselberta.org/about,sitemap
9,St. Bartholomew,Archdiocese of Mobile,https://stbartselberta.org/,https://stbartselberta.org/about-us,"homepage_link, sitemap"
9,St. Bartholomew,Archdiocese of Mobile,https://stbartselberta.org/,https://stbartselberta.org/adoration-times,"homepage_link, sitemap"
9,St. Bartholomew,Archdiocese of Mobile,https://stbartselberta.org/,https://stbartselberta.org/blog,sitemap
9,St. Bartholomew,Archdiocese of Mobile,https://stbartselberta.org/,https://stbartselberta.org/bulletins,"homepage_link, sitemap"
9,St. Bartholomew,Archdiocese of Mobile,https://stbartselberta.org/,https://stbartselberta.org/calendar,sitemap
9,St. Bartholomew,Archdiocese of Mobile,https://stbartselberta.org/,https://stbartselberta.org/catholic-news,"homepage_link, sitemap"
9,St. Bartholomew,Archdiocese of Mobile,https://stbartselberta.org/,https://stbartselberta.org/cdn-cgi/l/email-protection,homepage_link
9,St. Bartholomew,Archdiocese of Mobile,https://stbartselberta.org/,https://stbartselberta.org/cemetery,"homepage_link, sitemap"
9,St. Bartholomew,Archdiocese of Mobile,https://stbartselberta.org/,https://stbartselberta.org/confession-times,"homepage_link, sitemap"
9,St. Bartholomew,Archdiocese of Mobile,https://stbartselberta.org/,https://stbartselberta.org/contact-us,"homepage_link, sitemap"
9,St. Bartholomew,Archdiocese of Mobile,https://stbartselberta.org/,https://stbartselberta.org/events,sitemap
9,St. Bartholomew,Archdiocese of Mobile,https://stbartselberta.org/,https://stbartselberta.org/join,"homepage_link, sitemap"
9,St. Bartholomew,Archdiocese of Mobile,https://stbartselberta.org/,https://stbartselberta.org/links,"homepage_link, sitemap"
9,St. Bartholomew,Archdiocese of Mobile,https://stbartselberta.org/,https://stbartselberta.org/mass-times,"homepage_link, sitemap"
9,St. Bartholomew,Archdiocese of Mobile,https://stbartselberta.org/,https://stbartselberta.org/mass-times-top,sitemap
9,St. Bartholomew,Archdiocese of Mobile,https://stbartselberta.org/,https://stbartselberta.org/ministries,"homepage_link, sitemap"
9,St. Bartholomew,Archdiocese of Mobile,https://stbartselberta.org/,https://stbartselberta.org/ministry-contacts,"homepage_link, sitemap"
9,St. Bartholomew,Archdiocese of Mobile,https://stbartselberta.org/,https://stbartselberta.org/news,sitemap
9,St. Bartholomew,Archdiocese of Mobile,https://stbartselberta.org/,https://stbartselberta.org/our-history,"homepage_link, sitemap"
9,St. Bartholomew,Archdiocese of Mobile,https://stbartselberta.org/,https://stbartselberta.org/parish-staff,"homepage_link, sitemap"
9,St. Bartholomew,Archdiocese of Mobile,https://stbartselberta.org/,https://stbartselberta.org/people/deacon-jim-brewer,sitemap
9,St. Bartholomew,Archdiocese of Mobile,https://stbartselberta.org/,https://stbartselberta.org/people/fr-wayne-youngman,sitemap
9,St. Bartholomew,Archdiocese of Mobile,https://stbartselberta.org/,https://stbartselberta.org/people/paulette-corban,sitemap
9,St. Bartholomew,Archdiocese of Mobile,https://stbartselberta.org/,https://stbartselberta.org/people/tiffany-goldschmidt,sitemap
9,St. Bartholomew,Archdiocese of Mobile,https://stbartselberta.org/,https://stbartselberta.org/photoalbums,sitemap
9,St. Bartholomew,Archdiocese of Mobile,https://stbartselberta.org/,https://stbartselberta.org/religious-education,"homepage_link, sitemap"
9,St. Bartholomew,Archdiocese of Mobile,https://stbartselberta.org/,https://stbartselberta.org/resources,sitemap
