name,address,site_url,diocese,category,parish_list_url
Father Purcell Memorial Center for Exceptional Children,"Montgomery, AL",https://fatherpurcell.org/,Archdiocese of Mobile,Sunday Mass Schedule,https://mobarch.org/parishfinder
Holy Spirit Catholic Parish,"Montgomery, AL",https://holyspiritmgm.org/,Archdiocese of Mobile,Sunday Mass Schedule,https://mobarch.org/parishfinder
Blessed Francis Xavier Seelos Parish,"31122 US Hwy 31, Spanish Fort, AL, 36527",https://francisxseelos.org/,Archdiocese of Mobile,Baldwin/Escambia Deanery,https://mobarch.org/parishfinder
Chapel of Our Lady of Bon Secour,"17266 County Road 49 South, Bon Secour, AL, 36511",https://www.stjohnms.com/our-lady-of-bon-secour,Archdiocese of Mobile,Baldwin/Escambia Deanery,https://mobarch.org/parishfinder
Christ the King Catholic Church,"711 College Avenue, Daphne, AL, 36526",https://ctkdaphne.org/,Archdiocese of Mobile,Baldwin/Escambia Deanery,https://mobarch.org/parishfinder
Our Lady of the Gulf Catholic Church,"308 E. 22nd Avenue, Gulf Shores, AL, 36542",https://olgal.org/,Archdiocese of Mobile,Baldwin/Escambia Deanery,https://mobarch.org/parishfinder
Shrine of the Holy Cross & St. John Mission,"612 Main Street, Daphne, AL, 36526",https://shrineoftheholycross.org/,Archdiocese of Mobile,Baldwin/Escambia Deanery,https://mobarch.org/parishfinder
St Robert Bellarmine Catholic Church,"600 S Main St, Atmore, AL, 36502",https://strobertatmore.com/,Archdiocese of Mobile,Baldwin/Escambia Deanery,https://mobarch.org/parishfinder
St. Agatha Parish,"1001 Hand Ave, Bay Minette, AL, 36507",https://stagathabm.com/,Archdiocese of Mobile,Baldwin/Escambia Deanery,https://mobarch.org/parishfinder
St. Bartholomew,"12795 Illinois Street, Elberta, AL, 36530",https://stbartselberta.org/,Archdiocese of Mobile,Baldwin/Escambia Deanery,https://mobarch.org/parishfinder
St. John the Baptist Parish,"10800 St. John's Lane, Magnolia Springs, AL, 36535",https://www.stjohnms.com/,Archdiocese of Mobile,Baldwin/Escambia Deanery,https://mobarch.org/parishfinder
St. Joseph Catholic Church,"12688 Santa Piedro Street, Lillian, AL, 36549",https://saint-josephs.org/,Archdiocese of Mobile,Baldwin/Escambia Deanery,https://mobarch.org/parishfinder
St. Lawrence Parish,"370 South Section St, Fairhope, AL, 36532",http://www.stlawrencefairhope.com,Archdiocese of Mobile,Baldwin/Escambia Deanery,https://mobarch.org/parishfinder
St. Margaret of Scotland Parish,"601 W. Laurel Avenue, Foley, AL, 36535",http://www.stmargaretofscotlandfoley.org,Archdiocese of Mobile,Baldwin/Escambia Deanery,https://mobarch.org/parishfinder
St. Maurice Parish,"202 East Jackson Street, Brewton, AL, 36426",,Archdiocese of Mobile,Baldwin/Escambia Deanery,https://mobarch.org/parishfinder
St. Patrick Parish,"23035 State Highway 59 North, Robertsdale, AL, 36567",https://stpatcatholic.com/,Archdiocese of Mobile,Baldwin/Escambia Deanery,https://mobarch.org/parishfinder
St. Thomas by the Sea Catholic Church,"26547 Perdido Beach Blvd, Orange Beach, AL, 36561",https://stthomasbythesea.com/,Archdiocese of Mobile,Baldwin/Escambia Deanery,https://mobarch.org/parishfinder
Christ the King Parish,"508 Sanford Road, Andalusia, AL, 36420",https://www.ctkandalusia.com/,Archdiocese of Mobile,Dothan Deanery,https://mobarch.org/parishfinder
Holy Redeemer Parish,"515 W. Broad Street, Eufaula, AL, 36027",,Archdiocese of Mobile,Dothan Deanery,https://mobarch.org/parishfinder
Our Lady of Guadalupe Mission,"1022 Brundidge St., Clio, AL, 36017",https://holytrinityal.org/our-lady-of-guadalupe.html,Archdiocese of Mobile,Dothan Deanery,https://mobarch.org/parishfinder
St. Columba Catholic Church,"2700 W. Main St, Dothan, AL, 36301",https://stcolumbacatholic.com/,Archdiocese of Mobile,Dothan Deanery,https://mobarch.org/parishfinder
St. John Parish,"475 Camilla Avenue, Ozark, AL, 36361",https://sjccozark.weconnect.com/,Archdiocese of Mobile,Dothan Deanery,https://mobarch.org/parishfinder
St. John the Evangelist Parish,"123 Heath Street, Enterprise, AL, 36330-1915",http://www.stjohnenterprise.org,Archdiocese of Mobile,Dothan Deanery,https://mobarch.org/parishfinder
St. Joseph Parish,"1444 Hwy 165, Fort Mitchell, AL, 36856",http://www.holytrinityal.org,Archdiocese of Mobile,Dothan Deanery,https://mobarch.org/parishfinder
St. Martin of Tours Parish,"725 Elba Highway, Troy, AL, 36079",https://www.stmartintroy.com/,Archdiocese of Mobile,Dothan Deanery,https://mobarch.org/parishfinder
St. Mary Mission,"100 S. Commerce Street, Geneva, AL, 36340",,Archdiocese of Mobile,Dothan Deanery,https://mobarch.org/parishfinder
St. Pius X Mission,"308 Kennon Street, Union Springs, AL, 36089",,Archdiocese of Mobile,Dothan Deanery,https://mobarch.org/parishfinder
Annunciation Parish,"Monroeville, AL",https://annunciationmonroeville.org/,Archdiocese of Mobile,Mobile Deanery,https://mobarch.org/parishfinder
Cathedral-Basilica of the Immaculate Conception,"2 South Claiborne Street, Mobile, AL, 36602",https://mobilecathedral.org/,Archdiocese of Mobile,Mobile Deanery,https://mobarch.org/parishfinder
Corpus Christi Parish,"6300 McKenna Dr, Mobile, AL, 36608",https://corpuschristiparish.com/,Archdiocese of Mobile,Mobile Deanery,https://mobarch.org/parishfinder
Holy Family Parish,"1400 Joyce Road, Mobile, AL, 36618",https://holyfamilymobile.com/,Archdiocese of Mobile,Mobile Deanery,https://mobarch.org/parishfinder
Holy Name of Jesus Parish,"2275 Snow Road North, Semmes, AL, 36575",https://www.hnjcatholic.com/,Archdiocese of Mobile,Mobile Deanery,https://mobarch.org/parishfinder
Little Flower Parish,"2053 Government Street, Mobile, AL, 36606",https://littleflowermobile.com/,Archdiocese of Mobile,Mobile Deanery,https://mobarch.org/parishfinder
Most Pure Heart of Mary Catholic Church,"304 Sengstak Street, Mobile, AL, 36603",https://mostpureheartofmarymobile.org/,Archdiocese of Mobile,Mobile Deanery,https://mobarch.org/parishfinder
Our Lady of Lourdes Parish,"1621 Boykin Blvd, Mobile, AL, 36605",https://ourladyoflourdesparish.com/,Archdiocese of Mobile,Mobile Deanery,https://mobarch.org/parishfinder
Our Lady of Sorrows Mission,"1733 Little Chestang Road, Fairford, AL, 36553",,Archdiocese of Mobile,Mobile Deanery,https://mobarch.org/parishfinder
Our Mother of Mercy Parish,"805 East Street, Plateau, AL, 36610",https://ourmotherofmercymobile.org/,Archdiocese of Mobile,Mobile Deanery,https://mobarch.org/parishfinder
Our Savior Parish,"1801 Cody Road South, Mobile, AL, 36695",https://oursaviorparish.org/,Archdiocese of Mobile,Mobile Deanery,https://mobarch.org/parishfinder
Prince of Peace Parish,"454 Charleston Street, Mobile, AL, 36603",https://popcatholicmobile.org/,Archdiocese of Mobile,Mobile Deanery,https://mobarch.org/parishfinder
Sacred Heart of Jesus Catholic Student Center (USA),"6051 Old Shell Road, Mobile, AL, 36608",https://csajags.com/,Archdiocese of Mobile,Mobile Deanery,https://mobarch.org/parishfinder
Sacred Heart Parish,"19730 Highway 43, Grove Hill, AL, 36451",,Archdiocese of Mobile,Mobile Deanery,https://mobarch.org/parishfinder
St. Bridget Parish,"3625 West Main Street, Whistler, AL, 36612",https://stthomastheapostlecatholicchurch.com/wordpress/st-bridget/,Archdiocese of Mobile,Mobile Deanery,https://mobarch.org/parishfinder
St. Catherine of Siena Catholic Church,"2605 Springhill Avenue, Mobile, AL, 36607",https://stcatherinemobile.org/,Archdiocese of Mobile,Mobile Deanery,https://mobarch.org/parishfinder
St. Cecilia Parish,"1305 Military Road, Mt. Vernon, AL, 36560",,Archdiocese of Mobile,Mobile Deanery,https://mobarch.org/parishfinder
St. Dominic Parish,"4156 Burma Road, Mobile, AL, 36693",http://www.stdominicmobile.org,Archdiocese of Mobile,Mobile Deanery,https://mobarch.org/parishfinder
St. Edmund By the Sea Parish,"823 Cadillac Avenue, Dauphin Island, AL, 36528",,Archdiocese of Mobile,Mobile Deanery,https://mobarch.org/parishfinder
St. Francis Xavier Parish,"2034 St Stephens Road, Mobile, AL, 36617",https://stfrancisxaviermobile.org/,Archdiocese of Mobile,Mobile Deanery,https://mobarch.org/parishfinder
St. Ignatius Parish,"3704 Springhill Avenue, Mobile, AL, 36608",https://stignatiusmobile.org/,Archdiocese of Mobile,Mobile Deanery,https://mobarch.org/parishfinder
St. James Major Parish,"714 N College St, Prichard, AL, 36610",https://stjamesmajor.org/,Archdiocese of Mobile,Mobile Deanery,https://mobarch.org/parishfinder
St. Joan of Arc Parish,"1260 Elmira Street, Mobile, AL, 36604",http://www.stjoanofarcmobile.com,Archdiocese of Mobile,Mobile Deanery,https://mobarch.org/parishfinder
St. John the Baptist Catholic Church,"12450 Hwy 188, Grand Bay, AL, 36541",https://stjohngrandbay.org/,Archdiocese of Mobile,Mobile Deanery,https://mobarch.org/parishfinder
St. John the Evangelist Parish,"401 E. Pushmataha Street, Butler, AL",,Archdiocese of Mobile,Mobile Deanery,https://mobarch.org/parishfinder
St. Joseph Mission,"302 Whiskey Run Road, Camden, AL, 36726",,Archdiocese of Mobile,Mobile Deanery,https://mobarch.org/parishfinder
St. Joseph Parish (Maysville),"1703 Dublin Street, Mobile, AL, 36605",http://www.stjosephmaysville.org,Archdiocese of Mobile,Mobile Deanery,https://mobarch.org/parishfinder
St. Margaret Parish,"13790 S. Wintzell Ave, Bayou La Batre, AL, 36509",https://stmargaretbayoulabatre.org/,Archdiocese of Mobile,Mobile Deanery,https://mobarch.org/parishfinder
St. Mary Parish,"106 Providence Street, Mobile, AL, 36604",http://www.stmarymobile.org,Archdiocese of Mobile,Mobile Deanery,https://mobarch.org/parishfinder
St. Matthew Catholic Parish,"Mobile, AL",https://stmatthewsmobile.com/,Archdiocese of Mobile,Mobile Deanery,https://mobarch.org/parishfinder
St. Michael Mission,"15872 Heron Bay Loop Road E., Coden, AL, 36523",https://stsphilipandmichael.com/,Archdiocese of Mobile,Mobile Deanery,https://mobarch.org/parishfinder
St. Monica Parish,"1131 Dauphin Island Pkwy, Mobile, AL, 36605",https://stmonicamobile.org/,Archdiocese of Mobile,Mobile Deanery,https://mobarch.org/parishfinder
St. Peter the Apostle Parish & Our Lady of Sorrows Mission,"16650 Highway 43, Chastang, AL, 36560",https://stpetertheapostlechurch.com/,Archdiocese of Mobile,Mobile Deanery,https://mobarch.org/parishfinder
St. Philip Neri Parish,"9101 Dauphin Island Pkwy, Theodore, AL, 36582",https://stsphilipandmichael.com/,Archdiocese of Mobile,Mobile Deanery,https://mobarch.org/parishfinder
St. Pius X Parish,"217 S Sage Avenue, Mobile, AL, 36606",http://spxmobile.com,Archdiocese of Mobile,Mobile Deanery,https://mobarch.org/parishfinder
St. Rose Of Lima Parish,"2951 Durette Avenue, Coden, AL, 36523",http://www.stroseonmonlouis.com,Archdiocese of Mobile,Mobile Deanery,https://mobarch.org/parishfinder
St. Theresa Catholic Church,"1875 Coy Smith Highway, West Mount Vernon, AL, 36560",https://sttheresacatholic.com/,Archdiocese of Mobile,Mobile Deanery,https://mobarch.org/parishfinder
St. Thomas Aquinas Parish,"8025 State Street, Citronelle, AL, 36522",,Archdiocese of Mobile,Mobile Deanery,https://mobarch.org/parishfinder
St. Thomas the Apostle Parish,"251 N. Craft Hwy, Chickasaw, AL, 36611",http://stthomastheapostlecatholicchurch.com,Archdiocese of Mobile,Mobile Deanery,https://mobarch.org/parishfinder
St. Vincent de Paul Parish,"4980 St. Vincent Drive, Mobile, AL, 36619",https://svdpmobile.com/,Archdiocese of Mobile,Mobile Deanery,https://mobarch.org/parishfinder
Auburn+Catholic Campus Ministry,"115 Mitcham Avenue, Auburn, AL, 36830",https://aucatholic.org/,Archdiocese of Mobile,Montgomery Deanery,https://mobarch.org/parishfinder
City of St. Jude,"2048 W Fairview Avenue, Montgomery, AL, 36108",http://www.cityofstjude.org,Archdiocese of Mobile,Montgomery Deanery,https://mobarch.org/parishfinder
Holy Spirit Parish,"8570 Vaughn Road, Montgomery, AL, 36117",http://www.holyspiritmgm.org,Archdiocese of Mobile,Montgomery Deanery,https://mobarch.org/parishfinder
Immaculate Conception,"13663 Alabama Hwy 22 W, Orrville, AL",https://icorrville.com/,Archdiocese of Mobile,Montgomery Deanery,https://mobarch.org/parishfinder
Our Lady of Guadalupe Parish,"545 White Road, Wetumpka, AL, 36092",http://ologchurch.org,Archdiocese of Mobile,Montgomery Deanery,https://mobarch.org/parishfinder
Our Lady Queen of Mercy Catholic Church,"4421 Narrow Lane Road, Montgomery, AL, 36116",https://olqm.org/,Archdiocese of Mobile,Montgomery Deanery,https://mobarch.org/parishfinder
Our Lady Queen of Peace,"309 Washington Street, Selma, AL",https://qpselma.com/,Archdiocese of Mobile,Montgomery Deanery,https://mobarch.org/parishfinder
Resurrection Parish,"2815 Forbes Road, Montgomery, AL, 36110",http://www.rcmsouth.org,Archdiocese of Mobile,Montgomery Deanery,https://mobarch.org/parishfinder
Saint Michael the Archangel Parish,"1100 North College Street, Auburn, AL, 36830",https://stmichaelsauburn.com/,Archdiocese of Mobile,Montgomery Deanery,https://mobarch.org/parishfinder
St Joseph,"Tuskegee, AL",https://stjoseph-tuskegee.org/,Archdiocese of Mobile,Montgomery Deanery,https://mobarch.org/parishfinder
St Vincent De Paul Catholic Parish,"Tallassee, AL",https://stvincent-tallassee.com/,Archdiocese of Mobile,Montgomery Deanery,https://mobarch.org/parishfinder
St. Andrew Kim Taegon Parish,"433 Clayton Street, Montgomery, AL, 36104",,Archdiocese of Mobile,Montgomery Deanery,https://mobarch.org/parishfinder
St. Bede the Venerable Parish,"3870 Atlanta Hwy, Montgomery, AL, 36109",http://stbede.org,Archdiocese of Mobile,Montgomery Deanery,https://mobarch.org/parishfinder
St. Elizabeth Parish,"407 E Walnut Street, Greenville, AL, 36037",,Archdiocese of Mobile,Montgomery Deanery,https://mobarch.org/parishfinder
St. John the Baptist Parish,"543 S Union Street, Montgomery, AL, 36104",,Archdiocese of Mobile,Montgomery Deanery,https://mobarch.org/parishfinder
St. Joseph Parish,"511 North Memorial Drive, Prattville, AL, 36067",http://www.stjosephprattville.org,Archdiocese of Mobile,Montgomery Deanery,https://mobarch.org/parishfinder
St. Mary Catholic Church,"1000 Fourth Avenue, Opelika, AL, 36801",https://stmaryopelika.org/,Archdiocese of Mobile,Montgomery Deanery,https://mobarch.org/parishfinder
St. Peter Catholic Parish,"219 Adams Avenue, Montgomery, AL, 36104",https://stpetermontgomery.com/,Archdiocese of Mobile,Montgomery Deanery,https://mobarch.org/parishfinder
St. Vincent De Paul Parish,"620 Gilmer Avenue, Tallassee, AL, 36078",http://stvincent-tallassee.org,Archdiocese of Mobile,Montgomery Deanery,https://mobarch.org/parishfinder
Corpus Christi,"32015 State Hwy. 75, Oneonta, Alabama, 35121",,Diocese of Birmingham,Blount County,https://www.bhmdiocese.org/parishfinder
All Saints Catholic Church,"1112 West 15th Street, Anniston, Alabama, 36201",,Diocese of Birmingham,Calhoun County,https://www.bhmdiocese.org/parishfinder
Sacred Heart of Jesus,"1301 Golden Springs Rd., Anniston, Alabama, 36207",https://sacredheartanniston.org,Diocese of Birmingham,Calhoun County,https://www.bhmdiocese.org/parishfinder
St. Charles Borromeo,"308 7th Street Northeast, Jacksonville, Alabama, 36265",https://stcharlescatholicchurch.com,Diocese of Birmingham,Calhoun County,https://www.bhmdiocese.org/parishfinder
St. Joachim,"555 Babbling Brook Road, Piedmont, Alabama, 36272",https://stcharlescatholicchurch.com,Diocese of Birmingham,Calhoun County,https://www.bhmdiocese.org/parishfinder
Holy Family,"705 N. 3rd Ave, Lanett, Alabama, 36863",,Diocese of Birmingham,Chambers County,https://www.bhmdiocese.org/parishfinder
St. Michael the Archangel,"165 Plaza Dr., Centre, Alabama, 35960",https://stmichaelcatholicchurchdotcom.wordpress.com/,Diocese of Birmingham,Cherokee County,https://www.bhmdiocese.org/parishfinder
Resurrection,"300 1st Ave., Clanton, Alabama, 35045",https://resurrection-catholic-church.com/,Diocese of Birmingham,Chilton County,https://www.bhmdiocese.org/parishfinder
St. Mark,"460 Country Club Rd., Ashland, Alabama, 36251",,Diocese of Birmingham,Clay County,https://www.bhmdiocese.org/parishfinder
Our Lady of Shoals,"200 East Commons St. North, Tuscumbia, Alabama, 35674",,Diocese of Birmingham,Colbert County,https://www.bhmdiocese.org/parishfinder
Sacred Heart of Jesus,"112 Second Ave. Southeast, Cullman, Alabama, 35055",https://sacredheartchurchcullman.org,Diocese of Birmingham,Cullman County,https://www.bhmdiocese.org/parishfinder
St. Boniface,"301 Blountsville St.Northeast, Hanceville, Alabama, 35077",https://sacredheartchurchcullman.org,Diocese of Birmingham,Cullman County,https://www.bhmdiocese.org/parishfinder
Our Lady of the Valley,"2910 Gault Ave. North, Fort Payne, Alabama, 35967",https://olvfortpayne.com,Diocese of Birmingham,DeKalb County,https://www.bhmdiocese.org/parishfinder
St.James,"622 Chestnut Street, Gadsden, Alabama, 35904",https://www.sjccgadsden.org/,Diocese of Birmingham,Etowah County,https://www.bhmdiocese.org/parishfinder
Holy Family,"423 19th Street Northwest, Fayette, Alabama, 35555",,Diocese of Birmingham,Fayette County,https://www.bhmdiocese.org/parishfinder
Good Shepherd,"1700 North Jackson Ave., Russellville, Alabama, 35653",,Diocese of Birmingham,Franklin County,https://www.bhmdiocese.org/parishfinder
St. Mary,"347 Wilson Ave., Eutaw, Alabama, 35462",,Diocese of Birmingham,Greene County,https://www.bhmdiocese.org/parishfinder
St.Jude,"17205 Hwy.35, Scottsboro, Alabama, 35768",,Diocese of Birmingham,Jackson County,https://www.bhmdiocese.org/parishfinder
Blessed Sacrament,"1460 Pearson Avenue, S.W, Birmingham, Alabama, 35211",http://www.myblessedsacrament.org,Diocese of Birmingham,Jefferson County,https://www.bhmdiocese.org/parishfinder
Cathedral of St. Paul,"2120 3rd Avenue North, Birmingham, Alabama, 35203",http://www.stpaulsbhm.org,Diocese of Birmingham,Jefferson County,https://www.bhmdiocese.org/parishfinder
Holy Family,"1910 19th Street, Ensley, Alabama, 35218",,Diocese of Birmingham,Jefferson County,https://www.bhmdiocese.org/parishfinder
Holy Infant of Prague,"8090 Gadsden Hwy., Trussville, Alabama, 35173",https://www.hiopcc.org/,Diocese of Birmingham,Jefferson County,https://www.bhmdiocese.org/parishfinder
Holy Rosary,"7414 Georgia Rd., Birmingham, Alabama, 35212",https://www.holyrosarybirmingham.org/,Diocese of Birmingham,Jefferson County,https://www.bhmdiocese.org/parishfinder
Our Lady of Fatima,"708 1st St.South, Birmingham, Alabama, 35205",https://olfbirmingham.org,Diocese of Birmingham,Jefferson County,https://www.bhmdiocese.org/parishfinder
Our Lady of La Vang-Vietnamese Parish@ St.John Bosco Church,"5224 1st Ave. N., Birmingham, Alabama, 35212",,Diocese of Birmingham,Jefferson County,https://www.bhmdiocese.org/parishfinder
Our Lady of Lourdes,"980 Huffman Rd., Birmingham, Alabama, 35215",https://OLLCatholicChurch.org,Diocese of Birmingham,Jefferson County,https://www.bhmdiocese.org/parishfinder
Our Lady of Sorrows,"1730 Oxmoor Rd., Birmingham, Alabama, 35209",http://www.ourladyofsorrows.com/,Diocese of Birmingham,Jefferson County,https://www.bhmdiocese.org/parishfinder
Our Lady Queen of the Universe,"961 Center Street North, Birmingham, Alabama, 35204",,Diocese of Birmingham,Jefferson County,https://www.bhmdiocese.org/parishfinder
Prince of Peace,"4600 Preserve Parkkway, Birmingham, Alabama, 35226",https://popcatholic.org,Diocese of Birmingham,Jefferson County,https://www.bhmdiocese.org/parishfinder
Sacred Heart of Jesus,"3401 27th Court North, Birmingham, Alabama, 35207",,Diocese of Birmingham,Jefferson County,https://www.bhmdiocese.org/parishfinder
St. Barnabas,"7921 1st Ave. North, Birmingham, Alabama, 35206",https://stbarnabasbhm.com/,Diocese of Birmingham,Jefferson County,https://www.bhmdiocese.org/parishfinder
St. Elias(Maronite Rite),"836 8th Street South, Birmingham, Alabama, 35205-4567",https://stelias.org,Diocese of Birmingham,Jefferson County,https://www.bhmdiocese.org/parishfinder
St. Francis of Assisi,"2400 7th Ave. North, Bessemer, Alabama, 35020",,Diocese of Birmingham,Jefferson County,https://www.bhmdiocese.org/parishfinder
St. Francis Xavier,"2 Xavier Circle, Birmingham, Alabama, 35213",https://sfxbirmingham.com,Diocese of Birmingham,Jefferson County,https://www.bhmdiocese.org/parishfinder
St. George the Great Martyr(Melkite Rite),"425 16th Ave. South, Birmingham, Alabama, 35205",https://saintgeorgeonline.org,Diocese of Birmingham,Jefferson County,https://www.bhmdiocese.org/parishfinder
St. Joseph,"3020 Ave.K Ensley, Birmingham, Alabama, 35218",,Diocese of Birmingham,Jefferson County,https://www.bhmdiocese.org/parishfinder
St. Luke Hwang,"759 Valley Street, Birmingham, Alabama, 35226",,Diocese of Birmingham,Jefferson County,https://www.bhmdiocese.org/parishfinder
St. Mary,"6101 Dr. Martin Luther King Jr. Drive, Fairfield, Alabama, 35064",,Diocese of Birmingham,Jefferson County,https://www.bhmdiocese.org/parishfinder
St. Patrick,"301 Shamrock Trail, Adamsville, Alabama, 35005",http://www.saintpatrickcc.com/,Diocese of Birmingham,Jefferson County,https://www.bhmdiocese.org/parishfinder
St. Stanislaus,"904 Indiana Street Wylam, Birmingham, Alabama, 35224",,Diocese of Birmingham,Jefferson County,https://www.bhmdiocese.org/parishfinder
St. Stephen the Martyr Catholic University Chapel,"1515 12th Avenue South, Birmingham, Alabama, 35205",https://ststsbhm.org,Diocese of Birmingham,Jefferson County,https://www.bhmdiocese.org/parishfinder
St. Theresa of the Child Jesus,"P.O. Box 525, Leeds, Alabama, 35094",https://sttheresaleeds.org,Diocese of Birmingham,Jefferson County,https://www.bhmdiocese.org/parishfinder
St.Aloysius,"751 Academy Dr., Bessemer, Alabama, 35020",https:// staloysiuscc.org,Diocese of Birmingham,Jefferson County,https://www.bhmdiocese.org/parishfinder
St.Elizabeth Ann Seton,"334 Main St., Gardendale, Alabama, 35071",https://seagardendale.org,Diocese of Birmingham,Jefferson County,https://www.bhmdiocese.org/parishfinder
St.Henry,"221 5th Street, Warrior, Alabama, 35071",https://sthenrywarrior.org,Diocese of Birmingham,Jefferson County,https://www.bhmdiocese.org/parishfinder
St.Peter the Apostle,"2061 Patton Chapel Rd., Birmingham, Alabama, 35216",https://stpeterapostle.com,Diocese of Birmingham,Jefferson County,https://www.bhmdiocese.org/parishfinder
St. Joseph,"203 Plum Street, Florence, Alabama, 35630",,Diocese of Birmingham,Lauderdale County,https://www.bhmdiocese.org/parishfinder
St. Michael's,"2751 Country Road 30, Florence, Alabama, 35634",,Diocese of Birmingham,Lauderdale County,https://www.bhmdiocese.org/parishfinder
Resurrection Catholic Chapel,"16335 Court Street, Moulton, Alabama, 35650",https://www.moultoncatholics.org,Diocese of Birmingham,Lawrence County,https://www.bhmdiocese.org/parishfinder
Most Merciful Jesus,"10509 Segers Rd., Madison, Alabama, 35756",http://mostmercifuljesuschurch.org,Diocese of Birmingham,Limestone County,https://www.bhmdiocese.org/parishfinder
St. Paul,"1900 Hwy 72 West, Athens, Alabama, 35611",https://stpaulcatholicchurchathens.org,Diocese of Birmingham,Limestone County,https://www.bhmdiocese.org/parishfinder
Good Shepherd,"13550 Chaney Thompson Rd.Southeast, Huntsville, Alabama, 35803-2326",https://goodshephsv.org,Diocese of Birmingham,Madison County,https://www.bhmdiocese.org/parishfinder
Holy Spirit,"625 Airport Rd.Southwest, Huntsville, Alabama, 3582",https://holyspirithsv.com/,Diocese of Birmingham,Madison County,https://www.bhmdiocese.org/parishfinder
Huntsville Korean Community,"625 Airport Rd. Southwest, Huntsville, Alabama, 35802",,Diocese of Birmingham,Madison County,https://www.bhmdiocese.org/parishfinder
Our Lady Queen of the Universe,"2421 Shady Lane Drive, Northwest, Huntsville, Alabama, 35810",http:// olqu.org,Diocese of Birmingham,Madison County,https://www.bhmdiocese.org/parishfinder
"Our Lady, Help of Christians","1201 Kingsbury Ave., Huntsville, Alabama, 35801",https://ourladyhelpofchristians-al.org,Diocese of Birmingham,Madison County,https://www.bhmdiocese.org/parishfinder
St. John the Baptist,"1055 Hughes Road, Madison, Alabama, 35758",,Diocese of Birmingham,Madison County,https://www.bhmdiocese.org/parishfinder
St. Joseph,"2300 Beasley Ave., Huntsville, Alabama, 35816",https://saintjosephcc.com,Diocese of Birmingham,Madison County,https://www.bhmdiocese.org/parishfinder
St. Mary of the Visitation,"222 Jefferson Street North, Huntsville, Alabama, 35801",https://smvparish.org,Diocese of Birmingham,Madison County,https://www.bhmdiocese.org/parishfinder
St. Leo the Great,"309 South Main Street, Demopolis, Alabama, 36732",,Diocese of Birmingham,Marengo County,https://www.bhmdiocese.org/parishfinder
Holy Spirit,"2710 US Hwy 43 North, Winfield, Alabama, 35594",http://our3churches.com,Diocese of Birmingham,Marion County,https://www.bhmdiocese.org/parishfinder
Chapel of the Holy Cross,"1534 Whitesville Rd., Albertville, Alabama, 35950",https://st.williamchurch.com,Diocese of Birmingham,Marshall County,https://www.bhmdiocese.org/parishfinder
St. William,"929 Gunter Avenue, Guntersville, Alabama, 35976",https://stwilliamchurch.com,Diocese of Birmingham,Marshall County,https://www.bhmdiocese.org/parishfinder
Annunciation of the Lord,"3910 Spring Avenue Southwest, Decatur, Alabama, 35603",http://annunlord.com,Diocese of Birmingham,Morgan County,https://www.bhmdiocese.org/parishfinder
St. Robert Bellarmine,"407 Hwy 17 South, Reform, Alabama, 35481",,Diocese of Birmingham,Pickens County,https://www.bhmdiocese.org/parishfinder
Immaculate Conception,"506 Country Rd. I, Wedowee, Alabama, 36278",,Diocese of Birmingham,Randolph County,https://www.bhmdiocese.org/parishfinder
Our Lady of the Valley,"5514 Double Oak Ln., Birmingham, Alabama, 35242",https://www.olvchurchbirmingham.com,Diocese of Birmingham,Shelby County,https://www.bhmdiocese.org/parishfinder
St. Mark the Evangelist,"7340 Cahaba Valley Rd., Birmingham, Alabama, 35242",https://stmarkrc.org/,Diocese of Birmingham,Shelby County,https://www.bhmdiocese.org/parishfinder
St. Thomas the Apostle,"80 St.Thomas Way, Montevallo, Alabama, 35115",https://stthomascatholic.com,Diocese of Birmingham,Shelby County,https://www.bhmdiocese.org/parishfinder
Our Lady of the Lake,"4609 Martin St., Cropwell, Alabama, 35054",https://ollpellcity.com,Diocese of Birmingham,St. Claire County,https://www.bhmdiocese.org/parishfinder
St. Francis of Assisi,"101 Meadow Brook Dr., Livingston, Alabama, 35470",,Diocese of Birmingham,Sumter County,https://www.bhmdiocese.org/parishfinder
Holy Name of Jesus,"415 5th Ave.Southwest, Childersburg, Alabama, 35044",,Diocese of Birmingham,Talladega County,https://www.bhmdiocese.org/parishfinder
St. Francis of Assisi,"722 East Street South, Talladega, Alabama, 35160",,Diocese of Birmingham,Talladega County,https://www.bhmdiocese.org/parishfinder
St.Jude,"310 West Bay Street, Sylacauga, Alabama, 35150",,Diocese of Birmingham,Talladega County,https://www.bhmdiocese.org/parishfinder
St. John the Apostle,"454 North Central Ave., Alexander City, Alabama, 35010",,Diocese of Birmingham,Tallapoosa County,https://www.bhmdiocese.org/parishfinder
Holy Spirit,"733 James I. Harrison Jr. Parkway East, Tuscaloosa, Alabama, 35405",http://hschurch.com,Diocese of Birmingham,Tuscaloosa County,https://www.bhmdiocese.org/parishfinder
St. Francis of Assisi University Parish,"811 5th Avenue, Tuscaloosa, Alabama, 35401",https://stfrancisuofa.com/,Diocese of Birmingham,Tuscaloosa County,https://www.bhmdiocese.org/parishfinder
St. John the Baptist,"800 Lurleen Wallace Boulevard, Tuscaloosa, Alabama, 35405",,Diocese of Birmingham,Tuscaloosa County,https://www.bhmdiocese.org/parishfinder
St. Cecilia,"2159 Highway 195 North, Jasper, Alabama, 35503",http://www.stceciliajasper.com,Diocese of Birmingham,Walker County,https://www.bhmdiocese.org/parishfinder
Our Lady of Guadalupe,"485 Layne Hill Dr., Haleyville, Alabama, 35565",,Diocese of Birmingham,Winston County,https://www.bhmdiocese.org/parishfinder
Co-Cathedral of the Nativity of the Blessed Virgin Mary,"416 5th Street, Juneau, AK, 99801",https://juneaucathedralbvm.org/,Archdiocese of Anchorage-Juneau,City of Juneau,https://www.aoaj.org/parishfinder
National Shrine of St. Therese,"21425 Glacier Hwy, Juneau, AK, 99801",http://www.shrineofsainttherese.org/,Archdiocese of Anchorage-Juneau,City of Juneau,https://www.aoaj.org/parishfinder
St. Paul the Apostle,"9055 Atlin Dr., Juneau, AK, 99801",https://stpaulsjuneau.org/,Archdiocese of Anchorage-Juneau,City of Juneau,https://www.aoaj.org/parishfinder
Arctic Warrior Chapel,"4984 Zuckert Ave, JBER-Richardson, AK, 99505",,Archdiocese of Anchorage-Juneau,Military Bases,https://www.aoaj.org/parishfinder
Midnight Sun Chapel,"7137 Fighter Dr, JBER-Elmendorf, AK, 99506",,Archdiocese of Anchorage-Juneau,Military Bases,https://www.aoaj.org/parishfinder
Our Lady Star of the Sea,"BSU Kodiak Storis Drive, Building N-27 ISC, Kodiak, AK, 99619",,Archdiocese of Anchorage-Juneau,Military Bases,https://www.aoaj.org/parishfinder
Cathedral of Our Lady of Guadalupe,"3900 Wisconsin St, Anchorage, AK, 99517",http://www.olgakcocathedral.org/,Archdiocese of Anchorage-Juneau,Municipality of Anchorage,https://www.aoaj.org/parishfinder
Holy Cross Parish,"2627 Lore Rd, Anchorage, AK, 99507",http://www.holycrossalaska.net/,Archdiocese of Anchorage-Juneau,Municipality of Anchorage,https://www.aoaj.org/parishfinder
Holy Family Parish,"800 W 5th Ave, Anchorage, AK, 99501",https://holyfamilyalaska.org,Archdiocese of Anchorage-Juneau,Municipality of Anchorage,https://www.aoaj.org/parishfinder
Holy Spirit Center,"10980 Hillside Dr, Anchorage, AK, 99507",http://www.holyspiritcenterak.org/,Archdiocese of Anchorage-Juneau,Municipality of Anchorage,https://www.aoaj.org/parishfinder
"Monastery, Sisters of Perpetual Adoration","2645 E. 72nd Ave, Anchorage, AK, 99507",https://blessedsacramentmonastery.org,Archdiocese of Anchorage-Juneau,Municipality of Anchorage,https://www.aoaj.org/parishfinder
Our Lady of Providence Chapel,"3200 Providence Dr, Anchorage, AK, 99508",http://alaska.providence.org/about-us/mission/spiritualcare,Archdiocese of Anchorage-Juneau,Municipality of Anchorage,https://www.aoaj.org/parishfinder
Our Lady of the Snows Mission,"370 Northface Rd, Girdwood, AK, 99587",http://www.chapelourladyofthesnows.org,Archdiocese of Anchorage-Juneau,Municipality of Anchorage,https://www.aoaj.org/parishfinder
St. Andrew Kim Parish,"7206 Lake Otis Pkwy, Anchorage, AK, 99507",http://www.alaskakcc.com,Archdiocese of Anchorage-Juneau,Municipality of Anchorage,https://www.aoaj.org/parishfinder
St. Andrew Parish,"16300 Domain Ln, Eagle River, AK, 99577",http://www.aksaintandrews.org,Archdiocese of Anchorage-Juneau,Municipality of Anchorage,https://www.aoaj.org/parishfinder
St. Anthony Parish,"825 S. Klevin St, Anchorage, AK, 99508",https://www.stanthonyak.org,Archdiocese of Anchorage-Juneau,Municipality of Anchorage,https://www.aoaj.org/parishfinder
St. Benedict Parish,"8110 Jewel Lake Road Anchorage, Anchorage, AK, 99502",http://www.stbenedictsak.com,Archdiocese of Anchorage-Juneau,Municipality of Anchorage,https://www.aoaj.org/parishfinder
St. Elizabeth Ann Seton Parish,"2901 Huffman Rd, Anchorage, AK, 99516",http://www.akseas.net,Archdiocese of Anchorage-Juneau,Municipality of Anchorage,https://www.aoaj.org/parishfinder
St. Patrick Parish,"2111 Muldoon Rd, Anchorage, AK, 99504",http://www.st.patsak.org,Archdiocese of Anchorage-Juneau,Municipality of Anchorage,https://www.aoaj.org/parishfinder
Holy Family Parish,"186 Glenn Hwy, Glennallen, AK, 99588",https://glnholyfamily.com,Archdiocese of Anchorage-Juneau,Southcentral/Southwest,https://www.aoaj.org/parishfinder
Holy Rosary Parish,"435 Airport Road, Dillingham, AK, 99576",http://www.holyrosaryalaska.org,Archdiocese of Anchorage-Juneau,Southcentral/Southwest,https://www.aoaj.org/parishfinder
Our Lady of Perpetual Help Parish,"222 W. Redoubt Ave, Soldotna, AK, 99669",https://soldotnacatholicchurch.org/,Archdiocese of Anchorage-Juneau,Southcentral/Southwest,https://www.aoaj.org/parishfinder
Our Lady of the Angels Parish,"225 S. Spruce St, Kenai, AK, 99611",http://www.kenaicatholicchurch.org,Archdiocese of Anchorage-Juneau,Southcentral/Southwest,https://www.aoaj.org/parishfinder
Our Lady of the Lake Parish,"4275 South Oscar Anderson Road, Big Lake, AK, 99623",https://www.facebook.com/OLOLBiglakeak/,Archdiocese of Anchorage-Juneau,Southcentral/Southwest,https://www.aoaj.org/parishfinder
Sacred Heart Parish,"409 5th Avenue, Seward, AK, 99664",https://sacredheartseward.org/,Archdiocese of Anchorage-Juneau,Southcentral/Southwest,https://www.aoaj.org/parishfinder
Sacred Heart Parish,"1201 E. Bogard Rd, Wasilla, AK, 99654",http://www.sacredheartwasilla.org/,Archdiocese of Anchorage-Juneau,Southcentral/Southwest,https://www.aoaj.org/parishfinder
St. Bernard Parish,"22136 South F Street, Talkeetna, AK, 99676",,Archdiocese of Anchorage-Juneau,Southcentral/Southwest,https://www.aoaj.org/parishfinder
St. Christopher by the Sea Parish,"107 Riverside Drive, Unalaska, AK, 99685",,Archdiocese of Anchorage-Juneau,Southcentral/Southwest,https://www.aoaj.org/parishfinder
St. Christopher Mission,"Mile 67 S. Parks Highway, Willow, AK, 99688",,Archdiocese of Anchorage-Juneau,Southcentral/Southwest,https://www.aoaj.org/parishfinder
St. Francis Xavier Parish,"341 Pioneer Street, Valdez, AK, 99686",https://vdzsaintfrancis.com,Archdiocese of Anchorage-Juneau,Southcentral/Southwest,https://www.aoaj.org/parishfinder
St. John Neumann Mission,"Mile 1 Snug Harbor Rd., Cooper Landing, AK, 99572",,Archdiocese of Anchorage-Juneau,Southcentral/Southwest,https://www.aoaj.org/parishfinder
St. John the Baptist Parish,"255 Ohlson Ln, Homer, AK, 99603",http://www.stjohnthebaptistcatholicchurch.org,Archdiocese of Anchorage-Juneau,Southcentral/Southwest,https://www.aoaj.org/parishfinder
St. Joseph Parish,"220 Adams Ave, Cordova, AK, 99574",https://www.facebook.com/stjoescdv/,Archdiocese of Anchorage-Juneau,Southcentral/Southwest,https://www.aoaj.org/parishfinder
St. Mary Parish,"2932 Mill Bay Rd, Kodiak, AK, 99615",http://www.stmaryskodiak.org/,Archdiocese of Anchorage-Juneau,Southcentral/Southwest,https://www.aoaj.org/parishfinder
St. Michael Parish,"432 East Fireweed Avenue, Palmer, AK, 99645",https://www.saintmichaelcatholicchurch.org,Archdiocese of Anchorage-Juneau,Southcentral/Southwest,https://www.aoaj.org/parishfinder
St. Peter the Apostle Mission,"PO Box 39290, Ninilchik, AK, 99639",,Archdiocese of Anchorage-Juneau,Southcentral/Southwest,https://www.aoaj.org/parishfinder
St. Peter the Fisherman Mission,"Clarks Point, AK",https://www.holyrosaryalaska.org,Archdiocese of Anchorage-Juneau,Southcentral/Southwest,https://www.aoaj.org/parishfinder
St. Philip Benizi Mission,"Mile 114 Parks Highway, Trapper Creek, AK, 9683",,Archdiocese of Anchorage-Juneau,Southcentral/Southwest,https://www.aoaj.org/parishfinder
St. Theresa Mission,"PO Box 378, Naknek, AK, 99633",http://www.holyrosaryalaska.org/,Archdiocese of Anchorage-Juneau,Southcentral/Southwest,https://www.aoaj.org/parishfinder
Body of Christ Mission,"Pelican, AK",,Archdiocese of Anchorage-Juneau,Southeast,https://www.aoaj.org/parishfinder
Holy Family Mission,"Gustavus, AK",,Archdiocese of Anchorage-Juneau,Southeast,https://www.aoaj.org/parishfinder
Holy Family Mission,"Metlakatla, AK",,Archdiocese of Anchorage-Juneau,Southeast,https://www.aoaj.org/parishfinder
Holy Name Parish,"433 Jackson St, Ketchikan, AK, 99901",https://www.holynamektn.com/,Archdiocese of Anchorage-Juneau,Southeast,https://www.aoaj.org/parishfinder
Kake Catholic Community Mission,"Kake, AK",,Archdiocese of Anchorage-Juneau,Southeast,https://www.aoaj.org/parishfinder
Sacred Heart Mission,"Hoonah, AK",,Archdiocese of Anchorage-Juneau,Southeast,https://www.aoaj.org/parishfinder
Sacred Heart Parish,"3rd Ave. & Dalton St., Haines, AK, 99827",http://www.sacredhearthaines.org/,Archdiocese of Anchorage-Juneau,Southeast,https://www.aoaj.org/parishfinder
St. Ann Parish,"PO Box 323, Yakutat, AK, 99689",,Archdiocese of Anchorage-Juneau,Southeast,https://www.aoaj.org/parishfinder
St. Catherine of Siena Parish,"398 N 3rd St, Petersburg, AK, 99833",http://www.stcatherineofsienapetersburg.com/,Archdiocese of Anchorage-Juneau,Southeast,https://www.aoaj.org/parishfinder
St. Francis Mission,"Tenakee Springs, AK",,Archdiocese of Anchorage-Juneau,Southeast,https://www.aoaj.org/parishfinder
St. Gregory Nazianzen Parish,"606 Etolin St, Sitka, AK, 99835",https://sites.google.com/site/stgregorysitka/,Archdiocese of Anchorage-Juneau,Southeast,https://www.aoaj.org/parishfinder
St. John by the Sea Parish,"6840 Michigan Avenue, Klawock, AK, 99925",https://aoaj.org/st-john-by-the-sea,Archdiocese of Anchorage-Juneau,Southeast,https://www.aoaj.org/parishfinder
St. Rose of Lima Parish,"120 Church St, Wrangell, AK, 99929",http://www.stroseoflimawrangell.com/,Archdiocese of Anchorage-Juneau,Southeast,https://www.aoaj.org/parishfinder
St. Therese of the Child Jesus Parish,"9th Ave and State Street, Skagway, AK, 99840",https://www.skagwaycatholicchurch.org/,Archdiocese of Anchorage-Juneau,Southeast,https://www.aoaj.org/parishfinder
Blessed Sacrament Catholic Church,"Scammon Bay, AK",,Diocese of Fairbanks,Parishes,https://dioceseoffairbanks.org/parishfinder
Church of the Holy Angels Catholic Church,"Unalakleet, AK",,Diocese of Fairbanks,Parishes,https://dioceseoffairbanks.org/parishfinder
Church of the Nativity Catholic Church,"Saint Marys, AK",,Diocese of Fairbanks,Parishes,https://dioceseoffairbanks.org/parishfinder
Holy Family Catholic Church,Newtok,,Diocese of Fairbanks,Parishes,https://dioceseoffairbanks.org/parishfinder
Holy Family Catholic Church,"Holy Cross, AK",,Diocese of Fairbanks,Parishes,https://dioceseoffairbanks.org/parishfinder
Holy Mary of Guadalupe Catholic Church,"Healy, AK",https://www.hmogcatholic.com/ ,Diocese of Fairbanks,Parishes,https://dioceseoffairbanks.org/parishfinder
Holy Rosary Catholic Church,"Tok, AK",,Diocese of Fairbanks,Parishes,https://dioceseoffairbanks.org/parishfinder
Immaculate Conception Catholic Church,"2 Doyon Place, Fairbanks, AK, 99701-2830",http://iccfairbanks.org/,Diocese of Fairbanks,Parishes,https://dioceseoffairbanks.org/parishfinder
Immaculate Conception Catholic Church,"Bethel, AK",http://bethelcatholic.org/,Diocese of Fairbanks,Parishes,https://dioceseoffairbanks.org/parishfinder
Immaculate Conception Catholic Church,"Kalskag, AK",,Diocese of Fairbanks,Parishes,https://dioceseoffairbanks.org/parishfinder
Immaculate Heart of Mary Catholic Church,"Marshall, AK",,Diocese of Fairbanks,Parishes,https://dioceseoffairbanks.org/parishfinder
Little Flower of Jesus Catholic Church,"Hooper Bay, AK",,Diocese of Fairbanks,Parishes,https://dioceseoffairbanks.org/parishfinder
Our Lady of Guadalupe Catholic Church,"Russian Mission, AK",,Diocese of Fairbanks,Parishes,https://dioceseoffairbanks.org/parishfinder
Our Lady of Perpetual Help Catholic Church,"Nightmute, AK",,Diocese of Fairbanks,Parishes,https://dioceseoffairbanks.org/parishfinder
Our Lady of Sorrows Catholic Church,"2565 Deborah St, Delta Junction, AK, 99737-0446",https://sites.google.com/view/ourladyofsorrowstest2/,Diocese of Fairbanks,Parishes,https://dioceseoffairbanks.org/parishfinder
Our Lady of the Snows Catholic Church,"Nulato, AK",,Diocese of Fairbanks,Parishes,https://dioceseoffairbanks.org/parishfinder
Sacred Heart Cathedral,"1300 Peger Rd., Fairbanks, AK, 99709",http://www.sacreheartak.org,Diocese of Fairbanks,Parishes,https://dioceseoffairbanks.org/parishfinder
Sacred Heart Catholic Church,"Emmonak, AK",,Diocese of Fairbanks,Parishes,https://dioceseoffairbanks.org/parishfinder
Sacred Heart Catholic Church,"Chevak, AK, AK",,Diocese of Fairbanks,Parishes,https://dioceseoffairbanks.org/parishfinder
Saint Aloysius Catholic Church,"Tanana, AK",,Diocese of Fairbanks,Parishes,https://dioceseoffairbanks.org/parishfinder
Saint Ann Catholic Church,"Teller, AK",https://walaskacatholic.org,Diocese of Fairbanks,Parishes,https://dioceseoffairbanks.org/parishfinder
Saint Bernard Catholic Church,"Stebbins, AK",,Diocese of Fairbanks,Parishes,https://dioceseoffairbanks.org/parishfinder
Saint Catherine of Siena Catholic Church,"Chefornak, AK",,Diocese of Fairbanks,Parishes,https://dioceseoffairbanks.org/parishfinder
Saint Charles Spinola Catholic Church,Pilot Station,,Diocese of Fairbanks,Parishes,https://dioceseoffairbanks.org/parishfinder
Saint Francis Regis Catholic Church,"Huslia, AK",,Diocese of Fairbanks,Parishes,https://dioceseoffairbanks.org/parishfinder
Saint Francis Xavier,"Eagle, AK",,Diocese of Fairbanks,Parishes,https://dioceseoffairbanks.org/parishfinder
Saint Francis Xavier Catholic Church,"Kotzebue, AK",http://walaskacatholic.org/,Diocese of Fairbanks,Parishes,https://dioceseoffairbanks.org/parishfinder
Saint Ignatius Catholic Church,"Alakanuk, AK",,Diocese of Fairbanks,Parishes,https://dioceseoffairbanks.org/parishfinder
Saint John Berchmans Catholic Church,"Galena, AK",http://kiyu.com/stjohnschu,Diocese of Fairbanks,Parishes,https://dioceseoffairbanks.org/parishfinder
Saint Joseph Catholic Church,"Tununak, AK",,Diocese of Fairbanks,Parishes,https://dioceseoffairbanks.org/parishfinder
Saint Joseph Catholic Church,"100 West King Place, Nome , AK, 99762",http://walaskacatholic.org/,Diocese of Fairbanks,Parishes,https://dioceseoffairbanks.org/parishfinder
Saint Joseph Catholic Church,"Kotlik, AK",,Diocese of Fairbanks,Parishes,https://dioceseoffairbanks.org/parishfinder
Saint Jude Catholic Church,"Little Diomede Island, AK",http://walaskacatholic.org,Diocese of Fairbanks,Parishes,https://dioceseoffairbanks.org/parishfinder
Saint Lawrence Catholic Church,"Mountain Village, AK",,Diocese of Fairbanks,Parishes,https://dioceseoffairbanks.org/parishfinder
Saint Mark's University Parish,"Fairbanks, AK",,Diocese of Fairbanks,Parishes,https://dioceseoffairbanks.org/parishfinder
Saint Michael Catholic Church,"McGrath, AK",,Diocese of Fairbanks,Parishes,https://dioceseoffairbanks.org/parishfinder
Saint Michael Catholic Church,"Saint Michael, AK",,Diocese of Fairbanks,Parishes,https://dioceseoffairbanks.org/parishfinder
Saint Nicholas Catholic Church,"707 Saint Nicholas Drive, North Pole, AK, 99705-8011",http://www.stnicholasnp.org,Diocese of Fairbanks,Parishes,https://dioceseoffairbanks.org/parishfinder
Saint Patrick Catholic Church,"Koyukuk, AK",,Diocese of Fairbanks,Parishes,https://dioceseoffairbanks.org/parishfinder
Saint Patrick Catholic Church,"Barrow, AK",,Diocese of Fairbanks,Parishes,https://dioceseoffairbanks.org/parishfinder
Saint Peter Catholic Church,"Nunam Iqua, Ak",,Diocese of Fairbanks,Parishes,https://dioceseoffairbanks.org/parishfinder
Saint Peter in Chains Catholic Church,"Ruby, AK",,Diocese of Fairbanks,Parishes,https://dioceseoffairbanks.org/parishfinder
Saint Peter the Fisherman Catholic Church,"Toksook Bay, AK",,Diocese of Fairbanks,Parishes,https://dioceseoffairbanks.org/parishfinder
Saint Raphael Catholic Church,"1125 Old Steese Hwy N., Fairbanks, AK, 99710",https://straphaelfairbanks.org,Diocese of Fairbanks,Parishes,https://dioceseoffairbanks.org/parishfinder
Saint Teresa Catholic Church,"Kaltag, AK",,Diocese of Fairbanks,Parishes,https://dioceseoffairbanks.org/parishfinder
Saint Theresa Catholic Church,"Nenana, AK",,Diocese of Fairbanks,Parishes,https://dioceseoffairbanks.org/parishfinder
Saint Theresa Catholic Church,"Aniak, AK",,Diocese of Fairbanks,Parishes,https://dioceseoffairbanks.org/parishfinder
Saint Andrews Catholic Church,"Sierra Vista , AZ",https://standrewsv.org/,Diocese of Tucson,Sunday Mass Schedule,https://diocesetucson.org/parishfinder
St. Augustine Cathedral,"Tucson, AZ",https://cathedral-staugustine.org/,Diocese of Tucson,Sunday Mass Schedule,https://diocesetucson.org/parishfinder
Immaculate Conception,"928 C Ave, Douglas, AZ, 85607",https://www.douglascatholic.org/immaculate-conception,Diocese of Tucson,Cochise Vicariate,https://diocesetucson.org/parishfinder
Our Lady of Lourdes,"386 E 5th St., Benson, AZ, 85602",https://ololparish.com,Diocese of Tucson,Cochise Vicariate,https://diocesetucson.org/parishfinder
Our Lady of the Mountains,"1425 E. Yaqui St., Sierra Vista, AZ, 85650",https://olmaz.org,Diocese of Tucson,Cochise Vicariate,https://diocesetucson.org/parishfinder
Sacred Heart of Jesus,"215 W. Maley St., Willcox, AZ, 85643",,Diocese of Tucson,Cochise Vicariate,https://diocesetucson.org/parishfinder
Sacred Heart of Jesus,"598 E. Safford St., Tombstone, AZ, 85638",https://www.shctombstone.org,Diocese of Tucson,Cochise Vicariate,https://diocesetucson.org/parishfinder
Saint Andrew the Apostle,"800 Taylor Dr., Sierra Vista, AZ, 85635-1050",https://standrewsv.org,Diocese of Tucson,Cochise Vicariate,https://diocesetucson.org/parishfinder
Saint Bernard,"2308 N. McKinley Street, Pirtleville, AZ, 85626",https://www.douglascatholic.org/st-bernard-and-missions,Diocese of Tucson,Cochise Vicariate,https://diocesetucson.org/parishfinder
Saint Francis of Assisi Mission,"4110 Jefferson St., Elfrida, Arizona, 85610",,Diocese of Tucson,Cochise Vicariate,https://diocesetucson.org/parishfinder
Saint Jude Thaddeus,"Highway 191 Mile Post #51, Pearce, AZ, 85606",,Diocese of Tucson,Cochise Vicariate,https://diocesetucson.org/parishfinder
Saint Luke,"1211 E. 15th Street, Douglas, AZ, 85607",https://www.douglascatholic.org/st-luke,Diocese of Tucson,Cochise Vicariate,https://diocesetucson.org/parishfinder
Saint Patrick,"100 Quality Hill Rd., Bisbee, AZ, 85603",https://www.stpatsbisbee.com/,Diocese of Tucson,Cochise Vicariate,https://diocesetucson.org/parishfinder
Blessed Sacrament,"122 W. Church Dr., Mammoth, AZ, 85618",https://blessedsacramentparishmammoth.org/,Diocese of Tucson,Gila/Pinal-East/Graham/Greenlee Vicariate,https://diocesetucson.org/parishfinder
Holy Angels,"201 S. Broad St., Globe, AZ, 85501",https://www.holyangelscatholicchurchglobe.org,Diocese of Tucson,Gila/Pinal-East/Graham/Greenlee Vicariate,https://diocesetucson.org/parishfinder
Holy Cross,"205 Fairbanks Rd., Morenci, AZ, 85540",https://greenleecatholic.org/holycrossparish,Diocese of Tucson,Gila/Pinal-East/Graham/Greenlee Vicariate,https://diocesetucson.org/parishfinder
Infant Jesus of Prague,"501 Victoria Cir, Kearny, AZ, 85137",,Diocese of Tucson,Gila/Pinal-East/Graham/Greenlee Vicariate,https://diocesetucson.org/parishfinder
Our Lady of Guadalupe,"2257 S. 1st Avenue , Solomon, AZ, 85551",https://olgsolomon.com,Diocese of Tucson,Gila/Pinal-East/Graham/Greenlee Vicariate,https://diocesetucson.org/parishfinder
Our Lady of the Blessed Sacrament,"844 W. Sullivan St., Miami, AZ, 85539",https://www.ourladymiami.com,Diocese of Tucson,Gila/Pinal-East/Graham/Greenlee Vicariate,https://diocesetucson.org/parishfinder
Sacred Heart,"329 Chase Creek St., Clifton, AZ, 85533",https://greenleecatholic.org/sacredheartparish,Diocese of Tucson,Gila/Pinal-East/Graham/Greenlee Vicariate,https://diocesetucson.org/parishfinder
Saint Bartholomew,"609 W Park Pl, San Manuel, AZ, 85631",https://stbartholomewparishsanmanuel.org/,Diocese of Tucson,Gila/Pinal-East/Graham/Greenlee Vicariate,https://diocesetucson.org/parishfinder
Saint Charles Apache Mission Church,"460 San Carlos Ave, San Carlos, AZ, 85550",,Diocese of Tucson,Gila/Pinal-East/Graham/Greenlee Vicariate,https://diocesetucson.org/parishfinder
Saint Helen,"66 E Maplewood St., Oracle, AZ, 85623",https://www.sthelenparishoracle.org/,Diocese of Tucson,Gila/Pinal-East/Graham/Greenlee Vicariate,https://diocesetucson.org/parishfinder
Saint Joseph,"300 Mountain View Dr., Hayden, AZ, 85135",,Diocese of Tucson,Gila/Pinal-East/Graham/Greenlee Vicariate,https://diocesetucson.org/parishfinder
Saint Philip the Apostle,"511 S St. Philips St., Payson, AZ, 85541-5144",https://catholicpayson.com,Diocese of Tucson,Gila/Pinal-East/Graham/Greenlee Vicariate,https://diocesetucson.org/parishfinder
Saint Rose of Lima,"311 S Central Ave., Safford, AZ, 85546",https://www.saintroselima-safford.com,Diocese of Tucson,Gila/Pinal-East/Graham/Greenlee Vicariate,https://diocesetucson.org/parishfinder
St. Francis of Assisi Church,"11 Church Ave., Superior, AZ, 85173",https://stfrancissuperior.org/,Diocese of Tucson,Gila/Pinal-East/Graham/Greenlee Vicariate,https://diocesetucson.org/parishfinder
Most Holy Trinity,"1300 N. Greasewood Rd., Tucson, AZ, 85745",https://mostholytrinityparish.org/,Diocese of Tucson,Pima - Central Vicariate,https://diocesetucson.org/parishfinder
Our Lady of La Vang / St. Frances Cabrini,"3201 East Presidio Road, Tucson, Arizona, 85716",http://www.lavangtucson.com,Diocese of Tucson,Pima - Central Vicariate,https://diocesetucson.org/parishfinder
Sacred Heart,"601 East Ft. Lowell Road, Tucson, Arizona, 85705",https://sacredhearttucson.weconnect.com,Diocese of Tucson,Pima - Central Vicariate,https://diocesetucson.org/parishfinder
Saint Ambrose,"300 South Tucson Boulevard, Tucson, Arizona, 85716",https://www.stambroseparishtucson.org,Diocese of Tucson,Pima - Central Vicariate,https://diocesetucson.org/parishfinder
Saint Thomas More Newman Center,"1615 East 2nd Street, Tucson, AZ, 85719",https://www.uacatholic.org,Diocese of Tucson,Pima - Central Vicariate,https://diocesetucson.org/parishfinder
Sts. Peter and Paul Catholic Church,"1946 E Lee St., Tucson, AZ, 85719",https://sspp-parish.org/,Diocese of Tucson,Pima - Central Vicariate,https://diocesetucson.org/parishfinder
Corpus Christi,"300 North Tanque Verde Loop Road, Tucson, Arizona, 85748",http://www.cccctucson.org/,Diocese of Tucson,Pima - East Vicariate,https://diocesetucson.org/parishfinder
Our Lady Star of the Sea (Korean Community),"3820 Sabino Canyon Road, Tucson, Arizona, 85750",,Diocese of Tucson,Pima - East Vicariate,https://diocesetucson.org/parishfinder
Our Mother of Sorrows,"1800 South Kolb Road, Tucson, AZ, 85710",https://omosparish.org/,Diocese of Tucson,Pima - East Vicariate,https://diocesetucson.org/parishfinder
Saint Cyril of Alexandria,"1750 North Swan Road, Tucson, Arizona, 85712",http://stcyrilchurch-tucson.org/,Diocese of Tucson,Pima - East Vicariate,https://diocesetucson.org/parishfinder
Saint Joseph,"215 S Craycroft Rd, Tucson, AZ, 85711",https://www.stjosephtucsonaz.org/,Diocese of Tucson,Pima - East Vicariate,https://diocesetucson.org/parishfinder
Saint Rita in the Desert,"13260 E Colossal Cave Rd, Vail, AZ, 85641",https://www.stritainthedesert.org/,Diocese of Tucson,Pima - East Vicariate,https://diocesetucson.org/parishfinder
St. Francis de Sales Parish,"1375 South Camino Seco, Tucson, AZ, 85710",https://sfdstucson.org/,Diocese of Tucson,Pima - East Vicariate,https://diocesetucson.org/parishfinder
St. Pius X,"1800 N Camino Pio Decimo, Tucson, AZ, 85715",https://stpiusxtucson.org/,Diocese of Tucson,Pima - East Vicariate,https://diocesetucson.org/parishfinder
Our Lady of the Desert Conventual Church,"7101 West Picture Rocks Road, Tucson, Arizona, 85743",http://desertrenewal.org/,Diocese of Tucson,Pima - North Vicariate,https://diocesetucson.org/parishfinder
Santa Catalina,"14380 N. Oracle Rd., Tucson, AZ, 85739",https://jxlx5a.sites.ecatholic.com/,Diocese of Tucson,Pima - North Vicariate,https://diocesetucson.org/parishfinder
St. Christopher,"12101 West Moore Road, Marana, AZ, 85653",https://stchristophermarana.org/,Diocese of Tucson,Pima - North Vicariate,https://diocesetucson.org/parishfinder
St. Elizabeth Ann Seton,"8650 North Shannon Road, Tucson, AZ, 85742",https://parish.seastucson.org/,Diocese of Tucson,Pima - North Vicariate,https://diocesetucson.org/parishfinder
St. Elizabeth Ann Seton,"8650 North Shannon Road, Tucson, AZ, 85742",https://oe1qa.sites.ecatholic.com/,Diocese of Tucson,Pima - North Vicariate,https://diocesetucson.org/parishfinder
St. Mark the Evangelist,"2727 West Tangerine Road, Oro Valley, AZ, 85742",https://stmarkov.com/,Diocese of Tucson,Pima - North Vicariate,https://diocesetucson.org/parishfinder
St. Odilia,"7570 North Paseo Del Norte, Oro Valley, AZ, 85704",https://stodiliaparish.org/,Diocese of Tucson,Pima - North Vicariate,https://diocesetucson.org/parishfinder
St. Thomas the Apostle,"5150 North Valley View Road, Tucson, AZ, 85718",https://statucson.org/,Diocese of Tucson,Pima - North Vicariate,https://diocesetucson.org/parishfinder
Holy Family,"338 W. University Boulevard, Tucson, Arizona, 85705",https://holyfamilytucson.org/,Diocese of Tucson,Pima - South Vicariate,https://diocesetucson.org/parishfinder
Our Lady of Fatima,"1950 W. Irvington Place, Tucson, Arizona, 85746",https://www.fatimaintucson.org,Diocese of Tucson,Pima - South Vicariate,https://diocesetucson.org/parishfinder
Our Lady Queen of All Saints,"2915 E. 36th Street, Tucson, Arizona, 85713",,Diocese of Tucson,Pima - South Vicariate,https://diocesetucson.org/parishfinder
Saint Augustine Cathedral,"192 S. Stone Ave., Tucson, Arizona, 85701",http://cathedral-staugustine.org/,Diocese of Tucson,Pima - South Vicariate,https://diocesetucson.org/parishfinder
Saint Gianna Oratory,"338 W. University Blvd., Tucson, Arizona, 85705",https://institute-christ-king.org/tucson-home,Diocese of Tucson,Pima - South Vicariate,https://diocesetucson.org/parishfinder
Saint John the Evangelist,"602 W. Ajo Way, Tucson, AZ, 85713",https://www.stjohnevangelisttucson.org,Diocese of Tucson,Pima - South Vicariate,https://diocesetucson.org/parishfinder
Saint Margaret Mary Alacoque,"801 N. Grande Ave., Tucson, AZ, 85745",https://www.stmargaretmarytucson.org,Diocese of Tucson,Pima - South Vicariate,https://diocesetucson.org/parishfinder
Saint Mary of the Desert Mission,"10530 S. Sierrita Mountain Rd., Three Points, AZ, 85736",http://stmarydesert.org/en/,Diocese of Tucson,Pima - South Vicariate,https://diocesetucson.org/parishfinder
Saint Monica,"212 W. Medina Rd., Tucson, AZ, 85756",https://www.stmonicaparishtucson.org,Diocese of Tucson,Pima - South Vicariate,https://diocesetucson.org/parishfinder
Santa Cruz,"1220 S. 6th Ave., Tucson, AZ, 85713",https://santacruzchurchtucson.com,Diocese of Tucson,Pima - South Vicariate,https://diocesetucson.org/parishfinder
Immaculate Conception,"100 N Pizal Lane, Ajo, AZ, 85321",http://www.iccajo.com,Diocese of Tucson,Pima - West Vicariate,https://diocesetucson.org/parishfinder
San Solano Missions,"Topawa, AZ, 85639",https://www.facebook.com/SanSolanoMissions/,Diocese of Tucson,Pima - West Vicariate,https://diocesetucson.org/parishfinder
San Xavier del Bac Mission,"1950 W San Xavier Rd, Tucson, AZ, 85746",https://sanxaviermission.org,Diocese of Tucson,Pima - West Vicariate,https://diocesetucson.org/parishfinder
St. Kateri Tekakwitha Indian Mission,"507 W. 29th St., South Tucson, AZ, 85713",https://stkateritucson.org/,Diocese of Tucson,Pima - West Vicariate,https://diocesetucson.org/parishfinder
Assumption of the Blessed Virgin Mary Catholic Church,"177 E. 8th St., Florence, AZ, 85132",https://assumptionofmary.org/,Diocese of Tucson,Pinal - West Vicariate,https://diocesetucson.org/parishfinder
Our Lady of Grace,"18700 N. Saint Gabriel Way, Maricopa, AZ, 85138",https://www.maricopacatholic.org,Diocese of Tucson,Pinal - West Vicariate,https://diocesetucson.org/parishfinder
Saint Anthony of Padua,"201 N. Picacho St., Casa Grande, AZ, 85122",https://www.stanthonycg.org,Diocese of Tucson,Pinal - West Vicariate,https://diocesetucson.org/parishfinder
Saint George,"300 E. 16th Ave., Apache Junction, AZ, 85119",https://stgeorgeaj.com,Diocese of Tucson,Pinal - West Vicariate,https://diocesetucson.org/parishfinder
Saint Helen of the Cross,"205 W. 8th St., Eloy, AZ, 85131",https://www.sthelenofthecross.org,Diocese of Tucson,Pinal - West Vicariate,https://diocesetucson.org/parishfinder
Saint James the Apostle Catholic Church,"401 W. Wilson Ave., Coolidge, AZ, 85128",https://stjamescoolidge.org/,Diocese of Tucson,Pinal - West Vicariate,https://diocesetucson.org/parishfinder
Saint Michael the Archangel,"26035 N Apollo Dr., San Tan Valley/Florence, AZ, 85132",http://www.stmichaels77.org,Diocese of Tucson,Pinal - West Vicariate,https://diocesetucson.org/parishfinder
Most Holy Nativity of Our Lord Jesus Christ,"395 Avenida Coatimundi, Rio Rico, AZ, 85648",https://www.mhnparish.org,Diocese of Tucson,Santa Cruz Vicariate,https://diocesetucson.org/parishfinder
Our Lady of the Angels Mission,"22 Los Encinos Rd, Sonoita, AZ, 85637",https://olamissionaz.com/,Diocese of Tucson,Santa Cruz Vicariate,https://diocesetucson.org/parishfinder
Our Lady of the Valley,"505 N. La Cañada Dr., Green Valley, AZ, 85614",https://www.olvgv.org,Diocese of Tucson,Santa Cruz Vicariate,https://diocesetucson.org/parishfinder
Sacred Heart of Jesus,"272 N. Rodriguez St., Nogales, AZ, 85621",http://www.sacredheartnogales.com,Diocese of Tucson,Santa Cruz Vicariate,https://diocesetucson.org/parishfinder
Saint Ann,"11 Calle Iglesia, Tubac, AZ, 85646",https://stannsparishtubacaz.org,Diocese of Tucson,Santa Cruz Vicariate,https://diocesetucson.org/parishfinder
San Felipe de Jesus,"1901 N. Jose Gallego Dr., Nogales, AZ, 85621",http://www.sanfelipedejesusparish.org,Diocese of Tucson,Santa Cruz Vicariate,https://diocesetucson.org/parishfinder
San Martin de Porres,"15440 S. Santa Rita Rd., Sahuarita, AZ, 85629",http://www.sanmartinsahuarita.org,Diocese of Tucson,Santa Cruz Vicariate,https://diocesetucson.org/parishfinder
St. Therese of Lisieux,"222 Third Ave, Patagonia, AZ, 85624",https://sttheresepatagonia.org/,Diocese of Tucson,Santa Cruz Vicariate,https://diocesetucson.org/parishfinder
Immaculate Conception,"505 South Ave. B, Yuma, AZ, 85364",https://www.icyuma.com,Diocese of Tucson,Yuma/La Paz Vicariate,https://diocesetucson.org/parishfinder
Immaculate Heart of Mary,"310 W. Spring St., Somerton, AZ, 85350",https://www.ihmsomertonaz.com,Diocese of Tucson,Yuma/La Paz Vicariate,https://diocesetucson.org/parishfinder
Sacred Heart,"1101 Joshua Ave., Parker, AZ, 85344",http://www.sacredheartparker.org,Diocese of Tucson,Yuma/La Paz Vicariate,https://diocesetucson.org/parishfinder
Saint Francis of Assisi,"1815 S. 8th Ave., Yuma, AZ, 85364",https://www.stfrancisyuma.com,Diocese of Tucson,Yuma/La Paz Vicariate,https://diocesetucson.org/parishfinder
Saint Joseph the Worker,"8674 South Ave. 36 E., Wellton, AZ, 85356",http://www.stjosephwellton.com,Diocese of Tucson,Yuma/La Paz Vicariate,https://diocesetucson.org/parishfinder
Saint Jude Thaddeus,"984 N. Main St., San Luis, AZ, 85349",,Diocese of Tucson,Yuma/La Paz Vicariate,https://diocesetucson.org/parishfinder
St. John Neumann,"11545 E. 40th St., Yuma, AZ, 85367",https://sjnyuma.com/,Diocese of Tucson,Yuma/La Paz Vicariate,https://diocesetucson.org/parishfinder
Christ the King,"1800 Bedford Way, Bakersfield, CA, 93308",http://christtheking.ws/,Diocese of Fresno,Bakersfield Metro,https://dioceseoffresno.org/parishfinder
Our Lady of Perpetual Help,"124 Columbus St., Bakersfield, CA, 93305-1798",https://www.olphbakersfield.org/,Diocese of Fresno,Bakersfield Metro,https://dioceseoffresno.org/parishfinder
Our Lady of the Snows Mission,"7115 Lakewood Drive, Frazier, CA, 93225-9208",http://ourladyofthesnows.net/,Diocese of Fresno,Bakersfield Metro,https://dioceseoffresno.org/parishfinder
Sacred Heart,"9915 Ramos Ave., Bakersfield, CA, 93307-6235",https://sacredheartbakersfield.org/,Diocese of Fresno,Bakersfield Metro,https://dioceseoffresno.org/parishfinder
San Clemente Mission Parish,"1305 Water St., Bakersfield, CA, 93305-2832",http://www.sanclementemission.org/,Diocese of Fresno,Bakersfield Metro,https://dioceseoffresno.org/parishfinder
"Shrine of Our Lady of Guadalupe, Co-Patroness of the Unborn","601 E. California Ave., Bakersfield, CA, 93307-1143",https://www.guadalupebakersfield.org/,Diocese of Fresno,Bakersfield Metro,https://dioceseoffresno.org/parishfinder
St. Augustine,"10601 Myrtle Ave., Lamont, CA, 93241-2111",https://www.facebook.com/StAugustineChurchLamont,Diocese of Fresno,Bakersfield Metro,https://dioceseoffresno.org/parishfinder
St. Elizabeth Ann Seton,"12300 Reina Road, Bakersfield, CA, 93312",http://www.setoncatholicchurch.org/,Diocese of Fresno,Bakersfield Metro,https://dioceseoffresno.org/parishfinder
St. Francis of Assisi,"900 “H” Street, Bakersfield, CA, 93304-1312",https://www.stfran.org/,Diocese of Fresno,Bakersfield Metro,https://dioceseoffresno.org/parishfinder
St. Joseph,"1515 Baker St., Bakersfield, CA, 93305-3732",https://stjosephchurchbak.wixsite.com,Diocese of Fresno,Bakersfield Metro,https://dioceseoffresno.org/parishfinder
St. Philip the Apostle,"7100 Stockdale Highway, Bakersfield, CA, 93309-1399",http://www.stphilipchurch.org,Diocese of Fresno,Bakersfield Metro,https://dioceseoffresno.org/parishfinder
St. Thomas the Apostle,"350 E. Bear Mountain Blvd., Arvin, CA, 93203-1538",,Diocese of Fresno,Bakersfield Metro,https://dioceseoffresno.org/parishfinder
Holy Spirit,"724 E. Belle Terrace , Bakersfield , CA, 93307",,Diocese of Fresno,Bakersfield Metro Missions,https://dioceseoffresno.org/parishfinder
Catholic Community of St. Jude and Our Lady of the Assumption,"208 West Jefferson, Easton, CA, 93706-5838",https://www.stjude-easton.org/,Diocese of Fresno,Fresno Metro,https://dioceseoffresno.org/parishfinder
"Divine Mercy, Clovis; station: Shaver Laker  Community Chapel","2525 Alluvial Ave. Suite 271, Clovis, CA, 93611",https://divinemercyclovis.org,Diocese of Fresno,Fresno Metro,https://dioceseoffresno.org/parishfinder
"Holy Spirit, Fresno","355 East Champlain Drive, Fresno, CA 93730-1273, Fresno, CA, 93730-1273",http://www.holyspiritfresno.org/,Diocese of Fresno,Fresno Metro,https://dioceseoffresno.org/parishfinder
Our Lady of La Vang,"4144 N. Millbrook Ave., Fresno, CA, 93726",,Diocese of Fresno,Fresno Metro,https://dioceseoffresno.org/parishfinder
Our Lady of Mount Carmel,"816 Pottle Ave., Fresno, CA, 93706-3796",https://ourladyofmountcarmelchurch-catholicchurch.business.site/,Diocese of Fresno,Fresno Metro,https://dioceseoffresno.org/parishfinder
Our Lady of Perpetual Help,"929 Harvard Ave., Clovis, CA, 93612",https://www.olphclovis.org/,Diocese of Fresno,Fresno Metro,https://dioceseoffresno.org/parishfinder
Our Lady of the Assumption,"13540 S. Henderson Ave., Caruthers, CA, 93609",https://www.stjude-easton.org/,Diocese of Fresno,Fresno Metro,https://dioceseoffresno.org/parishfinder
Our Lady of Victory,"2918 N West Ave., Fresno, CA, 93705",https://olv-church.com/,Diocese of Fresno,Fresno Metro,https://dioceseoffresno.org/parishfinder
Sacred Heart,"2140 N. Cedar Ave., Fresno, CA, 93703-2697",http://www.sacredheartfresno.org/,Diocese of Fresno,Fresno Metro,https://dioceseoffresno.org/parishfinder
St Anthony Mary Claret Church,"2494 S. Chestnut Ave., Fresno, CA, 93725-1734",https://stanthonymaryclaretfresno.org/,Diocese of Fresno,Fresno Metro,https://dioceseoffresno.org/parishfinder
St. Alphonsus,"351 E Kearney Blvd., Fresno, CA, 93706",,Diocese of Fresno,Fresno Metro,https://dioceseoffresno.org/parishfinder
St. Anthony of Padua,"5770 N. Maroa Ave, Fresno, CA, 93704",https://stanthonyfresno.org/,Diocese of Fresno,Fresno Metro,https://dioceseoffresno.org/parishfinder
St. Genevieve,"1127 Tulare St., Fresno, CA, 93706",,Diocese of Fresno,Fresno Metro,https://dioceseoffresno.org/parishfinder
St. Helen,"4870 E. Belmont Ave, Fresno, CA, 93727",http://www.sthelensfresno.com/,Diocese of Fresno,Fresno Metro,https://dioceseoffresno.org/parishfinder
St. John's Cathedral,"2814 Mariposa St., Fresno, CA, 93721",https://www.stjohnsfresno.org/,Diocese of Fresno,Fresno Metro,https://dioceseoffresno.org/parishfinder
St. Mary Queen of Apostles,"4636 W. Dakota Ave., Fresno, CA, 93722-4699",http://stmaryschurchfresno.org/,Diocese of Fresno,Fresno Metro,https://dioceseoffresno.org/parishfinder
St. Paul Catholic Newman Center,"1572 E. Barstow Ave., Fresno, CA, 93710-6503",https://fresnonewmancenter.org/,Diocese of Fresno,Fresno Metro,https://dioceseoffresno.org/parishfinder
The Shrine of St. Therese,"1410 N. Wishon Ave.;mail address: 855 E. Floradora Ave., Fresno, 93728-1808, Fresno, CA, 93728-1808",https://shrineofsttherese.wordpress.com/,Diocese of Fresno,Fresno Metro,https://dioceseoffresno.org/parishfinder
Christ the King,"3545 W. Calvin Avenue, Malaga, CA, 93725",,Diocese of Fresno,Fresno Metro Missions,https://dioceseoffresno.org/parishfinder
Infant Jesus of Prague,"32054 Whispering Springs Rd., Tollhouse, CA, 93667",,Diocese of Fresno,Fresno Metro Missions,https://dioceseoffresno.org/parishfinder
St. Agnes,"111 W. Birch Street, Pinedale, CA, 93650",,Diocese of Fresno,Fresno Metro Missions,https://dioceseoffresno.org/parishfinder
Holy Family,"1275 Smith St., Kingsburg, Mail:  P.O. Box 798, Kingsburg. 93631; Office;  1700 Lewis St., Kingsburg, CA, 93631",https://www.holyfamilykingsburg.com/,Diocese of Fresno,Fresno Rural,https://dioceseoffresno.org/parishfinder
Our Lady of Sorrows,"830 Tulare St., Parlier, Parlier, CA, 93648-2401",https://ourladyofsorrowsparlier.org/,Diocese of Fresno,Fresno Rural,https://dioceseoffresno.org/parishfinder
St. Anthony of Padua,"1018 N. Frankwood Avenue (New Church); Mail:  P.O. Box 188, Reedley, 93654, Reedley, CA, 93654",http://www.stanthonyschurch-reedley.org/,Diocese of Fresno,Fresno Rural,https://dioceseoffresno.org/parishfinder
St. Catherine of Siena,"356 N. Villa Ave, Dinuba, CA, 93618-1637",https://stcatherinesdinuba.com/,Diocese of Fresno,Fresno Rural,https://dioceseoffresno.org/parishfinder
St. Isidore the Farmer,"480 Adams Ave., Orange Cove, CA, 93646",https://stisidoreoc.com/,Diocese of Fresno,Fresno Rural,https://dioceseoffresno.org/parishfinder
St. Joseph,"2441 Dockery Avenue, Selma, CA, 93662",http://stjosephselma.org,Diocese of Fresno,Fresno Rural,https://dioceseoffresno.org/parishfinder
St. Katherine,"P.O. Box 5114, Del Rey, CA, 93616",https://www.stmarysparishsanger.org/,Diocese of Fresno,Fresno Rural,https://dioceseoffresno.org/parishfinder
St. Lucy,"512 S. Fifth St., Fowler, CA, 93625",https://www.facebook.com/stlucysfowler.org/,Diocese of Fresno,Fresno Rural,https://dioceseoffresno.org/parishfinder
St. Mary,"12588 Avenue 407, Cutler, CA, 93615-2017",https://www.StMarysCatholicChurchParishCutler.com/,Diocese of Fresno,Fresno Rural,https://dioceseoffresno.org/parishfinder
St. Mary,"2590 E. North Ave, Sanger, CA, 93657, 93616",https://www.stmarysparishsanger.org/,Diocese of Fresno,Fresno Rural,https://dioceseoffresno.org/parishfinder
Santa Cruz,"5625 Avenue 378, London, CA, 93618",,Diocese of Fresno,Fresno Rural Missions,https://dioceseoffresno.org/parishfinder
St. John the Baptist,"1700 Lewis Street , Kingsburg, CA, 93631",https://holyfamilykingsburg.com/,Diocese of Fresno,Fresno Rural Missions,https://dioceseoffresno.org/parishfinder
St. Katherine,"5375 Carmel, Del Rey, CA, 93616",,Diocese of Fresno,Fresno Rural Missions,https://dioceseoffresno.org/parishfinder
St. Rita,"30673 George Smith Road, Yokuts Valley, CA, 93675",,Diocese of Fresno,Fresno Rural Missions,https://dioceseoffresno.org/parishfinder
Our Lady of Lourdes,"9970 California City Blvd.; Mail to:  P.O. Box 2060, California City 93504, California City, CA, 93505",https://www.ollcalcity.org/,Diocese of Fresno,High Desert,https://dioceseoffresno.org/parishfinder
Our Lady of Perpetual Help,"849 Home St., Bishop, CA, 93514",http://olphbishop.org/,Diocese of Fresno,High Desert,https://dioceseoffresno.org/parishfinder
"Santa Rosa; Stations:  Death Valley, Furnace Creek, Olancha","311 E. Locust, Lone Pine; mail: P.O. Box 246 Lone Pine, Lone Pine, CA, 93545-0246",,Diocese of Fresno,High Desert,https://dioceseoffresno.org/parishfinder
St. Ann,"446 W. Church Ave.; Mail;  P.O. Box 127, Ridgecrest, 93556-0127, Ridgecrest, CA, 93555",http://www.parishofsaintann.org/,Diocese of Fresno,High Desert,https://dioceseoffresno.org/parishfinder
St. Malachy,"407 West “E” Street, Tehachapi, CA, 93561-1642",http://www.saintmalachy.church/,Diocese of Fresno,High Desert,https://dioceseoffresno.org/parishfinder
St. Mary of the Desert,"3100 15th St.; Mail:  P.O. Box 1359 Rosamond 93560-1359 , Rosamond, CA, 93560-1359",http://www.stmary-stfrancis.com/,Diocese of Fresno,High Desert,https://dioceseoffresno.org/parishfinder
St. Therese of Lisieux,"300 W. Lerdo Highway, Shafter, CA, 93263-2552",https://www.facebook.com/santateresita.catolica,Diocese of Fresno,High Desert,https://dioceseoffresno.org/parishfinder
Santa Barbara,"64 Lexington Ave, Randsburg, CA, 93554",,Diocese of Fresno,High Desert Missions,https://dioceseoffresno.org/parishfinder
St. Francis of Assisi,"15382 Meyer Road, Mojave, CA, 93501",,Diocese of Fresno,High Desert Missions,https://dioceseoffresno.org/parishfinder
St. John the Baptist,"311 E. Locust, Lone Pine, CA, 93545",,Diocese of Fresno,High Desert Missions,https://dioceseoffresno.org/parishfinder
St. Joseph,"12430 Boron Ave, Boron, CA, 93516",,Diocese of Fresno,High Desert Missions,https://dioceseoffresno.org/parishfinder
St. Stephen,"461 S. Main Street, Big Pine, CA, 93513",,Diocese of Fresno,High Desert Missions,https://dioceseoffresno.org/parishfinder
St. Therese,"881 E. Old Spanish Trail, Tecopa, CA, 92389",,Diocese of Fresno,High Desert Missions,https://dioceseoffresno.org/parishfinder
St. Vivian,"331 N. Edwards, Independence, CA, 93545",,Diocese of Fresno,High Desert Missions,https://dioceseoffresno.org/parishfinder
Our Lady of Guadalupe,"1015 Clinton St., Delano, CA, 93215",https://www.facebook.com/iglesia.guadalupedelano,Diocese of Fresno,Kern Rural,https://dioceseoffresno.org/parishfinder
St. Elizabeth,"835 E. Perkins Ave., McFarland, CA, 93250",,Diocese of Fresno,Kern Rural,https://dioceseoffresno.org/parishfinder
St. John the Evangelist,"1129 9th Street, Wasco, CA, 93280-1804",https://www.facebook.com/stjohntheevangelistwasco/,Diocese of Fresno,Kern Rural,https://dioceseoffresno.org/parishfinder
St. Jude Thaddeus,"1270 E. Washington, Earlimart, CA, 93219",https://www.stjudeearlimart.com,Diocese of Fresno,Kern Rural,https://dioceseoffresno.org/parishfinder
St. Jude Thaddeus,"86 Nellie Dent Drive, Wofford Heights , CA, 93285",http://www.stjudecatholicchurch.faith,Diocese of Fresno,Kern Rural,https://dioceseoffresno.org/parishfinder
St. Mary,"420 Main Street, Buttonwillow, CA, 93206",,Diocese of Fresno,Kern Rural,https://dioceseoffresno.org/parishfinder
St. Mary,"110 E. Woodrow St., Taft, CA, 93268",https://stmarystaft.com/,Diocese of Fresno,Kern Rural,https://dioceseoffresno.org/parishfinder
St. Mary of the Miraculous Medal,"916 Lexington St., Delano, CA, 93215",https://www.facebook.com/stmarydelano/,Diocese of Fresno,Kern Rural,https://dioceseoffresno.org/parishfinder
Nuestra de la Paz,"Hwy 46 & Hwy 33,, Lost Hills, CA, 93249",,Diocese of Fresno,Kern Rural Missions,https://dioceseoffresno.org/parishfinder
St. Vincent de Paul,"524 Richgrove, Richgrove, CA, 93261",,Diocese of Fresno,Kern Rural Missions,https://dioceseoffresno.org/parishfinder
Immaculate Heart of Mary,"10435 Hanford-Armona Rd., Hanford, CA, 93230",http://.ihmhanford.org,Diocese of Fresno,Kings,https://dioceseoffresno.org/parishfinder
Our Lady of Lourdes,"1420 Hanna Ave, Corcoran, CA, 93212",,Diocese of Fresno,Kings,https://dioceseoffresno.org/parishfinder
Shrine Of Our Lady of Fatima,"20855 Fatima Avenue, Laton, CA, 93242",https://www.instagram.com/shrineolflaton/,Diocese of Fresno,Kings,https://dioceseoffresno.org/parishfinder
"St. Ann; Holy Family, Five Points","3047 W. Mt. Whitney; Mail:  P.O. Box 335, Riverdale, 93656, Riverdale, CA, 93656",https://www.facebook.com/stannriverdale,Diocese of Fresno,Kings,https://dioceseoffresno.org/parishfinder
St. Brigid,"1001 N. Douty Street ; Mail to:   200 E.Florinda St., Hanford 93230, Hanford, CA, 93230",http://www.stbrigid.org/,Diocese of Fresno,Kings,https://dioceseoffresno.org/parishfinder
St. Frances Cabrini,"36986 Los Angeles St.; Mail: P.O. Box 939, Huron, CA, 93234",,Diocese of Fresno,Kings,https://dioceseoffresno.org/parishfinder
St. Joseph,"428 E. Kern St., Avenal, CA, 93204-1625",https://stjosephavenal.com,Diocese of Fresno,Kings,https://dioceseoffresno.org/parishfinder
St. Paul the Apostle,"637 Sunset St.; Mail to:  P.O. Box 812 Coalinga 93210-0812, Coalinga, CA, 93210-0812",,Diocese of Fresno,Kings,https://dioceseoffresno.org/parishfinder
St. Peter Prince of Apostles,"870 N. Lemoore Ave., Lemoore, CA, 93245-2333",http://www.saintpeterpoa.org/,Diocese of Fresno,Kings,https://dioceseoffresno.org/parishfinder
Sacred Heart,"3860 Ave. 54, Alpaugh,, CA, 93201",,Diocese of Fresno,Kings Missions,https://dioceseoffresno.org/parishfinder
St. Cecilia,"Milham Ave & 8th St., Kettleman City, CA, 93239",,Diocese of Fresno,Kings Missions,https://dioceseoffresno.org/parishfinder
St. Joseph,"19300 Empire Street,, Stratford, CA, 93266",,Diocese of Fresno,Kings Missions,https://dioceseoffresno.org/parishfinder
Our Lady of Guadalupe,"484 Quince Street, Mendota, CA, 93640",https://www.facebook.com/guadalupechurchmendota,Diocese of Fresno,Madera,https://dioceseoffresno.org/parishfinder
Our Lady of the Sierra,"40180 Indian Springs Road, Oakhurst, CA, 93644",http://www.ols-oakhurst.org,Diocese of Fresno,Madera,https://dioceseoffresno.org/parishfinder
Sacred Heart,"1650 Lucerne Ave. Mail to:  1655 Lucerne Ave., Dos Palos, Dos Palos, CA, 93620-2623",https://www.facebook.com/Sacred-Heart-Church-Dos-Palos-113876106927500/,Diocese of Fresno,Madera,https://dioceseoffresno.org/parishfinder
St. Columba,"213 Orange Avenue, Chowchilla, CA, 93610",https://sites.google.com/view/st-columba-catholic-church/home,Diocese of Fresno,Madera,https://dioceseoffresno.org/parishfinder
St. Joachim,"401 West Fifth St, Madera, CA, 93637-4406",https://www.sjoachim.org/,Diocese of Fresno,Madera,https://dioceseoffresno.org/parishfinder
St. Joseph,"1558 Twelfth St., Firebaugh, CA, 93622",https://www.stjosephfb.org/,Diocese of Fresno,Madera,https://dioceseoffresno.org/parishfinder
St. Patrick,"15437 W. Kearney Blvd. Mail to: P.O.Box 375 Kerman, 93630, Kerman, CA, 93630",https://sites.google.com/a/stpatrickkerman.org/home/,Diocese of Fresno,Madera,https://dioceseoffresno.org/parishfinder
St. Paul,"25592 Doughty Avenue; Mail to:  P.O. Box 575 Tranquility, Tranquillity, CA, 93668",http://www.stpaultranquillity.com/,Diocese of Fresno,Madera,https://dioceseoffresno.org/parishfinder
Our Lady of Lourdes,"16101 S. Derrick Ave, Three Rocks, CA, 93608",,Diocese of Fresno,Madera Missions,https://dioceseoffresno.org/parishfinder
Our Lady of the Snows,"P.O. Box 2499, Oakhurst, CA, 93644",,Diocese of Fresno,Madera Missions,https://dioceseoffresno.org/parishfinder
St. Agnes Chapel,"7308 Highway 145, Ripperdan, CA, 93637",,Diocese of Fresno,Madera Missions,https://dioceseoffresno.org/parishfinder
St. Anne Chapel,"36483 Rd. 606, Raymond-Knowles, CA, 93653",,Diocese of Fresno,Madera Missions,https://dioceseoffresno.org/parishfinder
St. Dominic Savio,"40077 Road 222, Bass Lake, CA, 93604",,Diocese of Fresno,Madera Missions,https://dioceseoffresno.org/parishfinder
St. George,"10761 CA-59, El Nido, CA, 95317",,Diocese of Fresno,Madera Missions,https://dioceseoffresno.org/parishfinder
St. Joseph the Worker,"56522 Rd. 200, North Fork, CA, 93643",,Diocese of Fresno,Madera Missions,https://dioceseoffresno.org/parishfinder
St. Vincent de Paul,"8303 6th St., San Joaquin, CA, 93660",,Diocese of Fresno,Madera Missions,https://dioceseoffresno.org/parishfinder
"Holy Rosary; St. Mary, Stevinson","8471 Cypress Street, Hilmar, CA, 95324",http://www.hilmarholyrosary.org/,Diocese of Fresno,Merced-Mariposa,https://dioceseoffresno.org/parishfinder
Our Lady of Mercy,"459 W. 21st St., Merced, CA, 95340",https://sites.google.com/olmstpatrick.org/website/home,Diocese of Fresno,Merced-Mariposa,https://dioceseoffresno.org/parishfinder
Our Lady of the Snows,"9006 Cedar Court, Yosemite, CA, 95389",http://www.olscatholic.org/churches/our-lady-of-the-snows,Diocese of Fresno,Merced-Mariposa,https://dioceseoffresno.org/parishfinder
Sacred Heart,"562 W. 13th St., Merced, CA, 95341",https://www.jeaf.com/shc/,Diocese of Fresno,Merced-Mariposa,https://dioceseoffresno.org/parishfinder
Sacred Heart,"9317 Amistad St., Planada, CA, 95365",,Diocese of Fresno,Merced-Mariposa,https://dioceseoffresno.org/parishfinder
Shrine of Our Lady of Miracles,"370 Linden Ave, Gustine, CA, 95322-1499",,Diocese of Fresno,Merced-Mariposa,https://dioceseoffresno.org/parishfinder
Shrine of St. Jude Thaddeus,"330 Franci St., Livingston, CA, 95334",https://www.livingstonshrinestjudethaddeus.org/,Diocese of Fresno,Merced-Mariposa,https://dioceseoffresno.org/parishfinder
St. Anthony,"​1801 Winton Way; mail to:  1799 Winton Way, Atwater, 95301, Atwater, CA, 95301",,Diocese of Fresno,Merced-Mariposa,https://dioceseoffresno.org/parishfinder
St. Joseph,"4985 Bullion at Second St.; Mail: P.O. Box 215 Mariposa 95338-0215, Mariposa, CA , 95338-0215",https://stjosephsmariposa.org,Diocese of Fresno,Merced-Mariposa,https://dioceseoffresno.org/parishfinder
St. Joseph,"1621 Center Ave. mail to:  1516 Center Ave. Los Banos 93635, Los Banos, CA, 93635",http://www.stjosephlosbanos.com,Diocese of Fresno,Merced-Mariposa,https://dioceseoffresno.org/parishfinder
St. Patrick,"671 E. Yosemite Ave., Merced, Ca, 95340",https://sites.google.com/olmstpatrick.org/website/home,Diocese of Fresno,Merced-Mariposa,https://dioceseoffresno.org/parishfinder
Immaculate Conception,"2988 N. Buhach Rd, Buhach, CA, 95301",,Diocese of Fresno,Merced-Mariposa Missions,https://dioceseoffresno.org/parishfinder
Our Lady of Lourdes,"13145 Le Grand Road, Le Grand, CA, 95333",,Diocese of Fresno,Merced-Mariposa Missions,https://dioceseoffresno.org/parishfinder
St. Catherine of Siena,"7385 St. Catherine St., Hornitos, CA, 95325",,Diocese of Fresno,Merced-Mariposa Missions,https://dioceseoffresno.org/parishfinder
St. Teresa of Calcutta,"Mail: P.O. Box 86, Delhi, CA, 95315",,Diocese of Fresno,Merced-Mariposa Missions,https://dioceseoffresno.org/parishfinder
Holy Family,"1908 North Court Street; Mail:  506 N. Garden St. 93291, Visalia, CA, 93291",http://www.gscparish.org/,Diocese of Fresno,Tulare,https://dioceseoffresno.org/parishfinder
"Sacred Heart; St. Anthony of Egypt, Farmersville","417 North “E” St., Exeter, CA, 93221-1113",https://www.facebook.com/Sacred-HeartSagrado--ExeterFarmersville-112978373668855/,Diocese of Fresno,Tulare,https://dioceseoffresno.org/parishfinder
"Sacred Heart; Station: Santa Cruz, Lindsay","217 Lindero Ave., Lindsay, CA, 93247-2623",,Diocese of Fresno,Tulare,https://dioceseoffresno.org/parishfinder
St. Aloysius,"125 E. Pleasant Ave., Tulare, CA, 93274",https://www.facebook.com/staloysiustulare/,Diocese of Fresno,Tulare,https://dioceseoffresno.org/parishfinder
St. Anne Parish,"378 North “F” Street, Porterville, CA, 93257",http://www.stannesparish.com/,Diocese of Fresno,Tulare,https://dioceseoffresno.org/parishfinder
St. Anthony Retreat Center,"43816 Sierra Dr, Three Rivers, CA 93271, Three Rivers , CA, 93271",https://www.stanthonyretreat.org/,Diocese of Fresno,Tulare,https://dioceseoffresno.org/parishfinder
St. Charles Borromeo,"5049 W.  Caldwell Ave; Mail:  506 N. Garden St., 93291, Visalia, CA, 93277",https://www.gscparish.com/,Diocese of Fresno,Tulare,https://dioceseoffresno.org/parishfinder
St. Frances Cabrini,"198 North Pepper Street, Woodlake, CA, 93286",,Diocese of Fresno,Tulare,https://dioceseoffresno.org/parishfinder
"St. John the Evangelist; Station:  Our Lady of Assumption, Pixley","232 South Adams Road, Tipton, CA, 93272-9702",,Diocese of Fresno,Tulare,https://dioceseoffresno.org/parishfinder
St. Rita,"New Church: 1051 S. Morrison St., Old Church: 954 South “O” Street, Tulare, CA, 93274",http://www.stritacatholicchurch.com/,Diocese of Fresno,Tulare,https://dioceseoffresno.org/parishfinder
St. Teresita Youth Retreat Center,"43816 Sierra Dr. , Three Rivers , CA, 93271",https://www.stteresitaycc.org/,Diocese of Fresno,Tulare,https://dioceseoffresno.org/parishfinder
The Nativity of the Blessed Virgin Mary,"608 N. Church Street;Mail:  506 N. Garden St. Visalia 93291, Visalia, CA, 93291",http://www.gscparish.org/,Diocese of Fresno,Tulare,https://dioceseoffresno.org/parishfinder
Blessed Miguel Agustin Pro,"9120 Road 236, Terra Bella, CA, 93270",https://stannesparish.com/blessed-miguel-agustin-pro-mission,Diocese of Fresno,Tulare Missions,https://dioceseoffresno.org/parishfinder
Holy Cross Church,"1765 N Newcomb St. , Porterville, CA, 93257",https://stannesparish.com/holy-cross-church,Diocese of Fresno,Tulare Missions,https://dioceseoffresno.org/parishfinder
Mater Dolorosa,"186 N. Reservation Rd, Tule River Indian Reservation,, CA, 93257",,Diocese of Fresno,Tulare Missions,https://dioceseoffresno.org/parishfinder
San Felipe de Jesus,"32809 Road 159, Ivanhoe, CA, 93235",,Diocese of Fresno,Tulare Missions,https://dioceseoffresno.org/parishfinder
St. Anthony,"21631 Brooks Ave., Tonyville, CA, 93247",,Diocese of Fresno,Tulare Missions,https://dioceseoffresno.org/parishfinder
St. Clair,"43590 Alta Acres Drive, Three Rivers, CA, 93271",,Diocese of Fresno,Tulare Missions,https://dioceseoffresno.org/parishfinder
St. Francis of Assisi,"16410 Avenue 168, Woodville, CA, 93274",,Diocese of Fresno,Tulare Missions,https://dioceseoffresno.org/parishfinder
St. James,"19752 Guthrie Drive, Strathmore, CA, 93267",,Diocese of Fresno,Tulare Missions,https://dioceseoffresno.org/parishfinder
St. Maximillian Kolbe,"35725 Hwy. 190, Springville, CA, 93265",https://stannesparish.com/st-maximilian-kolbe-mission,Diocese of Fresno,Tulare Missions,https://dioceseoffresno.org/parishfinder
Carmel Mission Basilica,"3080 Rio Road, Carmel, CA, 93923",http://www.carmelmission.org,Diocese of Monterey,Parishes,https://www.dioceseofmonterey.org/parishfinder
Christ Child Church,"23230 Summit Road, Los Gatos, CA, 95033-9278",,Diocese of Monterey,Parishes,https://www.dioceseofmonterey.org/parishfinder
Christ the King Church,"240 Calle Cebu, Salinas, CA, 93901",,Diocese of Monterey,Parishes,https://www.dioceseofmonterey.org/parishfinder
Holy Cross Church,"210 High Street, Santa Cruz, CA, 95060",http://www.holycrosssantacruz.com,Diocese of Monterey,Parishes,https://www.dioceseofmonterey.org/parishfinder
Holy Eucharist Church,"527 Corralitos Road, Corralitos, CA, 95076",http://www.holyeucharistca.com,Diocese of Monterey,Parishes,https://www.dioceseofmonterey.org/parishfinder
Holy Trinity Church,"PO Box 276, Greenfield, CA, 93927",http://www.holytrinitygreenfield.org,Diocese of Monterey,Parishes,https://www.dioceseofmonterey.org/parishfinder
Immaculate Conception Church,"PO Box 247, Tres Pinos, CA, 95075-0247",http://www.immaculateattrespinos.org/contact.php,Diocese of Monterey,Parishes,https://www.dioceseofmonterey.org/parishfinder
Madonna del Sasso Church,"320 E. Laurel Drive, Salinas, CA, 93906",http://www.mdschurch.org,Diocese of Monterey,Parishes,https://www.dioceseofmonterey.org/parishfinder
Mission San Antonio de Padua,"PO Box 803, Jolon, CA, 93928",http://missionsanantonio.net,Diocese of Monterey,Parishes,https://www.dioceseofmonterey.org/parishfinder
Nativity of Our Lady Church,"221 Daly Avenue, San Luis Obispo, CA, 93405-1099",https://www.nativityslo.org/,Diocese of Monterey,Parishes,https://www.dioceseofmonterey.org/parishfinder
Old Mission Church,"751 Palm Street, San Luis Obispo, CA, 93401",http://www.missionsanluisobispo.org/?page_id=27,Diocese of Monterey,Parishes,https://www.dioceseofmonterey.org/parishfinder
Old Mission Church,"PO Box 69, San Miguel, CA, 93451-0069",https://www.oldmissionsanmiguel.org,Diocese of Monterey,Parishes,https://www.dioceseofmonterey.org/parishfinder
Old Mission Church,"PO Box 400, San Juan Bautista, CA, 95045",http://www.oldmissionsjb.org/contact,Diocese of Monterey,Parishes,https://www.dioceseofmonterey.org/parishfinder
Our Lady Help of Christians Church,"2401 E. Lake Avenue, Watsonville, CA, 95076",http://www.olhcchurch.org,Diocese of Monterey,Parishes,https://www.dioceseofmonterey.org/parishfinder
Our Lady of Mt. Carmel Church,"9 El Camino Road, Carmel Valley, CA, 93924",http://www.ourladycarmelvalley.org/?doing_wp_cron=1478878936.9869189262390136718750,Diocese of Monterey,Parishes,https://www.dioceseofmonterey.org/parishfinder
Our Lady of Refuge Church,"11140 Preston Street, Castroville, CA, 95012",http://www.olorc.org,Diocese of Monterey,Parishes,https://www.dioceseofmonterey.org/parishfinder
Our Lady of Solitude Church,"235 Main Street, Soledad, CA, 93960",,Diocese of Monterey,Parishes,https://www.dioceseofmonterey.org/parishfinder
Our Lady of the Assumption Church,"100 Salinas Road, Watsonville, CA, 95076",http://www.ladyassumptionchurch.org,Diocese of Monterey,Parishes,https://www.dioceseofmonterey.org/parishfinder
Our Lady Star of the Sea Church,"515 Frederick Street, Santa Cruz, CA, 95062",http://www.ourladystar.org,Diocese of Monterey,Parishes,https://www.dioceseofmonterey.org/parishfinder
Resurrection Church,"PO Box 87, Aptos, CA, 95001",http://resurrection-aptos.org,Diocese of Monterey,Parishes,https://www.dioceseofmonterey.org/parishfinder
Sacred Heart & St. Benedict's Pastoral Center,"680 College Street, Hollister, CA, 95023",http://catholichollister.org,Diocese of Monterey,Parishes,https://www.dioceseofmonterey.org/parishfinder
Sacred Heart Church,"22 Stone Street, Salinas, CA, 93901",http://www.shsalinas.org,Diocese of Monterey,Parishes,https://www.dioceseofmonterey.org/parishfinder
San Agustin Church,"257 Glenwood Drive, Scotts Valley, CA, 95066",http://sanagustin.church,Diocese of Monterey,Parishes,https://www.dioceseofmonterey.org/parishfinder
San Carlos Cathedral,"500 Church Street, Monterey, CA, 93940",http://www.sancarloscathedral.org,Diocese of Monterey,Parishes,https://www.dioceseofmonterey.org/parishfinder
Santa Margarita de Cortona,"PO Box 350, Santa Margarita, CA, 93453-0350",,Diocese of Monterey,Parishes,https://www.dioceseofmonterey.org/parishfinder
Santa Rosa Church,"1174 Main Street, Cambria, CA, 93428",http://www.santarosaparish.org,Diocese of Monterey,Parishes,https://www.dioceseofmonterey.org/parishfinder
Shrine of St. Joseph,"544 West Cliff Drive, Santa Cruz, CA, 95060",,Diocese of Monterey,Parishes,https://www.dioceseofmonterey.org/parishfinder
St. Angela Merici Church,"146 Eighth Street, Pacific Grove, CA, 93950",http://www.stangelamericipacificgrove.org,Diocese of Monterey,Parishes,https://www.dioceseofmonterey.org/parishfinder
St. Elizabeth Seton Parish,"2050 Palisades Avenue, Los Osos, CA, 93402",http://www.seasparishlo.org,Diocese of Monterey,Parishes,https://www.dioceseofmonterey.org/parishfinder
St. Francis Xavier Church,"1475 LaSalle Avenue, Seaside, CA, 93955",http://www.stfxavier.org/,Diocese of Monterey,Parishes,https://www.dioceseofmonterey.org/parishfinder
St. John the Baptist Church,"504 N. Third Street, King City, CA, 93930",http://stjohnparishkc.wixsite.com/saintjohnparishkc,Diocese of Monterey,Parishes,https://www.dioceseofmonterey.org/parishfinder
St. John’s Church,"PO Box M-1, Felton, CA, 95018",http://www.stjohnsfelton.org/ministries.php,Diocese of Monterey,Parishes,https://www.dioceseofmonterey.org/parishfinder
St. Joseph's Church,"435 Monterey Avenue, Capitola, CA, 95010-3613",http://saint-josephs.church/,Diocese of Monterey,Parishes,https://www.dioceseofmonterey.org/parishfinder
St. Joseph’s Church,"298 South Thompson, Nipomo, CA, 93444",http://stjonipomo.org,Diocese of Monterey,Parishes,https://www.dioceseofmonterey.org/parishfinder
St. Joseph’s Church,"360 Park Ave, Cayucos, CA, 93430",http://www.stjosephcayucos.org,Diocese of Monterey,Parishes,https://www.dioceseofmonterey.org/parishfinder
St. Joseph’s Church,"PO Box 7158, Spreckels, CA, 93962-7158",http://stjchurch.org/contact/,Diocese of Monterey,Parishes,https://www.dioceseofmonterey.org/parishfinder
St. Jude’s Catholic Church & Shrine,"303 Hillcrest Avenue, Marina, CA, 93933-3599",https://www.stjudemarina.org,Diocese of Monterey,Parishes,https://www.dioceseofmonterey.org/parishfinder
St. Mary of the Nativity Church,"1702 Second Avenue, Salinas, CA, 93905",http://www.stmarysalinas.org,Diocese of Monterey,Parishes,https://www.dioceseofmonterey.org/parishfinder
St. Michael’s Church,"13005 Pine Street, Boulder Creek, CA, 95006",http://www.stmichaelschurchbc.org,Diocese of Monterey,Parishes,https://www.dioceseofmonterey.org/parishfinder
St. Patrick's Church,"721 Main Street, Watsonville, CA, 95076",http://spatricks.org,Diocese of Monterey,Parishes,https://www.dioceseofmonterey.org/parishfinder
St. Patrick's Church,"501 Fair Oaks Avenue, Arroyo Grande, CA, 93421",http://www.stpatsag.org,Diocese of Monterey,Parishes,https://www.dioceseofmonterey.org/parishfinder
St. Paul the Apostle Church,"800 Bello Street, Pismo Beach, CA, 93449",http://www.stpaulspismobeach.com,Diocese of Monterey,Parishes,https://www.dioceseofmonterey.org/parishfinder
St. Rose of Lima Church,"PO Box 790, Paso Robles, CA, 93447-0790",http://www.saintrosechurch.org,Diocese of Monterey,Parishes,https://www.dioceseofmonterey.org/parishfinder
St. Theodore’s Church,"125 Center St. / P.O. Box B, Gonzales, CA, 93926",,Diocese of Monterey,Parishes,https://www.dioceseofmonterey.org/parishfinder
St. Timothy’s Church,"962 Piney Way, Morro Bay, CA, 93442",http://www.sttimothymorrobay.org,Diocese of Monterey,Parishes,https://www.dioceseofmonterey.org/parishfinder
St. Vincent de Paul Church c/o Shrine of St. Joseph,"544 W. Cliff Drive, Santa Cruz, CA, 95060",,Diocese of Monterey,Parishes,https://www.dioceseofmonterey.org/parishfinder
St. William’s Church,"6410 Santa Lucia Road, Atascadero, CA, 93422",http://stwilliams.org,Diocese of Monterey,Parishes,https://www.dioceseofmonterey.org/parishfinder
Blessed Sacrament Mission,"5750 CA-1, Elk, CA, 95432",https://coastcatholic.org/blessed-sacrament-elk,Diocese of Santa Rosa,,https://srdiocese.org/parishfinder
Cal Poly Newman Center,"700 Union Street., Arcata, CA, 95521",https://humboldtnewman.org/,Diocese of Santa Rosa,,https://srdiocese.org/parishfinder
Cathedral of St. Eugene,"2323 Montgomery Drive, Santa Rosa, CA, 95405",http://www.steugenes.com/,Diocese of Santa Rosa,,https://srdiocese.org/parishfinder
Christ the King Church,"1951 McKinleyville Ave, McKinleyville, CA, 95519",,Diocese of Santa Rosa,,https://srdiocese.org/parishfinder
Church of the Assumption,"546 Berding St., Ferndale, CA, 95536",,Diocese of Santa Rosa,,https://srdiocese.org/parishfinder
Hanna Boys Center,"1700 Arnold Drive, Sonoma, CA, 95476-3242",http://www.hannacenter.org/,Diocese of Santa Rosa,,https://srdiocese.org/parishfinder
Holy Family Church,"200 Antonina Avenue, American Canyon, CA, 94503",http://www.holyfamilycatholicchurch-amcan.org/?,Diocese of Santa Rosa,,https://srdiocese.org/parishfinder
Holy Family Mission,"1241 Niebaum Lane, Rutherford, CA, 94573",,Diocese of Santa Rosa,,https://srdiocese.org/parishfinder
Holy Spirit Church,"1244 St. Francis Rd, Santa Rosa, CA, 95409",http://www.holyspirit-sr.org/,Diocese of Santa Rosa,,https://srdiocese.org/parishfinder
Holy Trinity Mission (Christ The King),"Trinidad, CA",,Diocese of Santa Rosa,,https://srdiocese.org/parishfinder
Mary Star of the Sea Mission,"39141 Church St, Gualala, CA",,Diocese of Santa Rosa,,https://srdiocese.org/parishfinder
Our Lady of Good Counsel Church,"255 S. Harold St, Fort Bragg, CA, 95437",http://www.olgcinfb.org/,Diocese of Santa Rosa,,https://srdiocese.org/parishfinder
Our Lady of Guadalupe Church,"8400 Old Redwood Hwy, Windsor, CA, 95492",http://www.olgwindsor.org/,Diocese of Santa Rosa,,https://srdiocese.org/parishfinder
Our Lady of Mount Carmel Mission,"23600 Old Redwood Highway, Asti, CA",,Diocese of Santa Rosa,,https://srdiocese.org/parishfinder
Our Lady of Perpetual Help Church,"901 Washington St, Calistoga, CA, 94515",http://www.olphcalistoga.org/,Diocese of Santa Rosa,,https://srdiocese.org/parishfinder
Our Lady of the Lakes,"12836 Hwy 175, Loch Lomond, CA, 95461",,Diocese of Santa Rosa,,https://srdiocese.org/parishfinder
Our Lady of the Redwoods Church,"515 Maple Street, Garberville, CA, 95542",,Diocese of Santa Rosa,,https://srdiocese.org/parishfinder
Our Lady Queen of Peace Church,"14435 Uhl Ave, Clearlake, CA, 95422",https://qopcatholicchurch.org/,Diocese of Santa Rosa,,https://srdiocese.org/parishfinder
Our Lady Queen of Peace Mission,"23300 Foothill Blvd., Covelo,, CA, 95426",,Diocese of Santa Rosa,,https://srdiocese.org/parishfinder
Queen of the Rosary Mission,"3972 Country Club Drive, Lucerne, CA, 95458",,Diocese of Santa Rosa,,https://srdiocese.org/parishfinder
Resurrection Church,"303 Stony Point Rd, Santa Rosa, CA, 95401",http://www.resurrectionfamilies.org/,Diocese of Santa Rosa,,https://srdiocese.org/parishfinder
Sacred Heart Church,"2085 Myrtle Avenue, Eureka, CA, 95501",https://www.sacredheartparisheureka.com/,Diocese of Santa Rosa,,https://srdiocese.org/parishfinder
Sonoma State Newman Center,"1798 East Cotati Avenue, Penngrove, CA, 94951",https://connection.newmanministry.com/colleges/sonoma-state-university/,Diocese of Santa Rosa,,https://srdiocese.org/parishfinder
St. Aloysius Church,"70 School Street (Hwy 1), Point Arena, CA, 95468",http://www.staloysiuscatholicchurch.org/,Diocese of Santa Rosa,,https://srdiocese.org/parishfinder
St. Anthony Church,"10700 Lansing St., Mendocino, CA, 95460-0665",https://stanthonysofmendocino.org/,Diocese of Santa Rosa,,https://srdiocese.org/parishfinder
St. Anthony of Padua Church,"61 W. San Francisco Ave., Willits, CA, 95490",,Diocese of Santa Rosa,,https://srdiocese.org/parishfinder
St. Apollinaris Church,"3700 Lassen Street, Napa, CA, 94558",http://www.stapollinarisparish.org/,Diocese of Santa Rosa,,https://srdiocese.org/parishfinder
St. Bernard Church,"615 H Street, Eureka, CA, 95501",http://www.saintbernards.org/,Diocese of Santa Rosa,,https://srdiocese.org/parishfinder
St. Catherine of Siena Mission,"Chapel Drive, Monte Rio, CA",,Diocese of Santa Rosa,,https://srdiocese.org/parishfinder
St. Colman Mission,"Cazadero Highway, Cazadero, CA",,Diocese of Santa Rosa,,https://srdiocese.org/parishfinder
St. Elizabeth Ann Seton Church,"4595 Snyder Lane, Rohnert Park, CA, 94928",https://www.stelizabethrp.com/,Diocese of Santa Rosa,,https://srdiocese.org/parishfinder
St. Elizabeth Church,"14095 Woodland Drive, Guerneville, CA, 95446",http://www.rrchurches.com/,Diocese of Santa Rosa,,https://srdiocese.org/parishfinder
St. Francis Solano Church,"469 Third Street West, Sonoma, CA, 95476",http://www.stfrancissolano.org/,Diocese of Santa Rosa,,https://srdiocese.org/parishfinder
St. Helena Church,"1340 Tainter Street, St. Helena, CA, 94574",http://www.sthelenacatholic.com/,Diocese of Santa Rosa,,https://srdiocese.org/parishfinder
St. James Church,"125 Sonoma Mountain Parkway, Petaluma, CA, 94954",http://www.stjamespetaluma.org,Diocese of Santa Rosa,,https://srdiocese.org/parishfinder
St. Joan of Arc Church,"6404 Washington St, Yountville, CA, 94599",https://www.facebook.com/stjoanofarcyountville/,Diocese of Santa Rosa,,https://srdiocese.org/parishfinder
St. John the Baptist Church,"960 Caymus Street, Napa, CA, 94559",http://www.stjb1858.com/,Diocese of Santa Rosa,,https://srdiocese.org/parishfinder
St. John the Baptist Church,"208 Matheson St, Healdsburg, CA, 95448",http://www.stjohnshealdsburg.org/,Diocese of Santa Rosa,,https://srdiocese.org/parishfinder
St. Joseph Church,"21396 Hwy. 175, Middletown, CA, 95461",http://www.stjoseph-middletown.com/,Diocese of Santa Rosa,,https://srdiocese.org/parishfinder
St. Joseph Church,"319 E St., Crescent City, CA, 95531",http://www.sjccc.net/,Diocese of Santa Rosa,,https://srdiocese.org/parishfinder
St. Joseph Church,"150 St. Joseph Way, Cotati, CA, 94931-4117",http://www.sjccotati.org/,Diocese of Santa Rosa,,https://srdiocese.org/parishfinder
St. Joseph Church,"14th & N Streets, Fortuna, CA, 95540",http://www.saintjoeparish.org/,Diocese of Santa Rosa,,https://srdiocese.org/parishfinder
St. Joseph Mission,"340 Greenwood Ave, Blue Lake, CA",,Diocese of Santa Rosa,,https://srdiocese.org/parishfinder
St. Joseph Mission Church,"Henderson & C Street, Eureka, CA",,Diocese of Santa Rosa,,https://srdiocese.org/parishfinder
St. Kateri Tekakwitha Mission,"Kateri Lane-Pine Creek Rd., Hoopa, CA, 95546",,Diocese of Santa Rosa,,https://srdiocese.org/parishfinder
St. Leo the Great Church,"601 West Agua Caliente Road, Sonoma, CA, 95476",http://www.stleosonoma.org/,Diocese of Santa Rosa,,https://srdiocese.org/parishfinder
St. Mary Church,"1690 Janes Road, Arcata, CA, 95521",http://www.stmarysarcata.org,Diocese of Santa Rosa,,https://srdiocese.org/parishfinder
St. Mary Immaculate Church,"801 N. Main Street, Lakeport, CA, 95453",http://www.stmaryslakeport.com/,Diocese of Santa Rosa,,https://srdiocese.org/parishfinder
St. Mary of the Angels Church,"900 South Oak Street, Ukiah, CA, 95482",http://www.stmaryschurchukiah.com/,Diocese of Santa Rosa,,https://srdiocese.org/parishfinder
St. Patrick Mission,"29131 Mattole Rd, Petrolia, CA, 95536",,Diocese of Santa Rosa,,https://srdiocese.org/parishfinder
St. Patrick Mission,"Park & Pershing Sts, Loleta, CA, 95540",,Diocese of Santa Rosa,,https://srdiocese.org/parishfinder
St. Peter Church,"491 S. Franklin St., Cloverdale, CA, 95425",http://www.stpeterscloverdale.org,Diocese of Santa Rosa,,https://srdiocese.org/parishfinder
St. Peter Mission,"4085 Main Street, Kelseyville, CA, 95453",http://www.stmaryslakeport.com/,Diocese of Santa Rosa,,https://srdiocese.org/parishfinder
St. Philip the Apostle Church,"3730 Bohemian Highway, Occidental, CA, 95465",http://www.stphilipstteresa.org/,Diocese of Santa Rosa,,https://srdiocese.org/parishfinder
"St. Robert & St. Anne Mission, (St. Joseph, Crescent City) Klamath","Klamath, CA, 95531",,Diocese of Santa Rosa,,https://srdiocese.org/parishfinder
St. Rose of Lima Church,"398 Tenth Street, Santa Rosa, CA, 95401",http://www.stroseonline.com/,Diocese of Santa Rosa,,https://srdiocese.org/parishfinder
St. Sebastian Church,"7983 Covert Lane, Sebastopol, CA, 95472",http://www.stseb.org/,Diocese of Santa Rosa,,https://srdiocese.org/parishfinder
St. Teresa of Avila Mission,"17120 Bodega Hwy, Bodega, CA, 95465",,Diocese of Santa Rosa,,https://srdiocese.org/parishfinder
St. Thomas Aquinas Church,"2725 Elm Street, Napa, CA, 94558",https://stthomasaquinasnapa.com/,Diocese of Santa Rosa,,https://srdiocese.org/parishfinder
St. Vincent de Paul Church,"35 Liberty Street, Petaluma, CA, 94952",http://www.svdppetaluma.org/,Diocese of Santa Rosa,,https://srdiocese.org/parishfinder
Star of the Valley Church,"545 White Oak Dr., Santa Rosa, CA, 95409",http://www.starofthevalley.org/,Diocese of Santa Rosa,,https://srdiocese.org/parishfinder
Our Lady of the Rosary Parish,"5622 Julie Dr, Panama City, FL, 32404",https://olr.ptdiocese.org,Diocese of Pensacola-Tallahassee,East Central Deanery,https://www.ptdiocese.org/parishfinder
Our Lady Queen of Peace Mission,"18005 Lazy Ln., Fountain, FL, 32438",https://qop.ptdiocese.org/,Diocese of Pensacola-Tallahassee,East Central Deanery,https://www.ptdiocese.org/parishfinder
St. Anne Parish,"3009 Fifth St, Marianna, FL, 32446",http://stannemar.ptdiocese.org,Diocese of Pensacola-Tallahassee,East Central Deanery,https://www.ptdiocese.org/parishfinder
St. Bernadette Parish,"1214 Moylan Rd., Panama City Beach, FL, 32407",http://www.stbernadette.com,Diocese of Pensacola-Tallahassee,East Central Deanery,https://www.ptdiocese.org/parishfinder
St. Dominic Parish,"3308 E 15th St., Panama City, FL, 32405",http://saintdominicpc.com/,Diocese of Pensacola-Tallahassee,East Central Deanery,https://www.ptdiocese.org/parishfinder
St. Francis of Assisi Parish,"16498 SW Gaskin St., Blountstown, FL, 32424",,Diocese of Pensacola-Tallahassee,East Central Deanery,https://www.ptdiocese.org/parishfinder
St. John the Evangelist Parish,"1008 Fortune Ave., Panama City, FL, 32401",http://www.saintjohnpc.com/,Diocese of Pensacola-Tallahassee,East Central Deanery,https://www.ptdiocese.org/parishfinder
St. Joseph Parish,"2001 Monument Ave, Port St Joe, FL, 32456",http://stjosephpsj.com,Diocese of Pensacola-Tallahassee,East Central Deanery,https://www.ptdiocese.org/parishfinder
St. Joseph the Worker Parish,"1664 Main St., Chipley, FL, 32428",https://stjoeworker.ptdiocese.org,Diocese of Pensacola-Tallahassee,East Central Deanery,https://www.ptdiocese.org/parishfinder
St. Patrick Parish,"27 Sixth St., Apalachicola, FL, 32320",http://www.stpatricksmass.com/,Diocese of Pensacola-Tallahassee,East Central Deanery,https://www.ptdiocese.org/parishfinder
St. Theresa Parish,"2071 Sunny Hills Blvd, Sunny Hills, FL, 32428",https://sttheresa.ptdiocese.org/,Diocese of Pensacola-Tallahassee,East Central Deanery,https://www.ptdiocese.org/parishfinder
Sts. Peter and Paul Vietnamese Parish,"1003 N. East Ave., Panama City, FL, 32401",http://sspp.ptdiocese.org,Diocese of Pensacola-Tallahassee,East Central Deanery,https://www.ptdiocese.org/parishfinder
Blessed Sacrament Parish,"624 Miccosukee Rd., Tallahassee, FL, 32308",http://bsctlh.com,Diocese of Pensacola-Tallahassee,Eastern Deanery,https://www.ptdiocese.org/parishfinder
Co-Cathedral of St. Thomas More,"900 W. Tennessee St., Tallahassee, FL, 32304",http://www.cocathedral.com,Diocese of Pensacola-Tallahassee,Eastern Deanery,https://www.ptdiocese.org/parishfinder
Good Shepherd Parish,"4665 Thomasville Rd., Tallahassee, FL, 32309",http://www.goodshepherdparish.org/,Diocese of Pensacola-Tallahassee,Eastern Deanery,https://www.ptdiocese.org/parishfinder
Immaculate Conception Parish,"2750 South Byron Butler Pkwy., Perry, FL, 32348",https://www.immaculateperry.com/,Diocese of Pensacola-Tallahassee,Eastern Deanery,https://www.ptdiocese.org/parishfinder
Sacred Heart of Jesus Parish,"2653 Highway 98 East, Carrabelle, FL, 32323",http://shj.ptdiocese.org,Diocese of Pensacola-Tallahassee,Eastern Deanery,https://www.ptdiocese.org/parishfinder
St. Augustine Yu Korean Mission,"4621 Ramsgate Drive (mailing address), Tallahassee, FL, 32309",,Diocese of Pensacola-Tallahassee,Eastern Deanery,https://www.ptdiocese.org/parishfinder
St. Elizabeth Ann Seton Parish,"3609 Coastal Highway, Crawfordville, FL, 32327",http://www.catholicchurchwakulla.org,Diocese of Pensacola-Tallahassee,Eastern Deanery,https://www.ptdiocese.org/parishfinder
St. Eugene Mission,"701 Robert & Trudie Perkins Way, Tallahassee, FL, 32310",https://steugene.ptdiocese.org/,Diocese of Pensacola-Tallahassee,Eastern Deanery,https://www.ptdiocese.org/parishfinder
St. John Paul II Catholic Chapel,"3720 Capital Circle Southeast, Tallahassee, FL, 32311",https://sjpiichapel.org/,Diocese of Pensacola-Tallahassee,Eastern Deanery,https://www.ptdiocese.org/parishfinder
St. Louis Parish,"3640 Fred George Rd., Tallahassee, FL, 32303",https://www.stlouiscatholicchurch.org,Diocese of Pensacola-Tallahassee,Eastern Deanery,https://www.ptdiocese.org/parishfinder
St. Margaret Parish,"1565 E. Washington St., Monticello, FL, 32344",,Diocese of Pensacola-Tallahassee,Eastern Deanery,https://www.ptdiocese.org/parishfinder
St. Thomas the Apostle Parish,"27 Shadow St., Quincy, FL, 32353",http://stthomasquincy.com/,Diocese of Pensacola-Tallahassee,Eastern Deanery,https://www.ptdiocese.org/parishfinder
St. Vincent de Paul Parish,"186 NW Sumter St., Madison, FL, 32341",,Diocese of Pensacola-Tallahassee,Eastern Deanery,https://www.ptdiocese.org/parishfinder
Msgr. James Amos Pastoral Center,"11 North B St., Pensacola, FL, 32502",http://www.ptdiocese.org,Diocese of Pensacola-Tallahassee,Pastoral Center,https://www.ptdiocese.org/parishfinder
Blessed Trinity Parish,"2331 Highway 177A, Bonifay, FL, 32425",http://blessedtrinity.ptdiocese.org/,Diocese of Pensacola-Tallahassee,West Central Deanery,https://www.ptdiocese.org/parishfinder
Christ Our Redeemer Parish,"1028 White Point Dr., Niceville, FL, 32578",http://corcatholic.org/,Diocese of Pensacola-Tallahassee,West Central Deanery,https://www.ptdiocese.org/parishfinder
Christ the King Parish,"15524 331 Business, Freeport, FL, 32439",http://ctk.ptdiocese.org,Diocese of Pensacola-Tallahassee,West Central Deanery,https://www.ptdiocese.org/parishfinder
Corpus Christi Parish,"307 Beach Dr., Destin, FL, 32541",https://ccdestin.com/,Diocese of Pensacola-Tallahassee,West Central Deanery,https://www.ptdiocese.org/parishfinder
Holy Name of Jesus Parish,"1200 Valparaiso Blvd., Niceville, FL, 32578",http://www.holynamechurch.org/,Diocese of Pensacola-Tallahassee,West Central Deanery,https://www.ptdiocese.org/parishfinder
Our Lady of Victory Parish,"550 Adams Dr., Crestview, FL, 32536",https://olvnow.com/,Diocese of Pensacola-Tallahassee,West Central Deanery,https://www.ptdiocese.org/parishfinder
Resurrection Parish,"259 Miramar Beach Dr., Miramar Beach, FL, 32550",http://resurrectionbythebeach.org/,Diocese of Pensacola-Tallahassee,West Central Deanery,https://www.ptdiocese.org/parishfinder
St. Margaret of Scotland Parish,"247 US Highway 331 N, DeFuniak Springs, FL, 32435",https://stmargaret.ptdiocese.org/,Diocese of Pensacola-Tallahassee,West Central Deanery,https://www.ptdiocese.org/parishfinder
St. Mary Parish,"110 St. Mary Ave. SW, Fort Walton Beach, FL, 32548",https://www.saintmary.life/,Diocese of Pensacola-Tallahassee,West Central Deanery,https://www.ptdiocese.org/parishfinder
St. Peter Parish,"100 Francis St., Mary Esther, FL, 32569",http://www.stpeter.ptdiocese.org/,Diocese of Pensacola-Tallahassee,West Central Deanery,https://www.ptdiocese.org/parishfinder
St. Rita Parish,"22 Saint Rita Lane, Santa Rosa Beach, FL, 32459",http://www.saintritaparish.org/,Diocese of Pensacola-Tallahassee,West Central Deanery,https://www.ptdiocese.org/parishfinder
Basilica of St. Michael the Archangel,"21 North Palafox St, Pensacola, FL, 32502",https://stmichaelbasilica.com/,Diocese of Pensacola-Tallahassee,Western Deanery,https://www.ptdiocese.org/parishfinder
Cathedral of the Sacred Heart,"1212 E. Moreno St., Pensacola, FL, 32503",http://www.shc.ptdiocese.org/,Diocese of Pensacola-Tallahassee,Western Deanery,https://www.ptdiocese.org/parishfinder
Holy Spirit Parish,"10650 Gulf Beach Hwy., Pensacola, FL, 32507",http://www.holyspiritperdido.com,Diocese of Pensacola-Tallahassee,Western Deanery,https://www.ptdiocese.org/parishfinder
Little Flower Parish,"6495 Lillian Hwy., Pensacola, FL, 32506",https://www.ptlittleflower.org,Diocese of Pensacola-Tallahassee,Western Deanery,https://www.ptdiocese.org/parishfinder
Nativity of Our Lord Parish,"9945 Hillview Rd., Pensacola, FL, 32514",http://www.nativityofourlordcc.org/,Diocese of Pensacola-Tallahassee,Western Deanery,https://www.ptdiocese.org/parishfinder
Our Lady of the Assumption Mission,"920 Via de Luna Dr., Pensacola Beach, FL, 32561",https://www.stanngulfbreeze.org/,Diocese of Pensacola-Tallahassee,Western Deanery,https://www.ptdiocese.org/parishfinder
Our Lady Queen of Martyrs Parish,"3295 Barrancas Ave., Pensacola, FL, 32507",https://cttdpcola.org/index.html,Diocese of Pensacola-Tallahassee,Western Deanery,https://www.ptdiocese.org/parishfinder
St. Ann Parish,"100 Daniel Dr., Gulf Breeze, FL, 32561",https://www.stanngulfbreeze.org/,Diocese of Pensacola-Tallahassee,Western Deanery,https://www.ptdiocese.org/parishfinder
St. Anne Parish,"5200 Saufley Field Rd., Pensacola, FL, 32526",http://www.saintannebellview.org/,Diocese of Pensacola-Tallahassee,,https://www.ptdiocese.org/parishfinder
St. Anthony of Padua Parish,"1804 N. Davis Ave., Pensacola, FL, 32503",http://StAnthony.ptdiocese.org,Diocese of Pensacola-Tallahassee,,https://www.ptdiocese.org/parishfinder
St. Elizabeth of Hungary Mission,"3015 St. Elizabeth Street, Molino, FL, 32577",http://StElizabeth.ptdiocese.org,Diocese of Pensacola-Tallahassee,,https://www.ptdiocese.org/parishfinder
St. John the Evangelist Parish,"303 S Navy Blvd., Pensacola, FL, 32507",http://www.stjohnpensacola.com/,Diocese of Pensacola-Tallahassee,,https://www.ptdiocese.org/parishfinder
St. Joseph Parish,"140 West Government St., Pensacola, FL, 32502",https://stjoseph.ptdiocese.org/,Diocese of Pensacola-Tallahassee,,https://www.ptdiocese.org/parishfinder
St. Jude Thaddeus Parish,"303 Rocky Ave., Cantonment, FL, 32533",http://StJude.ptdiocese.org,Diocese of Pensacola-Tallahassee,,https://www.ptdiocese.org/parishfinder
St. Mary Parish,"401 Van Pelt Ln., Pensacola, FL, 32505",http://stmarypensacola.org/,Diocese of Pensacola-Tallahassee,,https://www.ptdiocese.org/parishfinder
St. Paul Parish,"3131 Hyde Park Rd., Pensacola, FL, 32503",http://www.stpaulcatholic.net/,Diocese of Pensacola-Tallahassee,,https://www.ptdiocese.org/parishfinder
St. Rose of Lima Parish,"6451 Park Ave., Milton, FL, 32570",http://www.srolparish.org,Diocese of Pensacola-Tallahassee,,https://www.ptdiocese.org/parishfinder
St. Stephen Parish,"900 W Garden St., Pensacola, FL, 32502",https://latinmasspensacola.org/,Diocese of Pensacola-Tallahassee,,https://www.ptdiocese.org/parishfinder
St. Sylvester Parish,"6464 Gulf Breeze Pkwy., Gulf Breeze, FL, 32563",http://www.stsylv.org,Diocese of Pensacola-Tallahassee,,https://www.ptdiocese.org/parishfinder
St. Thomas More Parish,"3295 Barrancas Avenue, Pensacola, FL, 32507",http://stthomasmore.ptdiocese.org/,Diocese of Pensacola-Tallahassee,,https://www.ptdiocese.org/parishfinder
All Saints Parish (St. John the Baptist Campus),"25743 State Road 1 , Guilford, IN, 47012",https://allsaintscatholic.net/,Archdiocese of Indianapolis,,https://www.archindy.org/parishfinder
All Saints Parish (St. Joseph Campus),"7536 Church Ln. , West Harrison, IN, 47060",https://allsaintscatholic.net/,Archdiocese of Indianapolis,,https://www.archindy.org/parishfinder
All Saints Parish (St. Martin Campus),"8044 Yorkridge Road , Guilford, IN, 47022",http://allsaintscatholic.net,Archdiocese of Indianapolis,,https://www.archindy.org/parishfinder
All Saints Parish (St. Paul Campus),"9788 N Dearborn Road, Guilford, In, 47022",,Archdiocese of Indianapolis,,https://www.archindy.org/parishfinder
American Martyrs (Church of the) Parish,"270 S. Bond St. , Scottsburg, IN, 47170-2009",http://amartyrs.org/,Archdiocese of Indianapolis,,https://www.archindy.org/parishfinder
Annunciation Parish,"19 N. Alabama St., Brazil, IN, 47834",http://annunciationbrazil.org,Archdiocese of Indianapolis,,https://www.archindy.org/parishfinder
Christ the King Parish,"1827 Kessler Blvd., E. Dr., Indianapolis, IN, 46220",https://www.ctk-indy.org/,Archdiocese of Indianapolis,,https://www.archindy.org/parishfinder
Good Shepherd Parish,"2905 S. Carson Ave., Indianapolis, IN, 46203",https://goodshepherdindy.org/,Archdiocese of Indianapolis,,https://www.archindy.org/parishfinder
Holy Angels (Church of the) Parish,"740 W. 28th Street, Indianapolis, IN, 46208-5099",https://holyangelsindy.org/,Archdiocese of Indianapolis,,https://www.archindy.org/parishfinder
Holy Cross Parish,"11056-11098 IN-62, St Croix, IN 47576, St. Croix, IN, 47576",https://www.facebook.com/holycross.saintcroix/,Archdiocese of Indianapolis,,https://www.archindy.org/parishfinder
Holy Family Parish,"3027 Pearl St., Oldenburg, IN, 47036",https://holyfamilyoldenburg.com/,Archdiocese of Indianapolis,,https://www.archindy.org/parishfinder
Holy Family Parish,"129 W. Daisy Ln., New Albany, IN, 47150",https://www.holyfamilynewalbany.org/,Archdiocese of Indianapolis,,https://www.archindy.org/parishfinder
"Holy Name (of Jesus, Church of the Most) Parish","89 N. 17th Ave., Beech Grove, IN, 46107",https://www.holyname.cc/,Archdiocese of Indianapolis,,https://www.archindy.org/parishfinder
Holy Rosary (Our Lady of the Most) Parish,"520 Stevens St., Indianapolis, IN , 46203",https://www.holyrosaryindy.org/,Archdiocese of Indianapolis,,https://www.archindy.org/parishfinder
Holy Spirit Parish,"7243 E. 10th St., Indianapolis, IN, 46219",http://www.holyspirit-indy.org/,Archdiocese of Indianapolis,,https://www.archindy.org/parishfinder
Holy Trinity Parish,"100 Keeley St., Edinburgh, IN, 46124",https://holytrinitycatholic.life,Archdiocese of Indianapolis,,https://www.archindy.org/parishfinder
Immaculate Conception Parish,"2081 E. County Rd. 820 S., Greensburg, IN, 47240-9636",https://millhousenchurch.com/,Archdiocese of Indianapolis,,https://www.archindy.org/parishfinder
Immaculate Heart of Mary Parish,"5692 Central Avenue , Indianapolis, IN, 46220",http://www.ihmindy.org/,Archdiocese of Indianapolis,,https://www.archindy.org/parishfinder
Mary Queen of Peace Parish,"1005 W. Main St. , Danville, IN, 46122",https://www.mqpdanville.org/,Archdiocese of Indianapolis,,https://www.archindy.org/parishfinder
Most Sorrowful Mother of God Parish,"Ferry St., Vevay, IN, 47043",https://www.popeace.org,Archdiocese of Indianapolis,,https://www.archindy.org/parishfinder
Nativity (of Our Lord Jesus Christ) Parish,"7225 Southeastern Ave.,  Indianapolis, IN, 46239",http://www.nativityindy.org/,Archdiocese of Indianapolis,,https://www.archindy.org/parishfinder
Our Lady of Lourdes Parish,"5333 E. Washington St. , Indianapolis, IN, 46219",https://www.ollindy.org/,Archdiocese of Indianapolis,,https://www.archindy.org/parishfinder
Our Lady of Perpetual Help Parish,"1752 Scheller Ln. , New Albany, IN, 47150",http://www.olphna.org/,Archdiocese of Indianapolis,,https://www.archindy.org/parishfinder
Our Lady of the Greenwood Parish,"335 S. Meridian St., Greenwood, IN, 46143",http://www.olgreenwood.org/,Archdiocese of Indianapolis,,https://www.archindy.org/parishfinder
Our Lady of the Springs Parish,"8796 W. State Road 56 , French Lick,, IN, 47454",https://occ-indy.org/,Archdiocese of Indianapolis,,https://www.archindy.org/parishfinder
Our Lord Jesus Christ the King Parish,"833 S. Triangle Road, Paoli, IN, 47454",https://www.occ-indy.org,Archdiocese of Indianapolis,,https://www.archindy.org/parishfinder
Prince of Peace Parish,"413 E. Second St., Madison, IN, 47250",http://www.popeace.org/,Archdiocese of Indianapolis,,https://www.archindy.org/parishfinder
Sacred Heart of Jesus Parish,"2322 N. 13 ½ St. , Terre Haute,, IN, 47804",https://www.sacredheart-stmarysvillage.org/,Archdiocese of Indianapolis,,https://www.archindy.org/parishfinder
Sacred Heart of Jesus Parish,"1840 E. Eighth St. , Jeffersonville, IN, 47130",https://www.jeffersonvillecatholic.org/,Archdiocese of Indianapolis,,https://www.archindy.org/parishfinder
Sacred Heart of Jesus Parish,"1530 Union St. , Indianapolis, IN, 46225-1672",https://www.sacredheartindy.com/,Archdiocese of Indianapolis,,https://www.archindy.org/parishfinder
Sacred Heart Parish,"610 S. 6th St., Clinton, IN, 47842",https://parkevermillioncatholicchurches.org,Archdiocese of Indianapolis,,https://www.archindy.org/parishfinder
St. Agnes Parish,"1008 McLary Road , Nashville, IN, 47448",https://www.stagnescatholicnashville.org/,Archdiocese of Indianapolis,,https://www.archindy.org/parishfinder
St. Ambrose Parish,"325 S. Chestnut St. , Seymour, IN, 47274",https://www.stambroseseymour.org/,Archdiocese of Indianapolis,,https://www.archindy.org/parishfinder
St. Andrew the Apostle Parish,"4052 E. 38th St. , Indianapolis, IN, 46218-1444",https://www.standrewindy.org/,Archdiocese of Indianapolis,,https://www.archindy.org/parishfinder
St. Ann Parish,"6350 S. Mooresville Road, Indianapolis, IN, 46221-4519",http://www.st-ann-rcindy.org/,Archdiocese of Indianapolis,,https://www.archindy.org/parishfinder
St. Anne Parish,"4570 N. County Road 150 East, North Vernon, IN, 47265",,Archdiocese of Indianapolis,,https://www.archindy.org/parishfinder
St. Anne Parish,"102 N. 19th St. , New Castle, IN, 47362",https://www.sa-se.org/,Archdiocese of Indianapolis,,https://www.archindy.org/parishfinder
St. Anthony of Padua Parish,"4773 E. Morris Church St., Morris, IN, 47033",https://www.stanthonymorris.org/,Archdiocese of Indianapolis,,https://www.archindy.org/parishfinder
St. Anthony of Padua Parish,"316 N. Sherwood Ave.,  Clarksville, IN, 47129",https://www.stanthony-clarksville.org/,Archdiocese of Indianapolis,,https://www.archindy.org/parishfinder
St. Anthony Parish,"379 N. Warman Ave. , Indianapolis, IN, 46222",https://www.saintanthonyindy.org/,Archdiocese of Indianapolis,,https://www.archindy.org/parishfinder
St. Augustine Parish,"18020 Lafayette St. , Leopold, IN,  47551",https://www.facebook.com/p/St-Augustine-Catholic-Church-100067775066147/,Archdiocese of Indianapolis,,https://www.archindy.org/parishfinder
St. Augustine Parish,"315 E. Chestnut St., Jeffersonville, IN, 47131-0447",https://www.jeffersonvillecatholic.org/,Archdiocese of Indianapolis,,https://www.archindy.org/parishfinder
St. Barnabas Parish,"8300 Rahke Road , Indianapolis, IN, 46217",https://www.stbindy.org/,Archdiocese of Indianapolis,,https://www.archindy.org/parishfinder
St. Bartholomew Parish,"1306 27th St. , Columbus, IN, 47201",https://www.saintbartholomew.org/,Archdiocese of Indianapolis,,https://www.archindy.org/parishfinder
St. Benedict Parish,"111 S. Ninth St. , Terre Haute, IN, 47807",https://www.stbenedictth.org/,Archdiocese of Indianapolis,,https://www.archindy.org/parishfinder
St. Bernard Parish,"7500 IN-337, Frenchtown, IN, 47115",https://www.saintmichaelschurch.net/,Archdiocese of Indianapolis,,https://www.archindy.org/parishfinder
St. Boniface Parish,"15519 N. State Road 545, Fulda, IN, 47577",https://www.sbcatholic.church/,Archdiocese of Indianapolis,,https://www.archindy.org/parishfinder
St. Bridget of Ireland Parish,"404 E. Vine St., Liberty, IN, 47353",https://stgandb.org/,Archdiocese of Indianapolis,,https://www.archindy.org/parishfinder
St. Catherine of Siena Parish (St. John the Evangelist Campus),"9995 E. Base Road , Greensburg, IN, 47240",https://stcatherinegreensburg.com/,Archdiocese of Indianapolis,,https://www.archindy.org/parishfinder
St. Catherine of Siena Parish (St. Maurice Campus),"8874 Harrison St., Napoleon, IN, 47034",https://www.stmauricechurch.org/index.html,Archdiocese of Indianapolis,,https://www.archindy.org/parishfinder
St. Charles Borromeo Parish,"213 Ripley St., Milan, IN, 47031",https://stcharlesmilan.org/,Archdiocese of Indianapolis,,https://www.archindy.org/parishfinder
St. Charles Borromeo Parish,"2222 E. Third St., Bloomington, IN, 47401",https://parish.stcharlesbloomington.org/,Archdiocese of Indianapolis,,https://www.archindy.org/parishfinder
St. Christopher Parish,"5301 W. 16th St., Indianapolis, IN, 46224",https://www.stchrisindy.org/,Archdiocese of Indianapolis,,https://www.archindy.org/parishfinder
St. Elizabeth Ann Seton Parish (Holy Family Campus),"815 W. Main St.., Richmond, IN, 47374",https://www.setoncatholics.org/,Archdiocese of Indianapolis,,https://www.archindy.org/parishfinder
St. Elizabeth Ann Seton Parish (St. Andrew Campus),"235 S. 5th St. , Richmond, IN, 47374",https://www.setoncatholics.org/,Archdiocese of Indianapolis,,https://www.archindy.org/parishfinder
St. Elizabeth Ann Seton Parish (St. Mary Campus),"720 N. “A” St., Richmond, IN, 47374",https://www.setoncatholics.org/,Archdiocese of Indianapolis,,https://www.archindy.org/parishfinder
St. Elizabeth of Hungary Parish,"333 W. Maple St., Cambridge City,, IN, 47237",https://www.sa-se.org/,Archdiocese of Indianapolis,,https://www.archindy.org/parishfinder
St. Francis & Clare Parish,"5901 Olive Branch Road, Greenwood, IN, 46143",https://www.ss-fc.org/,Archdiocese of Indianapolis,,https://www.archindy.org/parishfinder
St. Francis Xavier Parish,"101 N. Ferguson, Henryville, IN, 47126",http://www.stfrancisxavierhenryville.org/,Archdiocese of Indianapolis,,https://www.archindy.org/parishfinder
St. Gabriel Parish,"232 W. Ninth St. , Connersville,, IN, 47331-2099",https://stgandb.org/,Archdiocese of Indianapolis,,https://www.archindy.org/parishfinder
St. Gabriel the Archangel Parish,"6000 W. 34th St., Indianapolis, IN, 46224",https://stgabrielindy.org/,Archdiocese of Indianapolis,,https://www.archindy.org/parishfinder
St. Isidore the Farmer Parish,"6501 St. Isidore Road , Bristow, IN,  47515-9508",https://www.facebook.com/p/St-Isidore-Catholic-Church-Bristow-in-100081487843209/,Archdiocese of Indianapolis,,https://www.archindy.org/parishfinder
St. Joan of Arc Parish,"4217 Central Ave. , Indianapolis, IN, 46205",http://www.sjoa.org/,Archdiocese of Indianapolis,,https://www.archindy.org/parishfinder
St. John Paul II Parish,"2253 West St. Joe Road, Sellersburg, IN, 47172-1241",http://www.stjohnpaulparish.org/,Archdiocese of Indianapolis,,https://www.archindy.org/parishfinder
St. John the Apostle Parish,"4607 W. State Road 46 , Bloomington, IN, 47404-9255",http://www.sjabloomington.org/,Archdiocese of Indianapolis,,https://www.archindy.org/parishfinder
St. John the Baptist Parish,"8310 St. John Road, Floyds Knobs, IN, 47119",https://smn-sjs.org/,Archdiocese of Indianapolis,,https://www.archindy.org/parishfinder
St. John the Baptist Parish,"331 S. Buckeye St. , Osgood, IN, 47037",http://www.stjohncatholicchurchosgood.com/,Archdiocese of Indianapolis,,https://www.archindy.org/parishfinder
St. John the Evangelist Parish,"126 W. Georgia St. , Indianapolis, IN, 46225-1004",https://www.stjohnsindy.org/,Archdiocese of Indianapolis,,https://www.archindy.org/parishfinder
St. Joseph Parish,"201 E. Ohio Street, Rockville, IN, 47872",https://stjosephrockville.com/,Archdiocese of Indianapolis,,https://www.archindy.org/parishfinder
St. Joseph Parish,"2008 S. Mickley Ave. , Indianapolis, IN, 46241",https://www.stjosephindy.org/,Archdiocese of Indianapolis,,https://www.archindy.org/parishfinder
St. Joseph Parish,"341 State Road 66, Marengo, IN, 47140",https://www.saintmichaelschurch.net/,Archdiocese of Indianapolis,,https://www.archindy.org/parishfinder
St. Joseph Parish,"312 E. High St. , Corydon, IN, 47112",https://www.catholic-community.org/,Archdiocese of Indianapolis,,https://www.archindy.org/parishfinder
St. Joseph Parish,"125 E. Broadway , Shelbyville, IN, 46176",https://shelbycatholic.org/,Archdiocese of Indianapolis,,https://www.archindy.org/parishfinder
St. Joseph Parish,"1875 S. County Road 700 W. , North Vernon, IN, 47265",https://www.ccjc3.org/,Archdiocese of Indianapolis,,https://www.archindy.org/parishfinder
St. Joseph University Parish,"113 S. Fifth St., Terre Haute, IN, 47807",http://www.stjoeup.org/,Archdiocese of Indianapolis,,https://www.archindy.org/parishfinder
St. Jude Parish,"5353 McFarland Road , Indianapolis, IN, 46227",https://www.stjudeindy.org/,Archdiocese of Indianapolis,,https://www.archindy.org/parishfinder
St. Jude the Apostle Parish,"300 W. Hillside Ave., Spencer, IN, 47460",https://www.sjabloomington.org/,Archdiocese of Indianapolis,,https://www.archindy.org/parishfinder
St. Lawrence Parish,"542 Walnut St. , Lawrenceburg, IN, 47205",https://www.stlawrencecc.org/,Archdiocese of Indianapolis,,https://www.archindy.org/parishfinder
St. Lawrence Parish,"6944 E. 46th St. , Indianapolis, IN, 46226-3704",https://www.saintlawrence.net/,Archdiocese of Indianapolis,,https://www.archindy.org/parishfinder
St. Louis Parish,"13 St. Louis Place , Batesville, IN, 47006",https://www.stlouis-batesville.org/,Archdiocese of Indianapolis,,https://www.archindy.org/parishfinder
St. Luke the Evangelist Parish,"7575 Holliday Dr., E., Indianapolis, IN, 46260-3697",https://www.stluke.org/,Archdiocese of Indianapolis,,https://www.archindy.org/parishfinder
St. Malachy Parish,"9833 East County Road 750 North, Brownsburg, IN, 46112",https://stmalachy.org/,Archdiocese of Indianapolis,,https://www.archindy.org/parishfinder
St. Margaret Mary Parish,"2405 S. Seventh St. , Terre Haute, IN, 47802",https://www.smmth.org/,Archdiocese of Indianapolis,,https://www.archindy.org/parishfinder
St. Mark Parish,"5377 Acorn Road. , Tell City, IN, 47586",https://www.thequadparishes.org/,Archdiocese of Indianapolis,,https://www.archindy.org/parishfinder
St. Mark the Evangelist Parish,"535 E. Edgewood Ave. , Indianapolis, IN, 46227",https://www.stmarkindy.org/,Archdiocese of Indianapolis,,https://www.archindy.org/parishfinder
St. Martin of Tours Parish,"1709 E. Harrison St. , Martinsville, IN, 46151",https://www.stmtours.org/,Archdiocese of Indianapolis,,https://www.archindy.org/parishfinder
St. Mary (Immaculate Conception) Parish,"512 N. Perkins St., Rushville, IN, 46173",https://www.stmaryrush.org/,Archdiocese of Indianapolis,,https://www.archindy.org/parishfinder
St. Mary of the Annunciation Parish,"7500 Navilleton Road , Floyds Knobs, IN, 47119",https://smn-sjs.org/,Archdiocese of Indianapolis,,https://www.archindy.org/parishfinder
St. Mary of the Immaculate Conception Parish,"203 Fourth St. , Aurora, IN, 47001",https://www.stmaryscc.org/,Archdiocese of Indianapolis,,https://www.archindy.org/parishfinder
St. Mary Parish,"777 S. 11th St., Mitchell, IN, 47446-1643",https://www.yourcclc.org/,Archdiocese of Indianapolis,,https://www.archindy.org/parishfinder
St. Mary Parish,"212 Washington St. , North Vernon, IN, 47265",https://www.ccjc3.org/,Archdiocese of Indianapolis,,https://www.archindy.org/parishfinder
St. Mary Parish,"415 E. Eighth St., New Albany, IN, 47150",http://www.stmarysna.org/,Archdiocese of Indianapolis,,https://www.archindy.org/parishfinder
St. Mary Parish,"2500 St. Mary’s Dr., Lanesville, IN, 47136",https://catholic-community.org/,Archdiocese of Indianapolis,,https://www.archindy.org/parishfinder
St. Mary Parish,"317 N. New Jersey St., Indianapolis, IN, 46204-2174",https://saintmarysindy.org/,Archdiocese of Indianapolis,,https://www.archindy.org/parishfinder
St. Mary Parish,"1331 E. Hunter Robbins Way, Greensburg, IN, 47240-2197",https://church.stmarysgreensburg.com/,Archdiocese of Indianapolis,,https://www.archindy.org/parishfinder
St. Mary-of-the-Knobs Parish,"5719 Saint Marys Road, Floyds Knobs, IN, 47119-9142",https://www.yoursmk.org/,Archdiocese of Indianapolis,,https://www.archindy.org/parishfinder
St. Mary-of-the-Woods Parish,"3825 North Arms Place , St. Mary-of-the Woods, IN, 47876",https://www.sacredheart-stmarysvillage.org,Archdiocese of Indianapolis,,https://www.archindy.org/parishfinder
St. Matthew the Apostle Parish,"4100 E. 56th St. , Indianapolis, IN, 46220",https://www.saintmatt.org/,Archdiocese of Indianapolis,,https://www.archindy.org/parishfinder
St. Maurice Parish,"8874 Harrison St., Napoleon, IN, 47034",https://www.stmauricechurch.org/index.html,Archdiocese of Indianapolis,,https://www.archindy.org/parishfinder
St. Meinrad Parish,"19570 N. 4th St., St. Meinrad, IN, 47577",https://www.sbcatholic.church/,Archdiocese of Indianapolis,,https://www.archindy.org/parishfinder
St. Michael Church,"N. 8th St. & Washington St., Cannelton, IN, 47520",https://www.thequadparishes.org/,Archdiocese of Indianapolis,,https://www.archindy.org/parishfinder
St. Michael Parish,"145 St. Michael Blvd., Brookville, IN, 47012",https://www.brookvilleparishes.com/,Archdiocese of Indianapolis,,https://www.archindy.org/parishfinder
St. Michael Parish,"519 Jefferson Blvd., Greenfield, IN, 46140",https://www.stmichaelsgrfld.org/,Archdiocese of Indianapolis,,https://www.archindy.org/parishfinder
St. Michael Parish,"11400 Farmers Lane, NE, Greenville, IN, 47124",https://www.saintmichaelschurch.net/,Archdiocese of Indianapolis,,https://www.archindy.org/parishfinder
St. Michael Parish,"101 St. Michael Dr., Charlestown, IN, 47111",https://stmichaelcharlestown.org/,Archdiocese of Indianapolis,,https://www.archindy.org/parishfinder
St. Michael the Archangel Parish,"3354 W. 30th St., Indianapolis, IN,  46222",https://saintmichaelindy.org/,Archdiocese of Indianapolis,,https://www.archindy.org/parishfinder
St. Monica Parish,"6131 N. Michigan Road, Indianapolis, IN, 46228",https://www.stmonicaindy.org/,Archdiocese of Indianapolis,,https://www.archindy.org/parishfinder
St. Nicholas Parish,"6461 E. St. Nicholas Dr., Sunman, IN, 47041",https://www.stnicholas-sunman.org/,Archdiocese of Indianapolis,,https://www.archindy.org/parishfinder
St. Patrick Parish,"950 Prospect St.,  Indianapolis, IN, 46203",https://www.stpatrickindy.com/,Archdiocese of Indianapolis,,https://www.archindy.org/parishfinder
St. Patrick Parish,"208 S. Shelby St., Salem, IN, 47167",http://amartyrs.org/,Archdiocese of Indianapolis,,https://www.archindy.org/parishfinder
St. Patrick Parish,"1807 Poplar St., Terre Haute, In, 47803",https://www.saintpat.org/,Archdiocese of Indianapolis,,https://www.archindy.org/parishfinder
St. Paul Catholic Center,"1413 E. 17th St., Bloomington, IN, 47408-1602",http://www.hoosiercatholic.org/,Archdiocese of Indianapolis,,https://www.archindy.org/parishfinder
St. Paul Parish,"814 Jefferson Street, Tell City, IN, 47586",https://www.thequadparishes.org/,Archdiocese of Indianapolis,,https://www.archindy.org/parishfinder
St. Paul the Apostle Parish,"202 E. Washington St., Greencastle, IN, 46135",https://stpaul-greencastle.com/,Archdiocese of Indianapolis,,https://www.archindy.org/parishfinder
St. Peter,"1207 East Road, Brookville, IN, 47012",https://www.brookvilleparishes.com/,Archdiocese of Indianapolis,,https://www.archindy.org/parishfinder
St. Peter & Paul Cathedral,"1347 N. Meridian St., Indianapolis, In,  46202",http://www.ssppc.org/,Archdiocese of Indianapolis,,https://www.archindy.org/parishfinder
St. Philip Neri Parish,"550 N. Rural St.,  Indianapolis, IN, 46201",https://www.spnindy.org/,Archdiocese of Indianapolis,,https://www.archindy.org/parishfinder
St. Philomena & Cecilia Oratory,"16194 St. Mary’s Road, Brookville, IN, 47012",https://www.latinmassbrookville.com/,Archdiocese of Indianapolis,,https://www.archindy.org/parishfinder
St. Pius V Parish,"330 Franklin St, Tell City, IN, 47586",https://www.thequadparishes.org/,Archdiocese of Indianapolis,,https://www.archindy.org/parishfinder
St. Pius X Parish,"7200 Sarto Dr., Indianapolis, IN, 46240",https://www.spxparish.org/,Archdiocese of Indianapolis,,https://www.archindy.org/parishfinder
St. Rita Parish,"1733 Dr. Andrew J. Brown Ave, Indianapolis, IN, 46202-1998",https://www.stritaindy.org/,Archdiocese of Indianapolis,,https://www.archindy.org/parishfinder
St. Roch Parish,"3600 S. Pennsylvania St., Indianapolis, IN, 46227",https://www.strochindy.org/,Archdiocese of Indianapolis,,https://www.archindy.org/parishfinder
St. Rose of Lima Parish,"114 Lancelot Dr., Franklin, IN, 46131",https://saintrose.net/,Archdiocese of Indianapolis,,https://www.archindy.org/parishfinder
St. Simon the Apostle Parish,"8155 Oaklandon Road, Indianapolis, IN, 46236-8578",https://www.saintsimon.org/,Archdiocese of Indianapolis,,https://www.archindy.org/parishfinder
St. Susanna Parish,"1210 E. Main St., Plainfield, IN, 46168",https://www.saintsusannachurch.com/,Archdiocese of Indianapolis,,https://www.archindy.org/parishfinder
St. Teresa Benedicta of the Cross Parish,"23455 Gavin Lane, Lawrenceburg, IN,  47025",https://www.stteresacc.org/,Archdiocese of Indianapolis,,https://www.archindy.org/parishfinder
St. Therese of the Infant Jesus (Little Flower) Parish,"4720 E. 13th St., Indianapolis, IN, 46201",https://www.littleflowerparish.org/,Archdiocese of Indianapolis,,https://www.archindy.org/parishfinder
St. Thomas Aquinas Parish,"4625 N. Kenwood Ave., Indianapolis, IN, 46208",https://www.staindy.org/church/,Archdiocese of Indianapolis,,https://www.archindy.org/parishfinder
St. Thomas More Parish,"1200 N. Indiana St. , Mooresville, IN, 46158",https://www.stm-church.org/,Archdiocese of Indianapolis,,https://www.archindy.org/parishfinder
St. Thomas the Apostle Parish,"523 S. Merrill St., Fortville, IN, 46040",https://stthomasfortville.com/,Archdiocese of Indianapolis,,https://www.archindy.org/parishfinder
St. Vincent de Paul Parish,"1723 “I” St., Bedford, IN, 47421",https://www.yourcclc.org/,Archdiocese of Indianapolis,,https://www.archindy.org/parishfinder
St. Vincent de Paul Parish,"4218 E. Michigan Road, Shelbyville, IN, 46176",https://shelbycatholic.org/,Archdiocese of Indianapolis,,https://www.archindy.org/parishfinder
All Saints Catholic Church,"112 E Market St, Logansport, Logansport, IN, 46947-3428",https://allsaintslogansport.org/,Diocese of Lafayette in Indiana,Sunday Mass Schedule,https://www.dol-in.org/parishfinder
Cathedral of St. Mary of the Immaculate Conception,"1207 Columbia St., Lafayette, Indiana, 47901",https://smcsaclafayette.org/,Diocese of Lafayette in Indiana,Sunday Mass Schedule,https://www.dol-in.org/parishfinder
Church of the Blessed Sacrament,"2224 Sacramento Dr, West Lafayette, IN, 47906",https://blessedsacramentwl.org/,Diocese of Lafayette in Indiana,Sunday Mass Schedule,https://www.dol-in.org/parishfinder
Holy Family Church,"325 E North A St, Gas City, IN, 46933-1431",https://stmaryjohn.org/,Diocese of Lafayette in Indiana,Sunday Mass Schedule,https://www.dol-in.org/parishfinder
Holy Spirit Parish at Geist,"10350 Glaser Way, Fishers, IN, 46037-9016",https://hspgeist.org/,Diocese of Lafayette in Indiana,Sunday Mass Schedule,https://www.dol-in.org/parishfinder
Immaculate Conception Church,"506 E Walnut St, Portland, IN, 47371-1599",https://jayandrandolphcatholic.com/,Diocese of Lafayette in Indiana,Sunday Mass Schedule,https://www.dol-in.org/parishfinder
Most Holy Trinity Church,"7321 E. State Road 67, Bryant, IN, 47326",https://jayandrandolphcatholic.com/,Diocese of Lafayette in Indiana,Sunday Mass Schedule,https://www.dol-in.org/parishfinder
Muncie Catholic Pastorate,"Muncie, Indiana",,Diocese of Lafayette in Indiana,Sunday Mass Schedule,https://www.dol-in.org/parishfinder
Our Lady of Grace Church,"9900 E 191st St, Noblesville, IN, 46060-1520",https://ologn.org/,Diocese of Lafayette in Indiana,Sunday Mass Schedule,https://www.dol-in.org/parishfinder
Our Lady of Mount Carmel Catholic Church,"14598 Oakridge Rd, Carmel, IN, 46032-1201",,Diocese of Lafayette in Indiana,Sunday Mass Schedule,https://www.dol-in.org/parishfinder
Our Lady of Mount Carmel Church,"14598 Oakridge Rd, Carmel, IN, 46032-1201",http://www.olmc1.org/,Diocese of Lafayette in Indiana,Sunday Mass Schedule,https://www.dol-in.org/parishfinder
"Pastorate of Holy Family, St. John, St. Mary","P.O. Box 286, IN, 47336-1310",,Diocese of Lafayette in Indiana,Sunday Mass Schedule,https://www.dol-in.org/parishfinder
Sacred Heart of Jesus Catholic Church (Cicero),"410 S. Pearl Street, Cicero, IN, 46034",https://sacredheartcicero.org/,Diocese of Lafayette in Indiana,Sunday Mass Schedule,https://www.dol-in.org/parishfinder
Sacred Heart of Jesus Church (Fowler),"107 E Main St, Fowler, IN, 47944-1148",https://stisidorepastorate.org/sacred-heart,Diocese of Lafayette in Indiana,Sunday Mass Schedule,https://www.dol-in.org/parishfinder
Sacred Heart of Jesus Church (Remington),"124 N New York St, Remington, IN, 47977-8782",,Diocese of Lafayette in Indiana,Sunday Mass Schedule,https://www.dol-in.org/parishfinder
Saint Joan of Arc,"3155S - 200W, Kokomo, IN, 46902",https://saintjoan.org/,Diocese of Lafayette in Indiana,Sunday Mass Schedule,https://www.dol-in.org/parishfinder
Sorrowful Mother Church,"165 S Grace St, Wheatfield, IN, 46392-7396",https://q2e88a.sites.ecatholic.com/,Diocese of Lafayette in Indiana,Sunday Mass Schedule,https://www.dol-in.org/parishfinder
"St. Alphonsus Liguori Catholic Church serving Zionsville and Whitestown, Indiana","1870 W Oak St, Zionsville, IN, 46077-1894",https://zionsvillecatholic.com/,Diocese of Lafayette in Indiana,Sunday Mass Schedule,https://www.dol-in.org/parishfinder
St. Ann Church,"612 Wabash Ave, Lafayette, IN, 47905-1096",https://smcsaclafayette.org/,Diocese of Lafayette in Indiana,Sunday Mass Schedule,https://www.dol-in.org/parishfinder
"St. Anne, Monterey","6894 N Walnut St, Monterey, IN, 46960",http://www.fultonpulaskipastorate.org,Diocese of Lafayette in Indiana,Sunday Mass Schedule,https://www.dol-in.org/parishfinder
St. Augusta Church,"3491 W State Road 10, Lake Village, IN, 46349",https://ly09qa.sites.ecatholic.com/,Diocese of Lafayette in Indiana,Sunday Mass Schedule,https://www.dol-in.org/parishfinder
St. Augustine Church,"318 N McKinley Ave, Rensselaer, IN, 47978-2599",https://stmichaelpastorate.org/,Diocese of Lafayette in Indiana,Sunday Mass Schedule,https://www.dol-in.org/parishfinder
St. Bernard Catholic Church,"1306 E Main St, Crawfordsville, IN, 47933-2001",https://stbernardcville.org/,Diocese of Lafayette in Indiana,Sunday Mass Schedule,https://www.dol-in.org/parishfinder
St. Cecilia Parish,"46310-9269, DeMotte, IN, 46310-9269",https://pqdoxa.sites.ecatholic.com/,Diocese of Lafayette in Indiana,Sunday Mass Schedule,https://www.dol-in.org/parishfinder
St. Charles Borromeo Church,"58 W 5th St, Peru, IN, 46970-2100",https://eqdp1a.sites.ecatholic.com/,Diocese of Lafayette in Indiana,Sunday Mass Schedule,https://www.dol-in.org/parishfinder
St. Charles Church,"109 N Meadow St, Otterbein, IN, 47970-9758",https://stisidorepastorate.org/st-charles,Diocese of Lafayette in Indiana,Sunday Mass Schedule,https://www.dol-in.org/parishfinder
St. Elizabeth Seton Church,"10655 Haverstick Rd, Carmel, IN, 46033-3800",https://setoncarmel.org/,Diocese of Lafayette in Indiana,Sunday Mass Schedule,https://www.dol-in.org/parishfinder
St. Francis of Assisi Church,"1200 W Riverside Ave, Muncie, Indiana, 47303-3692",https://stfrancisnewman.org/,Diocese of Lafayette in Indiana,Sunday Mass Schedule,https://www.dol-in.org/parishfinder
St. Francis Xavier Church,"407 S Perry St, Attica, IN, 47918",https://stjosephcovington.org/,Diocese of Lafayette in Indiana,Sunday Mass Schedule,https://www.dol-in.org/parishfinder
St. John the Baptist Church (Earl Park),"205 S Chestnut St, Earl Park, IN, 47942-8692",http://stisidorepastorate.org/st-john-the-baptist-earl-park,Diocese of Lafayette in Indiana,Sunday Mass Schedule,https://www.dol-in.org/parishfinder
St. John the Baptist Church (Tipton),"335 Mill St., Tipton, IN, 46072",https://www.stsjohnandjoseph.com/,Diocese of Lafayette in Indiana,Sunday Mass Schedule,https://www.dol-in.org/parishfinder
St. John the Evangelist Church,"209 S Spring St., Hartford City, IN, 47348-2551",https://stmaryjohn.org,Diocese of Lafayette in Indiana,Sunday Mass Schedule,https://www.dol-in.org/parishfinder
St. John Vianney Church,"15176 Blessed Mother Blvd, Fishers, IN, 46037-7254",https://sjvfishers.com/,Diocese of Lafayette in Indiana,Sunday Mass Schedule,https://www.dol-in.org/parishfinder
St. Joseph Church (Covington),"308 Pearl St, Covington, IN, 47932-1062",https://stjosephcovington.org/,Diocese of Lafayette in Indiana,Sunday Mass Schedule,https://www.dol-in.org/parishfinder
St. Joseph Church (Delphi),"207 N Washington St, Delphi, IN, 46923-1297",https://holytrinitypastorate.org/,Diocese of Lafayette in Indiana,Sunday Mass Schedule,https://www.dol-in.org/parishfinder
St. Joseph Church (Elwood),"1306 South A St., Elwood, IN, 46036",https://www.stsjohnandjoseph.com/,Diocese of Lafayette in Indiana,Sunday Mass Schedule,https://www.dol-in.org/parishfinder
St. Joseph Church (Kentland),"409 E Allen St, Kentland, IN, 47951-1322",https://stisidorepastorate.org/st-joseph-kentland,Diocese of Lafayette in Indiana,Sunday Mass Schedule,https://www.dol-in.org/parishfinder
St. Joseph Church (Lebanon),"319 E South St, Lebanon, IN, 46052-2684",https://stjoeleb.org/,Diocese of Lafayette in Indiana,Sunday Mass Schedule,https://www.dol-in.org/parishfinder
St. Joseph Church (Pulaski),"5895 S State Road 119, Star City, IN, 46985-8826",http://www.fultonpulaskipastorate.org/,Diocese of Lafayette in Indiana,Sunday Mass Schedule,https://www.dol-in.org/parishfinder
St. Joseph Church (Reynolds),"601 S Kenton St, Reynolds, IN, 47980-8098",https://holytrinitypastorate.org/,Diocese of Lafayette in Indiana,Sunday Mass Schedule,https://www.dol-in.org/parishfinder
St. Joseph Church (Winchester),"514 W Washington St, Winchester, IN, 47394",https://jayandrandolphcatholic.com/,Diocese of Lafayette in Indiana,Sunday Mass Schedule,https://www.dol-in.org/parishfinder
St. Joseph Parish (Rochester),"1310 Main St, Rochester, IN, 46975",https://fultonpulaskipastorate.org/,Diocese of Lafayette in Indiana,Sunday Mass Schedule,https://www.dol-in.org/parishfinder
St. Lawrence Church (Lafayette),"1916 Meharry St, Lafayette, IN, 47904-1497",https://stbstlpastorate.org/,Diocese of Lafayette in Indiana,Sunday Mass Schedule,https://www.dol-in.org/parishfinder
St. Lawrence Church (Muncie),"820 E Charles St, Muncie, IN, 47305-2699",https://stlawrencemuncie.com/,Diocese of Lafayette in Indiana,Sunday Mass Schedule,https://www.dol-in.org/parishfinder
St. Louis de Montfort Church,"11441 Hague Rd, Fishers, IN, 46038-1876",https://sldmfishers.org/,Diocese of Lafayette in Indiana,Sunday Mass Schedule,https://www.dol-in.org/parishfinder
St. Maria Goretti Church,"17102 Spring Mill Rd, Westfield, IN, 46074-9673",http://www.smgonline.org,Diocese of Lafayette in Indiana,Sunday Mass Schedule,https://www.dol-in.org/parishfinder
St. Mary Church (Alexandria),"820 W Madison St, Alexandria, IN, 46001-1520",https://stambrosestmary.org/,Diocese of Lafayette in Indiana,Sunday Mass Schedule,https://www.dol-in.org/parishfinder
St. Mary Church (Anderson),"1115 Pearl Street, Anderson, IN, 46016",https://stambrosestmary.org/st-mary,Diocese of Lafayette in Indiana,Sunday Mass Schedule,https://www.dol-in.org/parishfinder
St. Mary Church (Dunkirk),"346 S. Broad St., Dunkirk, IN, 47336",https://stmaryjohn.org,Diocese of Lafayette in Indiana,Sunday Mass Schedule,https://www.dol-in.org/parishfinder
St. Mary Church (Dunnington),"2961 S State Road 71, Ambia, IN, 47917-8516",https://stisidorepastorate.org/st-marys-dunnington,Diocese of Lafayette in Indiana,Sunday Mass Schedule,https://www.dol-in.org/parishfinder
St. Mary Church (Frankfort),"600 Saint Mary's Ave, Frankfort, IN, 46041-2735",https://saintmarysfrankfort.org/,Diocese of Lafayette in Indiana,Sunday Mass Schedule,https://www.dol-in.org/parishfinder
St. Mary Church (Frankfort),"600 Saint Mary's Ave, Frankfort, IN, 46041-2735",https://4399ka.sites.ecatholic.com/,Diocese of Lafayette in Indiana,Sunday Mass Schedule,https://www.dol-in.org/parishfinder
St. Mary Church (Muncie),"2300 W Jackson St, Muncie, IN, 47303",https://church.stmarymuncie.org/,Diocese of Lafayette in Indiana,Sunday Mass Schedule,https://www.dol-in.org/parishfinder
St. Mary Church (Union City),"425 W. Hickory St., Union City, IN, 47390",https://jayandrandolphcatholic.com/,Diocese of Lafayette in Indiana,Sunday Mass Schedule,https://www.dol-in.org/parishfinder
St. Patrick Church (Kokomo),"1204 N. Armstrong St., Kokomo, IN, 46901-2820",https://stpatrick-kokomo.org/,Diocese of Lafayette in Indiana,Sunday Mass Schedule,https://www.dol-in.org/parishfinder
St. Patrick Church (Oxford),"502 S Michigan St, Oxford, IN, 47971-8562",https://stisidorepastorate.org/st-charles,Diocese of Lafayette in Indiana,Sunday Mass Schedule,https://www.dol-in.org/parishfinder
St. Paul Church,"1031 W Kem Rd., Marion, IN, 46952-2098",https://stpaulcatholicmarion.com/,Diocese of Lafayette in Indiana,Sunday Mass Schedule,https://www.dol-in.org/parishfinder
St. Peter Church,"401 N Monticello St, Winamac, IN, 46996-1327",http://www.fultonpulaskipastorate.org/,Diocese of Lafayette in Indiana,Sunday Mass Schedule,https://www.dol-in.org/parishfinder
St. Thomas Aquinas Catholic Center at Purdue,"West Lafayette, IN",https://boilercatholics.org/,Diocese of Lafayette in Indiana,Sunday Mass Schedule,https://www.dol-in.org/parishfinder
StBStLPastorate,"Lafayette, IN",,Diocese of Lafayette in Indiana,Sunday Mass Schedule,https://www.dol-in.org/parishfinder
All Saints Parish,"720 29th Street SE, Cedar Rapids, IA",http://www.allsaintscr.com,Archdiocese of Dubuque,Sunday Mass Schedule,https://dbqarch.org/parishfinder
Archangels Catholic Cluster,"Forest City, IA",https://archangelscc.org/,Archdiocese of Dubuque,Sunday Mass Schedule,https://dbqarch.org/parishfinder
"Assumption of the BVM Parish, Little Turkey","3303 160th St, Lawler, IA, 52154",http://www.christourhopecluster.com,Archdiocese of Dubuque,Sunday Mass Schedule,https://dbqarch.org/parishfinder
Basilica of St. Francis Xavier,"2nd St SW, Dyersville, IA, 52040",http://www.xavierbasilica.com,Archdiocese of Dubuque,Sunday Mass Schedule,https://dbqarch.org/parishfinder
Blessed Sacrament Catholic Church,"650 Stephan Avenue, Waterloo, IA, 50701",https://blessedsacramentwaterloo.org/,Archdiocese of Dubuque,Sunday Mass Schedule,https://dbqarch.org/parishfinder
Blessed Trinity Cluster,"Manchester, IA",https://blessedtrinitycluster.com/,Archdiocese of Dubuque,Sunday Mass Schedule,https://dbqarch.org/parishfinder
Cathedral of St. Raphael,"231 Bluff St. Dubuque, Dubuque, IA, 52001",https://cathedralstpats.org/,Archdiocese of Dubuque,Sunday Mass Schedule,https://dbqarch.org/parishfinder
CFOS Parishes,"Calmar, IA",https://cfosparishes.org/,Archdiocese of Dubuque,Sunday Mass Schedule,https://dbqarch.org/parishfinder
Church of the Nativity,"1225 Alta Vista St, Dubuque, IA, 52001",https://nativitydbq.org/,Archdiocese of Dubuque,Sunday Mass Schedule,https://dbqarch.org/parishfinder
Church of the Resurrection,"Dubuque, IA",https://res-dbq.org/,Archdiocese of Dubuque,Sunday Mass Schedule,https://dbqarch.org/parishfinder
Church of the Resurrection Parish,"4300 Asbury Rd, Dubuque, IA, 52002",https://res-dbq.org/,Archdiocese of Dubuque,Sunday Mass Schedule,https://dbqarch.org/parishfinder
Church of the Visitation Parish,"604 N Broad St, Stacyville, IA, 50476",http://www.stisidorecluster.org,Archdiocese of Dubuque,Sunday Mass Schedule,https://dbqarch.org/parishfinder
Emmaus Pastorate,"Edgewood, Iowa",https://vibrantcatholic.com/,Archdiocese of Dubuque,Sunday Mass Schedule,https://dbqarch.org/parishfinder
Epiphany Parish,Iowa,https://epiphanyparish.org/,Archdiocese of Dubuque,Sunday Mass Schedule,https://dbqarch.org/parishfinder
Good Shepherd Catholic Cluster,"New Hampton, IA",https://goodshepherdcluster.com/,Archdiocese of Dubuque,Sunday Mass Schedule,https://dbqarch.org/parishfinder
Heart of Mary Cluster,"Urbana-Vinton-Walker, IA",https://heartofmary.org/,Archdiocese of Dubuque,Sunday Mass Schedule,https://dbqarch.org/parishfinder
Holy Cross Parish,"875 Church St, Holy Cross, IA, 52053",https://www.lasallepastorate.com/,Archdiocese of Dubuque,Sunday Mass Schedule,https://dbqarch.org/parishfinder
Holy Family (Epiphany Parish),"714 N Adams Ave, Mason City, IA, 50401",https://www.epiphanyparish.org/,Archdiocese of Dubuque,Sunday Mass Schedule,https://dbqarch.org/parishfinder
Holy Family Parish,"Reinbeck, IA",https://holyfamilycatholicparish.dbqarch.org/,Archdiocese of Dubuque,Sunday Mass Schedule,https://dbqarch.org/parishfinder
"Holy Family Parish, New Melleray","16500 Holy Family Lane, Peosta, IA",,Archdiocese of Dubuque,Sunday Mass Schedule,https://dbqarch.org/parishfinder
Holy Ghost Church (Holy Spirit Parish),"2921 Central Ave, Dubuque, IA, 52001",http://www.holyspiritdbq.org/,Archdiocese of Dubuque,Sunday Mass Schedule,https://dbqarch.org/parishfinder
Holy Name (St. Joseph the Worker Cluster),"128 N Walnut St, West Union, IA, 52175",http://www.stjosephtheworkercluster.com/,Archdiocese of Dubuque,Sunday Mass Schedule,https://dbqarch.org/parishfinder
Holy Name Catholic Church,"507 1st Ave NW, Rockford, IA, 50468",https://holy-name-church-ia.hub.biz/,Archdiocese of Dubuque,Sunday Mass Schedule,https://dbqarch.org/parishfinder
Holy Trinity Church (Holy Spirit Parish),"1701 Rhomberg Ave, Dubuque, IA",http://www.holyspiritdbq.org/,Archdiocese of Dubuque,Sunday Mass Schedule,https://dbqarch.org/parishfinder
Holy Trinity Parish,"124 North Main St, Protivin, IA, 52163",https://www.christourhopecluster.com/,Archdiocese of Dubuque,Sunday Mass Schedule,https://dbqarch.org/parishfinder
Holy Trinity Parish,"203 S Andres St, Luxemburg, IA",https://www.lasallepastorate.com/,Archdiocese of Dubuque,Sunday Mass Schedule,https://dbqarch.org/parishfinder
Immaculate Conception Church,"209 E Main St, Riceville, IA, 50466",https://holyrosarycluster.dbqarch.org/,Archdiocese of Dubuque,Sunday Mass Schedule,https://dbqarch.org/parishfinder
Immaculate Conception Church,"404 W 1st St, Sumner, IA, 50674",,Archdiocese of Dubuque,Sunday Mass Schedule,https://dbqarch.org/parishfinder
Immaculate Conception Pairsh,"207 7th Street, Elma, IA, 50628",http://www.holyrosarycluster.org/,Archdiocese of Dubuque,Sunday Mass Schedule,https://dbqarch.org/parishfinder
Immaculate Conception Parish,"857 3rd Ave SE, Cedar Rapids, IA, 52403",https://www.iccr.church/,Archdiocese of Dubuque,Sunday Mass Schedule,https://dbqarch.org/parishfinder
Immaculate Conception Parish,"106 Chapel Lane, Charles City, IA",http://www.iccharlescity.com/,Archdiocese of Dubuque,Sunday Mass Schedule,https://dbqarch.org/parishfinder
Immaculate Conception Parish,"108 Iowa ST, Fairbank, IA",https://icfairbank.weebly.com/,Archdiocese of Dubuque,Sunday Mass Schedule,https://dbqarch.org/parishfinder
Immaculate Conception Parish,"405 4th Ave, Van Horne, IA, 52346",http://www.queenofsaints.com/,Archdiocese of Dubuque,Sunday Mass Schedule,https://dbqarch.org/parishfinder
Immaculate Conception Parish,"325 15th Ave, Gilbertville, IA, 50634",http://www.icsjchurch.com/,Archdiocese of Dubuque,Sunday Mass Schedule,https://dbqarch.org/parishfinder
Immaculate Conception Parish,"660 Main st., Lansing, IA",http://www.holyfamilyofthebluffs.org,Archdiocese of Dubuque,Sunday Mass Schedule,https://dbqarch.org/parishfinder
Immaculate Conception Parish,"606 Bernhart St, Masonville, IA",,Archdiocese of Dubuque,Sunday Mass Schedule,https://dbqarch.org/parishfinder
Immaculate Conception Parish,"218 Main St, North Buena Vista, IA",,Archdiocese of Dubuque,Sunday Mass Schedule,https://dbqarch.org/parishfinder
Immaculate Conception Parish,"114 N Wapsi, North Washington, IA",http://www.goodshepherdcatholiccluster.com/,Archdiocese of Dubuque,Sunday Mass Schedule,https://dbqarch.org/parishfinder
Immaculate Conception Parish,"4300 Asbury Rd, Dubuque, IA",http://www.res-dbq.org,Archdiocese of Dubuque,Sunday Mass Schedule,https://dbqarch.org/parishfinder
"Immaculate Conception Parish, Wexford","1416 Great River Rd, Lansing, IA, 52151",http://www.icwexford.org,Archdiocese of Dubuque,Sunday Mass Schedule,https://dbqarch.org/parishfinder
Natural Family Planning,"Dubuque, IA",https://nfp.dbqarch.org/,Archdiocese of Dubuque,Sunday Mass Schedule,https://dbqarch.org/parishfinder
Notre Dame Parish,"223 2nd Ave E, Cresco, IA",http://www.notredameparish.weebly.com,Archdiocese of Dubuque,Sunday Mass Schedule,https://dbqarch.org/parishfinder
Notre Dame Parish,"Cresco, IA",https://notredamecresco.com/,Archdiocese of Dubuque,Sunday Mass Schedule,https://dbqarch.org/parishfinder
Notre Dame Parish,"Cresco, IA",https://2j3pa.sites.ecatholic.com/,Archdiocese of Dubuque,Sunday Mass Schedule,https://dbqarch.org/parishfinder
Our Lady of Lourdes Parish,"14068 175th Street, Elma, IA, 50628",http://www.holyrosarycluster.org,Archdiocese of Dubuque,Sunday Mass Schedule,https://dbqarch.org/parishfinder
Our Lady of Mount Carmel Parish,"3030 Iowa Highway 24, Lawler, IA",https://www.christourhopecluster.com/reconciliation.html,Archdiocese of Dubuque,Sunday Mass Schedule,https://dbqarch.org/parishfinder
"Our Lady of Seven Dolors Parish, Festina","2348 Co Rd B32, Fort Atkinson, IA, 52144",,Archdiocese of Dubuque,Sunday Mass Schedule,https://dbqarch.org/parishfinder
Queen of Peace Parish,"320 Mulberry St, Waterloo, IA, 50703",https://queenofpeaceparish.net/,Archdiocese of Dubuque,Sunday Mass Schedule,https://dbqarch.org/parishfinder
Sacred Heart,"Manly, IA",https://sacredheartmanly.org/,Archdiocese of Dubuque,Sunday Mass Schedule,https://dbqarch.org/parishfinder
Sacred Heart,"Waterloo, IA",https://sacredheartwloo.org/,Archdiocese of Dubuque,Sunday Mass Schedule,https://dbqarch.org/parishfinder
Sacred Heart Church (Holy Spirit Parish),"2215 Windsor Ave, Dubuque, IA, 52001",http://holyspiritdq.weconnect.com/,Archdiocese of Dubuque,Sunday Mass Schedule,https://dbqarch.org/parishfinder
Sacred Heart Parish,"516 Rowley St, Walker, IA",,Archdiocese of Dubuque,Sunday Mass Schedule,https://dbqarch.org/parishfinder
Sacred Heart Parish,"306 White St, Volga, IA",,Archdiocese of Dubuque,Sunday Mass Schedule,https://dbqarch.org/parishfinder
Sacred Heart Parish,"305 Elm St E, Rockwell, IA",,Archdiocese of Dubuque,Sunday Mass Schedule,https://dbqarch.org/parishfinder
Sacred Heart Parish,"309 Church St, Oxford Junction, IA",,Archdiocese of Dubuque,Sunday Mass Schedule,https://dbqarch.org/parishfinder
Sacred Heart Parish,"1204 State Street, Osage, IA",http://www.stisidorecluster.org,Archdiocese of Dubuque,Sunday Mass Schedule,https://dbqarch.org/parishfinder
Sacred Heart Parish,"626 South Frederick, Oelwein, IA, 50662",https://www.sacredheartoelwein.com,Archdiocese of Dubuque,Sunday Mass Schedule,https://dbqarch.org/parishfinder
Sacred Heart Parish,"302 N Sycamore St, Monticello, IA",,Archdiocese of Dubuque,Sunday Mass Schedule,https://dbqarch.org/parishfinder
Sacred Heart Parish,"412 N Broadway St, Manly, IA",,Archdiocese of Dubuque,Sunday Mass Schedule,https://dbqarch.org/parishfinder
Sacred Heart Parish,"1021 Poplar St, La Porte City, IA",http://www.princeofpeacecluster.com,Archdiocese of Dubuque,Sunday Mass Schedule,https://dbqarch.org/parishfinder
Sacred Heart Parish,"204 S Jackson Ave, Eagle Grove, IA",https://www.holyfamilycluster.org,Archdiocese of Dubuque,Sunday Mass Schedule,https://dbqarch.org/parishfinder
Sacred Heart Parish,"627 W 4th St, Waterloo, IA, 50702",http://www.sacredheartwloo.org,Archdiocese of Dubuque,Sunday Mass Schedule,https://dbqarch.org/parishfinder
Sacred Heart Parish,"200 S Vermont St, Maquoketa, IA, 52060",https://shparishmaq.com/,Archdiocese of Dubuque,Sunday Mass Schedule,https://dbqarch.org/parishfinder
"Sacred Heart Parish, Fillmore","19661 Sacred Heart Lane, Bernard, IA, 52032",http://www.stapastorate.org/,Archdiocese of Dubuque,Sunday Mass Schedule,https://dbqarch.org/parishfinder
Sacred Heart School,"Maquoketa, IA",https://353k9a.sites.ecatholic.com/,Archdiocese of Dubuque,Sunday Mass Schedule,https://dbqarch.org/parishfinder
Saint Marys Church,"Dorchester, IA, 52140",,Archdiocese of Dubuque,Sunday Mass Schedule,https://dbqarch.org/parishfinder
SJ+SPP+SC+SD,"105 E Main St, Bellevue , IA, 52075",https://sjandspp.com/,Archdiocese of Dubuque,Sunday Mass Schedule,https://dbqarch.org/parishfinder
SS Peter and Paul Parish,"1625 300th Ave, Dyersville, IA",http://www.spiresoffaith.com,Archdiocese of Dubuque,Sunday Mass Schedule,https://dbqarch.org/parishfinder
SS Peter and Paul Parish,"107 East Main St, Springbrook, IA",http://www.sjandspp.com/,Archdiocese of Dubuque,Sunday Mass Schedule,https://dbqarch.org/parishfinder
"SS. Peter & Paul Parish, Gilbert","14238 500th Ave, Ames, IA",http://www.ssppgilbert.net,Archdiocese of Dubuque,Sunday Mass Schedule,https://dbqarch.org/parishfinder
"SS. Peter & Paul Parish, Petersburg","5131 Sherrill Rd, Sherrill, IA",,Archdiocese of Dubuque,Sunday Mass Schedule,https://dbqarch.org/parishfinder
St Aloysius Parish,"304 Maryville St, Calmar, IA",,Archdiocese of Dubuque,Sunday Mass Schedule,https://dbqarch.org/parishfinder
St Ann-St Joseph Parish,"307 W Orange St, Harpers Ferry, IA",http://www.holyfamilyofthebluffs.org,Archdiocese of Dubuque,Sunday Mass Schedule,https://dbqarch.org/parishfinder
St Anthony Parish,"1880 Saint Ambrose St, Dubuque, IA",http://www.stanthony-dubuque.org,Archdiocese of Dubuque,Sunday Mass Schedule,https://dbqarch.org/parishfinder
St Athanasius Parish,"623 Stevens St, Jesup, IA",,Archdiocese of Dubuque,Sunday Mass Schedule,https://dbqarch.org/parishfinder
St Benedict Parish,"307 West Main Street, Decorah, IA, 52101",http://www.stbenedictcc.com,Archdiocese of Dubuque,Sunday Mass Schedule,https://dbqarch.org/parishfinder
St Bernard Parish,"116 E Washington St, Alta Vista, IA, 50603",,Archdiocese of Dubuque,Sunday Mass Schedule,https://dbqarch.org/parishfinder
St Boniface Parish,"600 Bush Ave, Garner, IA",,Archdiocese of Dubuque,Sunday Mass Schedule,https://dbqarch.org/parishfinder
St Boniface Parish,"204 E Prairie, Ionia, IA",http://www.goodshepherdcatholiccluster.com,Archdiocese of Dubuque,Sunday Mass Schedule,https://dbqarch.org/parishfinder
St Boniface Parish,"7401 Columbus St, New Vienna, IA, 52040",http://www.spiresoffaith.com,Archdiocese of Dubuque,Sunday Mass Schedule,https://dbqarch.org/parishfinder
St Bridget Parish,"135 W Williams St, Postville, IA",,Archdiocese of Dubuque,Sunday Mass Schedule,https://dbqarch.org/parishfinder
St Catherine Parish,"5189 St Catherine Rd, Dubuque, IA, 52003",http://stjosephkeywest.com/our-parishes/st-catherine/,Archdiocese of Dubuque,Sunday Mass Schedule,https://dbqarch.org/parishfinder
St Cecilia Parish,"2900 Hoover Ave, Ames, IA, 50010",http://www.stcames.org,Archdiocese of Dubuque,Sunday Mass Schedule,https://dbqarch.org/parishfinder
"St Clement Parish, Bankston","24287 New Vienna Road, Epworth, IA, 52045",http://www.stelizabethpastorate.com,Archdiocese of Dubuque,Sunday Mass Schedule,https://dbqarch.org/parishfinder
St Donatus Parish,"97 1st St E, St Donatus, IA, 52003",http://stjosephkeywest.com/our-parishes/st-donatus/,Archdiocese of Dubuque,Sunday Mass Schedule,https://dbqarch.org/parishfinder
St Francis De Sales Parish,"420 E Main St, Ossian, IA",,Archdiocese of Dubuque,Sunday Mass Schedule,https://dbqarch.org/parishfinder
St Francis of Assisi,"205 Lovers Lane, Fayette, IA",http://www.stjosephtheworkercluster.com,Archdiocese of Dubuque,Sunday Mass Schedule,https://dbqarch.org/parishfinder
St Francis Xavier Church,"1207 3rd St NE, Belmond, IA, 50421",,Archdiocese of Dubuque,Sunday Mass Schedule,https://dbqarch.org/parishfinder
St Gabriel (Holy Family Parish),"21275 U Ave, Reinbeck, IA, 50669",,Archdiocese of Dubuque,Sunday Mass Schedule,https://dbqarch.org/parishfinder
St Gabriel Parish,"302 N Center, Zearing, IA",,Archdiocese of Dubuque,Sunday Mass Schedule,https://dbqarch.org/parishfinder
St Henry Church (St. Francis of Assisi Parish),"221 W Olive St, Marshalltown, IA",http://www.sthenrychurch.com,Archdiocese of Dubuque,Sunday Mass Schedule,https://dbqarch.org/parishfinder
St Isidore Church,"603 6th Ave, Springville, IA, 52336",,Archdiocese of Dubuque,Sunday Mass Schedule,https://dbqarch.org/parishfinder
St James Parish,"906 West O St, Forest City, IA",,Archdiocese of Dubuque,Sunday Mass Schedule,https://dbqarch.org/parishfinder
St John Nepomucene Parish,"201 Oak St, Fort Atkinson, IA",http://www.christourhopecluster.com,Archdiocese of Dubuque,Sunday Mass Schedule,https://dbqarch.org/parishfinder
St John Parish,"105 West St NW, Blairstown, IA",http://www.queenofsaints.com,Archdiocese of Dubuque,Sunday Mass Schedule,https://dbqarch.org/parishfinder
St John Parish,"22481 E Pleasant Grove Rd, Epworth, IA, 52045",http://www.stelizabethpastorate.com,Archdiocese of Dubuque,Sunday Mass Schedule,https://dbqarch.org/parishfinder
St John the Baptist Parish,"212 7th St SE, Mt Vernon, IA",http://www.stjohnmv.org,Archdiocese of Dubuque,Sunday Mass Schedule,https://dbqarch.org/parishfinder
St John the Baptist Parish,"235 Peosta St, Peosta, IA, 52068",http://www.stelizabethpastorate.com,Archdiocese of Dubuque,Sunday Mass Schedule,https://dbqarch.org/parishfinder
St John the Evangelist Parish,"209 5th Ave NE, Independence, IA",,Archdiocese of Dubuque,Sunday Mass Schedule,https://dbqarch.org/parishfinder
St John the Evangelist Parish,"211 N 3rd St IA, Coggon, IA",http://www.northlinncc.org,Archdiocese of Dubuque,Sunday Mass Schedule,https://dbqarch.org/parishfinder
St John XXIII Parish,"8100 Roncalli Dr SW, Cedar Rapids, IA",http://www.stjohn23cr.org,Archdiocese of Dubuque,Sunday Mass Schedule,https://dbqarch.org/parishfinder
St John's Catholic Church,"608 2nd Ave NE, Clarion, IA, 50525",,Archdiocese of Dubuque,Sunday Mass Schedule,https://dbqarch.org/parishfinder
St John's Church,"307 South St, Delhi, IA, 52223",,Archdiocese of Dubuque,Sunday Mass Schedule,https://dbqarch.org/parishfinder
St Joseph,"Preston, IA",https://stjosephprestonia.com/,Archdiocese of Dubuque,Sunday Mass Schedule,https://dbqarch.org/parishfinder
St Joseph Catholic Church,"307 Mary St, Earlville, IA, 52041",,Archdiocese of Dubuque,Sunday Mass Schedule,https://dbqarch.org/parishfinder
St Joseph Church (Epiphany Parish),"302 5th St SE, Mason City, IA",http://www.epiphanyparish.org,Archdiocese of Dubuque,Sunday Mass Schedule,https://dbqarch.org/parishfinder
St Joseph Parish,"154 3rd St NE, New Albin, IA",http://www.holyfamilyofthebluffs.org,Archdiocese of Dubuque,Sunday Mass Schedule,https://dbqarch.org/parishfinder
St Joseph Parish,"313 E Central St, Raymond, IA, 50667",,Archdiocese of Dubuque,Sunday Mass Schedule,https://dbqarch.org/parishfinder
St Joseph Parish,"250 S Faith St, Preston, IA",http://www.stjosephprestonia.com,Archdiocese of Dubuque,Sunday Mass Schedule,https://dbqarch.org/parishfinder
St Joseph Parish,"300 West Ave, Prairieburg, IA",http://www.northlinncc.org,Archdiocese of Dubuque,Sunday Mass Schedule,https://dbqarch.org/parishfinder
St Joseph Parish,"10270 Key West Drive, Key West, IA, 52003",http://www.stjosephkeywest.com,Archdiocese of Dubuque,Sunday Mass Schedule,https://dbqarch.org/parishfinder
St Joseph Parish,"610 Third St SW, State Center, IA",,Archdiocese of Dubuque,Sunday Mass Schedule,https://dbqarch.org/parishfinder
St Joseph Parish,"204 W Oak, Garnavillo, IA",https://www.maryicjoseph.org/,Archdiocese of Dubuque,Sunday Mass Schedule,https://dbqarch.org/parishfinder
St Joseph Parish,"307 Station St, Chelsea, IA",http://www.cofsaints.org,Archdiocese of Dubuque,Sunday Mass Schedule,https://dbqarch.org/parishfinder
St Joseph the Worker Parish,"2001 Saint Joseph St, Dubuque, IA, 52001",http://www.theworker.org,Archdiocese of Dubuque,Sunday Mass Schedule,https://dbqarch.org/parishfinder
St Joseph's Catholic Church,"202 2nd Ave SE, Farley, IA, 52046",,Archdiocese of Dubuque,Sunday Mass Schedule,https://dbqarch.org/parishfinder
St Joseph's Church,"330 S 1st St, Elkader, IA, 52043",,Archdiocese of Dubuque,Sunday Mass Schedule,https://dbqarch.org/parishfinder
St Luke Parish,"215 East Main St, St Lucas, IA",http://www.christourhopecluster.com,Archdiocese of Dubuque,Sunday Mass Schedule,https://dbqarch.org/parishfinder
St Luke Parish,"206 First St SE, Hopkinton, IA",,Archdiocese of Dubuque,Sunday Mass Schedule,https://dbqarch.org/parishfinder
St Mark Parish,"415 Main St, Iowa Falls, IA",http://franklinhardincatholic.org/,Archdiocese of Dubuque,Sunday Mass Schedule,https://dbqarch.org/parishfinder
St Mark Parish,"203 S Locust St, Edgewood, IA",,Archdiocese of Dubuque,Sunday Mass Schedule,https://dbqarch.org/parishfinder
St Mary Church (Holy Family Parish),"239 S Walnut Ave, New Hampton, IA",http://www.goodshepherdcatholiccluster.com,Archdiocese of Dubuque,Sunday Mass Schedule,https://dbqarch.org/parishfinder
St Mary Church (St. Francis of Assisi Parish),"11 W Linn St, Marshalltown, IA",,Archdiocese of Dubuque,Sunday Mass Schedule,https://dbqarch.org/parishfinder
St Mary Parish,"422 4th St, Colo, IA",,Archdiocese of Dubuque,Sunday Mass Schedule,https://dbqarch.org/parishfinder
St Mary Parish,"611 Sherman Ave, Ackley, IA",,Archdiocese of Dubuque,Sunday Mass Schedule,https://dbqarch.org/parishfinder
St Mary Parish,"404 4th St, Williams, IA, 50271",https://stthomaswc.org,Archdiocese of Dubuque,Sunday Mass Schedule,https://dbqarch.org/parishfinder
St Mary Parish,"2700 Horton Rd, Waverly, IA, 506﻿77",http://www.StMarysFamily.com,Archdiocese of Dubuque,Sunday Mass Schedule,https://dbqarch.org/parishfinder
St Mary Parish,"2200 2nd Ave, Vinton, IA",,Archdiocese of Dubuque,Sunday Mass Schedule,https://dbqarch.org/parishfinder
St Mary Parish,"105 N Main St, Greene, IA, 50636",http://www.greeneiowa.com/St%20Marys/Home.htm,Archdiocese of Dubuque,Sunday Mass Schedule,https://dbqarch.org/parishfinder
St Mary Parish,"518 S 2nd St, Guttenberg, IA",https://www.maryicjoseph.org,Archdiocese of Dubuque,Sunday Mass Schedule,https://dbqarch.org/parishfinder
St Mary Parish,"119 W Fayette St, Manchester, IA, 52057",http://www.blessedtrinitycluster.com,Archdiocese of Dubuque,Sunday Mass Schedule,https://dbqarch.org/parishfinder
St Mary Parish,"311 7th St, McGregor, IA",,Archdiocese of Dubuque,Sunday Mass Schedule,https://dbqarch.org/parishfinder
St Mary Parish,"314 West Mission St, Strawberry Point, IA",,Archdiocese of Dubuque,Sunday Mass Schedule,https://dbqarch.org/parishfinder
St Mary Parish,"402 Ash Ave, Urbana, IA",,Archdiocese of Dubuque,Sunday Mass Schedule,https://dbqarch.org/parishfinder
St Mary Parish,"218 3rd St NW, Waucoma, IA",http://www.christourhopecluster.com,Archdiocese of Dubuque,Sunday Mass Schedule,https://dbqarch.org/parishfinder
St Mary's Catholic Church,"614 Washington St, Eldora, IA, 50627",,Archdiocese of Dubuque,Sunday Mass Schedule,https://dbqarch.org/parishfinder
St Matthias Parish,"410 3rd Ave NW, Cascade, IA",https://www.stapastorate.org/,Archdiocese of Dubuque,Sunday Mass Schedule,https://dbqarch.org/parishfinder
St Michael Parish,"512 Evergreen St, Norway, IA",http://www.queenofsaints.com,Archdiocese of Dubuque,Sunday Mass Schedule,https://dbqarch.org/parishfinder
St Michael Parish,"602 Cedar St, Nashua, IA",,Archdiocese of Dubuque,Sunday Mass Schedule,https://dbqarch.org/parishfinder
St Michael Parish,"1304 9th Ave, Belle Plaine, IA",https://www.cofsaints.org,Archdiocese of Dubuque,Sunday Mass Schedule,https://dbqarch.org/parishfinder
St Patrick (Holy Family Parish),"302 2nd St, Parkersburg, IA",http://www.holyfamilycatholicparish.com,Archdiocese of Dubuque,Sunday Mass Schedule,https://dbqarch.org/parishfinder
St Patrick Parish,"555 1st St, Winthrop, IA",,Archdiocese of Dubuque,Sunday Mass Schedule,https://dbqarch.org/parishfinder
St Patrick Parish,"101 2nd St SW, Waukon, IA",,Archdiocese of Dubuque,Sunday Mass Schedule,https://dbqarch.org/parishfinder
St Patrick Parish,"900 Park St, Tama, IA",http://www.cofsaints.org,Archdiocese of Dubuque,Sunday Mass Schedule,https://dbqarch.org/parishfinder
St Patrick Parish,"600 Franklin st, Ryan, IA",https://www.blessedtrinitycluster.com/,Archdiocese of Dubuque,Sunday Mass Schedule,https://dbqarch.org/parishfinder
St Patrick Parish,"1001 9th Ave S, Clear Lake, IA, 50428",https://stpatrickcommunity.com,Archdiocese of Dubuque,Sunday Mass Schedule,https://dbqarch.org/parishfinder
St Patrick Parish,"406 South Grant Lake, Mills, IA",,Archdiocese of Dubuque,Sunday Mass Schedule,https://dbqarch.org/parishfinder
St Patrick Parish,"1405 N Federal St, Hampton, IA",http://franklinhardincatholic.org/,Archdiocese of Dubuque,Sunday Mass Schedule,https://dbqarch.org/parishfinder
St Patrick Parish,"28914 46th Ave, Bernard, IA, 52032",https://www.stapastorate.org/,Archdiocese of Dubuque,Sunday Mass Schedule,https://dbqarch.org/parishfinder
St Patrick Parish,"102 1st St SE, Epworth, IA, 52045",http://www.stelizabethpastorate.com,Archdiocese of Dubuque,Sunday Mass Schedule,https://dbqarch.org/parishfinder
St Patrick Parish,"15th and Iowa St, Dubuque, IA",https://cathedralstpats.org/,Archdiocese of Dubuque,Sunday Mass Schedule,https://dbqarch.org/parishfinder
St Patrick Parish,"405 S East St, Monona, IA",,Archdiocese of Dubuque,Sunday Mass Schedule,https://dbqarch.org/parishfinder
St Patrick Parish,"708 Delaware Street, Colesburg, IA, 52035",http://www.vibrantcatholic.com/,Archdiocese of Dubuque,Sunday Mass Schedule,https://dbqarch.org/parishfinder
St Patrick Parish,"217 N Garnavillo St, Anamosa, IA, 52205",http://www.stpatchurch.com,Archdiocese of Dubuque,Sunday Mass Schedule,https://dbqarch.org/parishfinder
St Patrick Parish,"500 1st Ave NW, Cedar Rapids, IA, 52405",http://www.stpatrickscr.org,Archdiocese of Dubuque,Sunday Mass Schedule,https://dbqarch.org/parishfinder
St Patrick Parish,"8th and Washington Streets, Cedar Falls, IA",http://www.saintpatrickcf.org,Archdiocese of Dubuque,Sunday Mass Schedule,https://dbqarch.org/parishfinder
St Patrick Parish,"115 5th Ave NW, Buffalo Center, IA",,Archdiocese of Dubuque,Sunday Mass Schedule,https://dbqarch.org/parishfinder
St Patrick Parish,"335 1st Ave SE, Britt, IA",,Archdiocese of Dubuque,Sunday Mass Schedule,https://dbqarch.org/parishfinder
St Paul Parish,"303 3rd Ave, Newhall, IA, 52346",http://www.queenofsaints.com,Archdiocese of Dubuque,Sunday Mass Schedule,https://dbqarch.org/parishfinder
St Paul Parish,"1102 Walnut St, Traer, IA",http://www.princeofpeacecluster.com,Archdiocese of Dubuque,Sunday Mass Schedule,https://dbqarch.org/parishfinder
St Paul Parish,"301 2nd Ave SW, Worthington, IA, 52078",https://spiresoffaith.com/,Archdiocese of Dubuque,Sunday Mass Schedule,https://dbqarch.org/parishfinder
St Peter Parish,"608 Larrabee st, Clermont, IA, 52175",http://www.stjosephtheworkercluster.com,Archdiocese of Dubuque,Sunday Mass Schedule,https://dbqarch.org/parishfinder
St Peter Parish,"20189 Temple Hill Rd, Cascade, IA",https://www.stapastorate.org/,Archdiocese of Dubuque,Sunday Mass Schedule,https://dbqarch.org/parishfinder
St Pius X Catholic Church,"4949 Council St NE, Cedar Rapids, IA",https://crpiusx.org/,Archdiocese of Dubuque,Sunday Mass Schedule,https://dbqarch.org/parishfinder
St Stephen Parish,"4700 Valley Farm Rd, Central City, IA",http://www.northlinncc.org,Archdiocese of Dubuque,Sunday Mass Schedule,https://dbqarch.org/parishfinder
St Thomas Aquinas Parish,"2210 Lincoln Way, Ames, IA, 50014",https://staparish.net/,Archdiocese of Dubuque,Sunday Mass Schedule,https://dbqarch.org/parishfinder
St Wenceslaus Parish,"207 Church St, Spillville, IA",,Archdiocese of Dubuque,Sunday Mass Schedule,https://dbqarch.org/parishfinder
St Wenceslaus Parish,"2343 Navy Ave, Duncan, IA",,Archdiocese of Dubuque,Sunday Mass Schedule,https://dbqarch.org/parishfinder
St Wenceslaus Parish,"1224 5th St SE, Cedar Rapids, IA",http://www.stwenceslauscr.com,Archdiocese of Dubuque,Sunday Mass Schedule,https://dbqarch.org/parishfinder
St. Benedict Parish,"Decorah, IA",https://stbenedictcc.com/,Archdiocese of Dubuque,Sunday Mass Schedule,https://dbqarch.org/parishfinder
St. Cecilia School,"Ames, IA",https://school.stceciliaparish.org/,Archdiocese of Dubuque,Sunday Mass Schedule,https://dbqarch.org/parishfinder
St. Columbkille,"Dubuque, IA",https://stcolumbkille.net/,Archdiocese of Dubuque,Sunday Mass Schedule,https://dbqarch.org/parishfinder
St. Edward Catholic Church,"1423 Kimball Ave Waterloo IA, Waterloo, IA, 50702",https://sted.org/,Archdiocese of Dubuque,Sunday Mass Schedule,https://dbqarch.org/parishfinder
St. Elizabeth Ann Seton Parish,"1350 Lyndhurst Dr, Hiawatha, IA, 52233",https://seasp.org/,Archdiocese of Dubuque,Sunday Mass Schedule,https://dbqarch.org/parishfinder
St. Francis Church & School,"Marshalltown, IA",https://st-francis.net/,Archdiocese of Dubuque,Sunday Mass Schedule,https://dbqarch.org/parishfinder
St. Francis of Assisi Parish,"468 Balltown Rd, Balltown, IA, 52073",,Archdiocese of Dubuque,Sunday Mass Schedule,https://dbqarch.org/parishfinder
"St. Francis Parish, Barclay","7830 East Airline Highway, Dunkerton, ia, 50626",,Archdiocese of Dubuque,Sunday Mass Schedule,https://dbqarch.org/parishfinder
St. Isidore Cluster,"Osage, IA",https://stisidorecluster.com/,Archdiocese of Dubuque,Sunday Mass Schedule,https://dbqarch.org/parishfinder
St. Isidore the Farmer Catholic Church,"Springville, IA",https://stisidorespringville.dbqarch.org/,Archdiocese of Dubuque,Sunday Mass Schedule,https://dbqarch.org/parishfinder
St. John Baptist de La Salle Pastorate,"Holy Cross, IA",https://lasallepastorate.com/,Archdiocese of Dubuque,Sunday Mass Schedule,https://dbqarch.org/parishfinder
St. John Paul II Cluster,"209 5th AVE NE, Independence & Winthrop, IA, 50644",https://stjohnstpat.org/,Archdiocese of Dubuque,Sunday Mass Schedule,https://dbqarch.org/parishfinder
St. John the Baptist,"Mount Vernon - Lisbon, IA",,Archdiocese of Dubuque,Sunday Mass Schedule,https://dbqarch.org/parishfinder
St. Joseph Catholic Church,"1790 14th St, Marion, IA, 52302",https://stjoesmarion.org/,Archdiocese of Dubuque,Sunday Mass Schedule,https://dbqarch.org/parishfinder
St. Joseph Parish,"Dubuque, IA",https://stjosephkeywest.com/,Archdiocese of Dubuque,Sunday Mass Schedule,https://dbqarch.org/parishfinder
"St. Joseph Parish, Rickardsville","20249 St. Joseph Drive, Durango, ia, 52039",,Archdiocese of Dubuque,Sunday Mass Schedule,https://dbqarch.org/parishfinder
St. Joseph the Worker Cluster,"Northeast Iowa, IA",https://stjosephtheworkercluster.com/,Archdiocese of Dubuque,Sunday Mass Schedule,https://dbqarch.org/parishfinder
St. Jude Catholic Church,"50 Edgewood Rd NW, Cedar Rapids, IA, 52405",https://judes.org/,Archdiocese of Dubuque,Sunday Mass Schedule,https://dbqarch.org/parishfinder
"St. Lawrence Parish, Otter Creek","17434 Bellevue-Cascade Rd, Zwingle, IA",,Archdiocese of Dubuque,Sunday Mass Schedule,https://dbqarch.org/parishfinder
St. Ludmila Catholic Parish,"211 21st Ave SW, Cedar Rapids, IA, 52404",https://stludmila.org/,Archdiocese of Dubuque,Sunday Mass Schedule,https://dbqarch.org/parishfinder
St. Mary Catholic Church,"Greene, IA",https://butlerfloydcatholic.org/,Archdiocese of Dubuque,Sunday Mass Schedule,https://dbqarch.org/parishfinder
"St. Mary of Mt. Carmel Parish, Eagle Center","1435 E. Eagle Road, Waterloo, IA, 50701",http://www.princeofpeacecluster.com,Archdiocese of Dubuque,Sunday Mass Schedule,https://dbqarch.org/parishfinder
"St. Mary Parish, Hanover","2096 Hwy 76, Waukon, IA",http://www.stpatrickwaukon.weconnect.com,Archdiocese of Dubuque,Sunday Mass Schedule,https://dbqarch.org/parishfinder
"St. Mary Parish, Roseville","2397 Hwy 14, Marble Rock, IA, 50653",,Archdiocese of Dubuque,Sunday Mass Schedule,https://dbqarch.org/parishfinder
St. Michael,"Nashua, IA",https://z602la.sites.ecatholic.com/,Archdiocese of Dubuque,Sunday Mass Schedule,https://dbqarch.org/parishfinder
St. Patrick Catholic Church,"Cedar Rapids, IA, 52405",https://stpatrickscr.org/,Archdiocese of Dubuque,Sunday Mass Schedule,https://dbqarch.org/parishfinder
St. Patrick Catholic School,"Cedar Falls, IA",https://cfcatholicschool.org/,Archdiocese of Dubuque,Sunday Mass Schedule,https://dbqarch.org/parishfinder
St. Patrick Church,"101 2nd St SW, Waukon, IA",https://stpatrickwaukon.com/,Archdiocese of Dubuque,Sunday Mass Schedule,https://dbqarch.org/parishfinder
St. Patrick Church,"Clear Lake, IA",https://stpatrickcommunity.com/,Archdiocese of Dubuque,Sunday Mass Schedule,https://dbqarch.org/parishfinder
St. Patrick Parish,"1127 10th St, Nevada, IA",,Archdiocese of Dubuque,Sunday Mass Schedule,https://dbqarch.org/parishfinder
"St. Peter Parish, New Haven","2985 360th Street, Osage, IA, 50461",https://www.dbqarch.org/holyrosarycluster/,Archdiocese of Dubuque,Sunday Mass Schedule,https://dbqarch.org/parishfinder
St. Thomas Aquinas / St. Mary,"1000 Des Moines Street, Webster City, IA, 50595",https://stthomaswc.org/,Archdiocese of Dubuque,Sunday Mass Schedule,https://dbqarch.org/parishfinder
St. Thomas Aquinas Church & Catholic Student Center,"Ames, IA",https://staparish.net/,Archdiocese of Dubuque,Sunday Mass Schedule,https://dbqarch.org/parishfinder
St. Thomas Aquinas Pastorate,"Cascade, IA",https://stapastorate.org/,Archdiocese of Dubuque,Sunday Mass Schedule,https://dbqarch.org/parishfinder
"St. Wenceslaus Parish, Duncan","2343 Navy Ave, Britt, IA, 50423",,Archdiocese of Dubuque,Sunday Mass Schedule,https://dbqarch.org/parishfinder
Story Marshall Cluster,"Nevada, IA",https://storymarshallcluster.org/,Archdiocese of Dubuque,Sunday Mass Schedule,https://dbqarch.org/parishfinder
Trinity Cluster,"405 S. East St, Monona, IA, 52159-1521",https://trinitycluster.com/,Archdiocese of Dubuque,Sunday Mass Schedule,https://dbqarch.org/parishfinder
Xavier High School,"Cedar Rapids, IA",https://630ya.sites.ecatholic.com/,Archdiocese of Dubuque,Sunday Mass Schedule,https://dbqarch.org/parishfinder
Xavier High School,"Cedar Rapids, IA",https://xaviersaints.org/,Archdiocese of Dubuque,Sunday Mass Schedule,https://dbqarch.org/parishfinder
Assumption & St. Patrick Church,"147 Broadway St., Charlotte, IA, 52731-9686",,Diocese of Davenport,,https://www.davenportdiocese.org/parishfinder
Church of All Saints,"310 S. 9th Street, Keokuk, IA, 52632-4604",http://www.allsaintskeokuk.org,Diocese of Davenport,,https://www.davenportdiocese.org/parishfinder
Church of the Visitation,"1028 Middle Road, Camanche, IA, 52730-1032",,Diocese of Davenport,,https://www.davenportdiocese.org/parishfinder
Divine Mercy Parish,"700 Division St., Burlington, IA, 52601-5415",http://dmcountycatholic.org/,Diocese of Davenport,,https://www.davenportdiocese.org/parishfinder
Holy Family Church,"1923 N. Fillmore Street, Davenport, IA, 52804-2121",http://www.holyfamilydavenport.com/,Diocese of Davenport,,https://www.davenportdiocese.org/parishfinder
Holy Family Parish,"1111 Avenue E, Fort Madison, IA, 52627-2740",https://www.holyfamilyfm.com/,Diocese of Davenport,,https://www.davenportdiocese.org/parishfinder
Holy Family Parish,"41 St. Mary's Street, Riverside, IA, 52627",http://www.clusterparishes.org/,Diocese of Davenport,,https://www.davenportdiocese.org/parishfinder
Holy Trinity Church,"109 N. Lincoln Street, Keota, IA, 52248-9710",http://www.holytrinity-stmary.org,Diocese of Davenport,,https://www.davenportdiocese.org/parishfinder
Immaculate Conception Church,"2885 145th Street, Petersville, IA, 52731",,Diocese of Davenport,,https://www.davenportdiocese.org/parishfinder
Immaculate Conception Church,"305 E. Howard Street, Colfax, IA, 50054-1025",http://www.immaculateconceptioncolfax.org/,Diocese of Davenport,,https://www.davenportdiocese.org/parishfinder
"Jesus Christ, Prince of Peace Church","1105 LaMetta Wynn Drive, Clinton, IA, 52732-7600",http://www.jcpop.org/,Diocese of Davenport,,https://www.davenportdiocese.org/parishfinder
Our Lady of the Holy Rosary Parish,"903 Main Street, Lost Nation, IA, 52254",,Diocese of Davenport,,https://www.davenportdiocese.org/parishfinder
Our Lady of the River Church,"28200 226th Street Place, LeClaire, IA, 52753",http://www.ourladyoftheriver.com/,Diocese of Davenport,,https://www.davenportdiocese.org/parishfinder
Our Lady of Victory Church,"4105 N. Division Street, Davenport, IA, 52806-4741",http://www.olvjfk.com/olv,Diocese of Davenport,,https://www.davenportdiocese.org/parishfinder
Sacred Heart Cathedral,"422 E. 10th Street, Davenport, IA, 52803-5499",http://www.shcdavenport.org/,Diocese of Davenport,,https://www.davenportdiocese.org/parishfinder
Sacred Heart Church,"204 SW D Street, Melcher, IA, 50163",https://www.melchersacredheart.com/,Diocese of Davenport,,https://www.davenportdiocese.org/parishfinder
Sacred Heart Church,"1115 S. 8th Avenue, Newton, IA, 50208",http://www.shcnewton.com/,Diocese of Davenport,,https://www.davenportdiocese.org/parishfinder
SS. Joseph and Cabrini Parish,"308 W. Main St., Richland, IA, 52585",http://ssjosephandcabriniparish.weconnect.com,Diocese of Davenport,,https://www.davenportdiocese.org/parishfinder
"SS. Mary & Joseph Church, Sugar Creek","3218 110th St., Preston, IA, 52069",,Diocese of Davenport,,https://www.davenportdiocese.org/parishfinder
SS. Mary & Mathias Church,"215 W. 8th Street, Muscatine, IA, 52761-3362",http://www.marymathias.org,Diocese of Davenport,,https://www.davenportdiocese.org/parishfinder
SS. Philip & James Church,"606 Fulton St., Grand Mound, IA, 52751",,Diocese of Davenport,,https://www.davenportdiocese.org/parishfinder
St Joseph,"222 N. Ward Street, Ottumwa, IA, 52501-4398",https://ottstjoseph.faith/,Diocese of Davenport,,https://www.davenportdiocese.org/parishfinder
St. Alphonsus Church,"607 S. Jackson Street, Mount Pleasant, IA, 52641-2696",http://www.mtpstalphonsus.org/,Diocese of Davenport,,https://www.davenportdiocese.org/parishfinder
St. Alphonsus Church,"2618 Boies Avenue, Davenport, IA, 52802-2116",http://www.stalphonsusdav.org/,Diocese of Davenport,,https://www.davenportdiocese.org/parishfinder
St. Andrew Church,"333 W. Lotte Street, Blue Grass, IA, 52726-9742",http://www.standrewbluegrass.org/,Diocese of Davenport,,https://www.davenportdiocese.org/parishfinder
St. Ann Church,"16550 290th Street, Long Grove, IA, 52756-9609",http://www.stannslonggrove.org/,Diocese of Davenport,,https://www.davenportdiocese.org/parishfinder
St. Anthony Church,"417 N. Main Street, Davenport, IA, 52801-1405",http://www.stanthonysdavenportiowa.org/,Diocese of Davenport,,https://www.davenportdiocese.org/parishfinder
St. Anthony Church,"1202 Woodland Drive, Knoxville, IA, 50138-1013",http://www.knoxvillestanthony.com/,Diocese of Davenport,,https://www.davenportdiocese.org/parishfinder
St. Bernadette Church,"507 E. Orange St., West Branch, IA, 52358-9600",https://wbstbernadette.wordpress.com/,Diocese of Davenport,,https://www.davenportdiocese.org/parishfinder
St. Boniface Church,"609 Washington Street, Farmington, IA, 52626-0247",,Diocese of Davenport,,https://www.davenportdiocese.org/parishfinder
St. Bridget Church,"104 3rd St., Victor, IA, 52347-9789",http://stpatrick-stbridget.org,Diocese of Davenport,,https://www.davenportdiocese.org/parishfinder
St. James Church,"2044 Locust Street, St. Paul, IA, 52657",http://stjj.weconnect.com,Diocese of Davenport,,https://www.davenportdiocese.org/parishfinder
St. James Church,"602 W. 2nd St., Washington, IA, 52353-1933",http://www.stjameswashington.org/,Diocese of Davenport,,https://www.davenportdiocese.org/parishfinder
St. Joan of Arc - St. John Vianney Church Campus,"4097 18th Street, Bettendorf, IA, 52722-2120",https://www.sjabett.org/,Diocese of Davenport,,https://www.davenportdiocese.org/parishfinder
St. Joan of Arc -Our Lady of Lourdes Church Campus,"1506 Brown Street, Bettendorf, IA, 52722-4915",https://www.sjabett.org/,Diocese of Davenport,,https://www.davenportdiocese.org/parishfinder
St. John Church,"205 Denning Street, Houghton, IA, 52631",https://stjj.weconnect.com,Diocese of Davenport,,https://www.davenportdiocese.org/parishfinder
St. Joseph Church,"508 Cedar Street, Montrose, IA, 52639",http://www.allsaintskeokuk.org,Diocese of Davenport,,https://www.davenportdiocese.org/parishfinder
St. Joseph Church,"221 N. Knollridge Street, North English, IA, 52316",,Diocese of Davenport,,https://www.davenportdiocese.org/parishfinder
St. Joseph Church,"209 Brady Street, Hills, IA, 52235",https://stjosephhills.webs.com/,Diocese of Davenport,,https://www.davenportdiocese.org/parishfinder
St. Joseph Church,"417 6th Avenue, DeWitt, IA, 52742-2047",http://www.stjoseph-dewitt.weconnect.com,Diocese of Davenport,,https://www.davenportdiocese.org/parishfinder
St. Joseph Church,"815 2nd Street, Columbus Junction, IA, 52738-1205",http://www.saintjosephcj.webs.com/,Diocese of Davenport,,https://www.davenportdiocese.org/parishfinder
St. Joseph Church,"107 W. 6th St., West Liberty, IA, 52776-1246",http://www.stjosephwestliberty.org/,Diocese of Davenport,,https://www.davenportdiocese.org/parishfinder
St. Mary Church,"415 E. Pleasant Valley St., Sigourney, IA, 52591-1730",http://www.holytrinity-stmary.org,Diocese of Davenport,,https://www.davenportdiocese.org/parishfinder
St. Mary Church,"1749 Racine Ave. NE, Solon, IA, 52333-9638",http://www.solonstmary.org/,Diocese of Davenport,,https://www.davenportdiocese.org/parishfinder
St. Mary Church,"726 218th Place, Pella, IA, 50219-7500",https://stmarypella.org/,Diocese of Davenport,,https://www.davenportdiocese.org/parishfinder
St. Mary Church,"215 Summit Street, Oxford, IA, 52322",https://sites.google.com/site/stmaryoxford/,Diocese of Davenport,,https://www.davenportdiocese.org/parishfinder
St. Mary Church,"208 Meridian St., Tipton, IA, 52772-1715",http://stmarystipton.com/,Diocese of Davenport,,https://www.davenportdiocese.org/parishfinder
St. Mary Church,"119 4th St., West Point, IA, 52656",http://westpointstmary.org,Diocese of Davenport,,https://www.davenportdiocese.org/parishfinder
St. Mary Church,"102 E. Penn St., Williamsburg, IA, 52361-0119",http://saintmarywburgia.com,Diocese of Davenport,,https://www.davenportdiocese.org/parishfinder
St. Mary Church,"730 Benton Avenue W., Albia, IA, 52531",http://www.stmarysalbia.org,Diocese of Davenport,,https://www.davenportdiocese.org/parishfinder
St. Mary Church,"315 1st Avenue E, Oskaloosa, IA, 52577",http://www.stmarysosky.com/,Diocese of Davenport,,https://www.davenportdiocese.org/parishfinder
St. Mary Church,"701 E. 3rd St., Wilton, IA, 52778-9706",http://www.stmarywilton.org/,Diocese of Davenport,,https://www.davenportdiocese.org/parishfinder
St. Mary Church,"201 Short Street, Nichols, IA, 52766",https://stjosephhills.webs.com/,Diocese of Davenport,,https://www.davenportdiocese.org/parishfinder
St. Mary Church,"302 W. Reeder Street, Mechanicsville, IA, 52306",http://stmarystipton.com/,Diocese of Davenport,,https://www.davenportdiocese.org/parishfinder
St. Mary Church,"828 S. 18th Street, Centerville, IA, 52544-2506",http://stmaryscenterville.org,Diocese of Davenport,,https://www.davenportdiocese.org/parishfinder
St. Mary Church,"216 W. Jayne Street, Lone Tree, IA, 52755",https://stjosephhills.webs.com/,Diocese of Davenport,,https://www.davenportdiocese.org/parishfinder
St. Mary Church,"3100 W. Madison Avenue, Fairfield, IA, 52556-4213",http://www.fairfieldstmary.org/,Diocese of Davenport,,https://www.davenportdiocese.org/parishfinder
St. Mary Church,"228 E. Jefferson Street, Iowa City, IA, 52245",http://www.icstmary.org/,Diocese of Davenport,,https://www.davenportdiocese.org/parishfinder
St. Mary Church,"1002 Broad Street, Grinnell, IA, 50112",http://www.stmarygrinnell.com/,Diocese of Davenport,,https://www.davenportdiocese.org/parishfinder
"St. Mary Church, Dodgeville","13204 Dodgeville Road, Sperry, IA, 52650",,Diocese of Davenport,,https://www.davenportdiocese.org/parishfinder
St. Mary Magdalen Church,"108 Weaver Road, Bloomfield, IA, 52537-1246",,Diocese of Davenport,,https://www.davenportdiocese.org/parishfinder
St. Patrick Church,"200 Trinity Avenue, Melrose, IA, 52569-8559",,Diocese of Davenport,,https://www.davenportdiocese.org/parishfinder
St. Patrick Church,"215 Jackson Street, Brooklyn, IA, 52211-0512",http://www.stpatrick-stbridget.org,Diocese of Davenport,,https://www.davenportdiocese.org/parishfinder
St. Patrick Church,"405 Delmar Avenue, Delmar, IA, 52037",,Diocese of Davenport,,https://www.davenportdiocese.org/parishfinder
St. Patrick Church,"4330 St. Patrick Drive, Iowa City, IA, 52240-4733",http://www.stpatsic.com/,Diocese of Davenport,,https://www.davenportdiocese.org/parishfinder
St. Patrick Church,"957 Western Avenue, Marengo, IA, 52301",,Diocese of Davenport,,https://www.davenportdiocese.org/parishfinder
"St. Patrick Church, Georgetown","2006 574th Avenue, Albia, IA, 52531",http://www.stmarysalbia.org,Diocese of Davenport,,https://www.davenportdiocese.org/parishfinder
St. Paul the Apostle Church,"916 E. Rusholme Street, Davenport, IA, 52803-2596",https://www.stpaulcatholicparish.org/,Diocese of Davenport,,https://www.davenportdiocese.org/parishfinder
St. Peter Church,"601 W. 6th Street, Lovilia, IA, 50150",http://www.stmarysalbia.org,Diocese of Davenport,,https://www.davenportdiocese.org/parishfinder
St. Peter Church,"406 4th Street, Buffalo, IA, 52728-0488",,Diocese of Davenport,,https://www.davenportdiocese.org/parishfinder
"St. Peter Church, Cosgrove","2003 400th Street SW, Oxford, IA, 52322",http://www.stpetercosgrove.weebly.com/,Diocese of Davenport,,https://www.davenportdiocese.org/parishfinder
St. Thomas More Church,"3000 12th Avenue, Coralville, IA, 52241-1487",http://www.stmparishfamily.com/,Diocese of Davenport,,https://www.davenportdiocese.org/parishfinder
St. Wenceslaus Church,"630 E. Davenport Street, Iowa City, IA, 52245",http://www.stwenc-ic.com/,Diocese of Davenport,,https://www.davenportdiocese.org/parishfinder
All Saints,"Le Mars, IA",https://allsaintslemars.org/,Diocese of Sioux City,Sunday Mass Schedule,https://www.scdiocese.org/parishfinder
Ascension Catholic Parish Boone County,"Boone, IA",https://ascensionboonecounty.org/,Diocese of Sioux City,Sunday Mass Schedule,https://www.scdiocese.org/parishfinder
Cathedral of the Epiphany,"Sioux City, IA",https://sccathedral.org/,Diocese of Sioux City,Sunday Mass Schedule,https://www.scdiocese.org/parishfinder
Catholic Communities of Cherokee and Holstein,"Cherokee, IA",https://cherokeecountycatholics.org/,Diocese of Sioux City,Sunday Mass Schedule,https://www.scdiocese.org/parishfinder
Divine Mercy,"IA, 50511",https://dmparish.org/,Diocese of Sioux City,Sunday Mass Schedule,https://www.scdiocese.org/parishfinder
Good Shepherd Catholic Parish,"Breda, IA",https://gscpcarrollco.org/,Diocese of Sioux City,Sunday Mass Schedule,https://www.scdiocese.org/parishfinder
Holy Cross Parish,"SIOUX CITY, IA",https://holycrosssc.org/,Diocese of Sioux City,Sunday Mass Schedule,https://www.scdiocese.org/parishfinder
Holy Family Catholic Church,"Emmetsburg, IA",https://holyfamilyemmetsburg.org/,Diocese of Sioux City,Sunday Mass Schedule,https://www.scdiocese.org/parishfinder
Holy Mary Cluster,"Larchwood/Rock Rapids, IA",https://holymarycluster.com/,Diocese of Sioux City,Sunday Mass Schedule,https://www.scdiocese.org/parishfinder
Holy Trinity Parish - Webster County,"Fort Dodge, IA",https://holytrinitywci.org/,Diocese of Sioux City,Sunday Mass Schedule,https://www.scdiocese.org/parishfinder
Mater Dei Parish,"Sioux City, IA",https://materdeisc.org/,Diocese of Sioux City,Sunday Mass Schedule,https://www.scdiocese.org/parishfinder
Our Lady of Guadalupe,"Sioux Center - Rock Valley- Hawarden, IA, 51250",https://ourladyofguadalupeparish.net/,Diocese of Sioux City,Sunday Mass Schedule,https://www.scdiocese.org/parishfinder
Our Lady of Guadalupe-Christ the King Parish,"501 2nd St. SE, Sioux Center, IA, 51250",https://ourladyofguadalupeparish.net/,Diocese of Sioux City,Sunday Mass Schedule,https://www.scdiocese.org/parishfinder
Our Lady of the Plains Parish,"Lake City, IA",,Diocese of Sioux City,Sunday Mass Schedule,https://www.scdiocese.org/parishfinder
Pilgrim Cluster,"Alton, Granville & Hospers, IA",https://saintdonatus.org/,Diocese of Sioux City,Sunday Mass Schedule,https://www.scdiocese.org/parishfinder
Sacred Heart,"Sioux City, IA",https://sacredheartsiouxcity.com/,Diocese of Sioux City,Sunday Mass Schedule,https://www.scdiocese.org/parishfinder
Spencer Sacred Heart,"Spencer, IA",https://spencersacredheart.com/,Diocese of Sioux City,Sunday Mass Schedule,https://www.scdiocese.org/parishfinder
St Mary,"1821 14th St, Rock Valley, IA, 51247",https://ourladyofguadalupeparish.net/,Diocese of Sioux City,Sunday Mass Schedule,https://www.scdiocese.org/parishfinder
St Patrick's,"Estherville, IA, 51334",https://stpatstmary.com/,Diocese of Sioux City,Sunday Mass Schedule,https://www.scdiocese.org/parishfinder
St. Anthony Church,"500 Elm Street, Hospers, IA, 51238",http://pilgrimcluster.org/,Diocese of Sioux City,Sunday Mass Schedule,https://www.scdiocese.org/parishfinder
St. John Catholic Church,"Onawa, IA",https://stjohnonawa.com/,Diocese of Sioux City,Sunday Mass Schedule,https://www.scdiocese.org/parishfinder
St. John Paul II,"Carroll, IA",https://stjp2carroll.org/,Diocese of Sioux City,Sunday Mass Schedule,https://www.scdiocese.org/parishfinder
St. Joseph Catholic Church,"Milford, IA",https://oej64a.sites.ecatholic.com/,Diocese of Sioux City,Sunday Mass Schedule,https://www.scdiocese.org/parishfinder
St. Joseph Church,"528 Elm Street, Granville, IA, 51022",http://pilgrimcluster.org/,Diocese of Sioux City,Sunday Mass Schedule,https://www.scdiocese.org/parishfinder
St. Joseph's Parish,"Sac City, Wall Lake, Odebolt, IA",https://stjosephsparish.org/,Diocese of Sioux City,Sunday Mass Schedule,https://www.scdiocese.org/parishfinder
St. Mary Church,"609 10th St, Alton, IA, 51003",http://pilgrimcluster.org/,Diocese of Sioux City,Sunday Mass Schedule,https://www.scdiocese.org/parishfinder
St. Mary's Catholic Church,"Storm Lake, Iowa",https://stormlakecatholic.com/,Diocese of Sioux City,Sunday Mass Schedule,https://www.scdiocese.org/parishfinder
St. Mary's Catholic Church,"Spirit Lake, IA",https://oe87qa.sites.ecatholic.com/,Diocese of Sioux City,Sunday Mass Schedule,https://www.scdiocese.org/parishfinder
St. Mary's Catholic Church,"Humboldt, IA",https://humboldtareacc.org/,Diocese of Sioux City,Sunday Mass Schedule,https://www.scdiocese.org/parishfinder
St. Mary's Parish,"Remsen, IA",https://mostholynameofmary.org/,Diocese of Sioux City,Sunday Mass Schedule,https://www.scdiocese.org/parishfinder
St. Rose of Lima,"Denison, IA",,Diocese of Sioux City,Sunday Mass Schedule,https://www.scdiocese.org/parishfinder
St. Sebastian Parish,"Pocahontas, IA",https://stsebastianparish.org/,Diocese of Sioux City,Sunday Mass Schedule,https://www.scdiocese.org/parishfinder
West Fork Catholic Community,"Moville/Kingsley, IA",https://westforkcatholiccommunity.org/,Diocese of Sioux City,Sunday Mass Schedule,https://www.scdiocese.org/parishfinder
All Saints Parihs: St. Joseph,"23533 K 22, Merrill, IA, 51038",https://www.allsaintslemars.org/,Diocese of Sioux City,ALL PARISH GROUPING,https://www.scdiocese.org/parishfinder
All Saints Parish--St. James Church,"109 6th Avenue SW, Le Mars, IA, 51031",http://www.allsaintslemars.org/,Diocese of Sioux City,ALL PARISH GROUPING,https://www.scdiocese.org/parishfinder
All Saints Parish--St. Joseph Church,"605 Plymouth St NE, Le Mars, IA, 51031",http://www.allsaintslemars.org/,Diocese of Sioux City,ALL PARISH GROUPING,https://www.scdiocese.org/parishfinder
Ascension Parish -Sacred Heart Church,"915 12th St., Boone, IA, 50036",https://boonecountycatholics.org/,Diocese of Sioux City,ALL PARISH GROUPING,https://www.scdiocese.org/parishfinder
Ascension Parish -St. John Church,"801 W. Division St., Ogden, IA, 50212",https://boonecountycatholics.org/,Diocese of Sioux City,ALL PARISH GROUPING,https://www.scdiocese.org/parishfinder
Ascension Parish -St. Malachy Church,"405 Gerald Street, Madrid, IA, 50156",https://boonecountycatholics.org/,Diocese of Sioux City,ALL PARISH GROUPING,https://www.scdiocese.org/parishfinder
Cathedral of the Epiphany,"1000 Douglas St, Sioux City,, IA, 51105",http://www.sccathedral.org/,Diocese of Sioux City,ALL PARISH GROUPING,https://www.scdiocese.org/parishfinder
Cathedral of The Epiphany - St. Boniface Worship Site,"703 West 5th Street, Sioux City,, IA, 51103",http://www.sccathedral.org/,Diocese of Sioux City,ALL PARISH GROUPING,https://www.scdiocese.org/parishfinder
Cathedral of the Epiphany - St. Joseph Worship Site,"1112 8th Street, Sioux City, IA, 51105",http://www.sccathedral.org/,Diocese of Sioux City,ALL PARISH GROUPING,https://www.scdiocese.org/parishfinder
Divine Mercy Parish -St. Joseph Church,"1023 Highway 169, Bode, IA, 50519",https://dmparish.org/,Diocese of Sioux City,ALL PARISH GROUPING,https://www.scdiocese.org/parishfinder
Divine Mercy Parish-Sacred Heart Church,"205 Logan St, Ledyard, IA, 50556",https://dmparish.org/,Diocese of Sioux City,ALL PARISH GROUPING,https://www.scdiocese.org/parishfinder
Divine Mercy Parish-St. Cecelia Church,"715 E North St, Algona, IA, 50511",https://dmparish.org/,Diocese of Sioux City,ALL PARISH GROUPING,https://www.scdiocese.org/parishfinder
Divine Mercy Parish-St. John The Baptist Church,"204 S Summit St, Bancroft, IA, 50517",https://dmparish.org/,Diocese of Sioux City,ALL PARISH GROUPING,https://www.scdiocese.org/parishfinder
Divine Mercy Parish-St. Joseph Church,"405 East St S, Wesley, IA, 50483",https://dmparish.org/,Diocese of Sioux City,ALL PARISH GROUPING,https://www.scdiocese.org/parishfinder
Divine Mercy Parish-St. Michael Church,"603 3rd St, Whittemore, IA, 50598",https://dmparish.org/,Diocese of Sioux City,ALL PARISH GROUPING,https://www.scdiocese.org/parishfinder
Divine Mercy Parish-Sts. Peter & Paul Church,"206 1st Ave NW, West Bend, IA, 50597",https://dmparish.org/,Diocese of Sioux City,ALL PARISH GROUPING,https://www.scdiocese.org/parishfinder
Good Shepherd Catholic Parish -Carroll County,"304 N 2rd Street, Breda, IA, 51436",https://gscpcarrollco.org/,Diocese of Sioux City,ALL PARISH GROUPING,https://www.scdiocese.org/parishfinder
Good Shepherd Catholic Parish -St. Bernard Church,"206 N. 2nd Street PO Box 39, Breda, IA, 51436-0039",https://gscpcarrollco.org/,Diocese of Sioux City,ALL PARISH GROUPING,https://www.scdiocese.org/parishfinder
Good Shepherd Catholic Parish -St. John the Baptist Church,"610 S Gault St PO Box 23, Arcadia, IA, 51430-0023",https://gscpcarrollco.org/,Diocese of Sioux City,ALL PARISH GROUPING,https://www.scdiocese.org/parishfinder
Good Shepherd Catholic Parish- Sacred Heart Church,"202 S 5th Ave., Templeton, IA, 51463",https://gscpcarrollco.org/,Diocese of Sioux City,ALL PARISH GROUPING,https://www.scdiocese.org/parishfinder
Holy Cross Parish - Blessed Sacrament Worship Site,"3012 Jackson Street, Sioux City, IA, 51104",http://www.holycrosssc.org/,Diocese of Sioux City,ALL PARISH GROUPING,https://www.scdiocese.org/parishfinder
Holy Cross Parish - St. Michael Worship Site,"2223 Indian Hills, Sioux City, IA, 51104",http://www.holycrosssc.org/,Diocese of Sioux City,ALL PARISH GROUPING,https://www.scdiocese.org/parishfinder
Holy Family -St. Patrick Church,"903 Central Ave, Estherville, IA, 51334",https://stpatstmary.com/,Diocese of Sioux City,ALL PARISH GROUPING,https://www.scdiocese.org/parishfinder
Holy Family Church,"2003 Broadway Street, Emmetsburg, IA, 50536",http://holyfamilyemmetsburg.org/,Diocese of Sioux City,ALL PARISH GROUPING,https://www.scdiocese.org/parishfinder
Holy Family- Immaculate Conception Church,"503 West Olive St., Graettinger, IA, 51334",http://holyfamilyemmetsburg.org/,Diocese of Sioux City,ALL PARISH GROUPING,https://www.scdiocese.org/parishfinder
Holy Family- St. Mary Church,"404 5th Ave, Armstrong, IA, 50514",https://stpatstmary.com/,Diocese of Sioux City,ALL PARISH GROUPING,https://www.scdiocese.org/parishfinder
Holy Name Church,"1108 S. Carroll St., Rock Rapids, IA, 51246",https://holymarycluster.com/,Diocese of Sioux City,ALL PARISH GROUPING,https://www.scdiocese.org/parishfinder
Holy Trinity Catholic Church,"2220 4th Ave N, Fort Dodge, IA, 50501",http://holytrinitywci.org/,Diocese of Sioux City,ALL PARISH GROUPING,https://www.scdiocese.org/parishfinder
Immaculate Conception Church,"709 W. Cedar, Cherokee, IA, 51012",http://cherokeecountycatholics.org/,Diocese of Sioux City,ALL PARISH GROUPING,https://www.scdiocese.org/parishfinder
Mater Dei Parish - Immaculate Conception Worship Site,"1212 Morningside Ave, Sioux City, IA, 51106",http://www.materdeisc.org/,Diocese of Sioux City,ALL PARISH GROUPING,https://www.scdiocese.org/parishfinder
Mater Dei Parish - Nativity of Our Lord Jesus Christ Worship Site,"4242 Natalia Way, Sioux City, IA, 51106",http://www.materdeisc.org/,Diocese of Sioux City,ALL PARISH GROUPING,https://www.scdiocese.org/parishfinder
Most Holy Name of Mary- St. Mary Church,"121 E. 4th St., Remsen, IA, 51050",https://mostholynameofmary.org/,Diocese of Sioux City,ALL PARISH GROUPING,https://www.scdiocese.org/parishfinder
Most Holy Name of Mary-Holy Name Church,"100 N. Elm, Marcus, IA, 51035",https://mostholynameofmary.org/,Diocese of Sioux City,ALL PARISH GROUPING,https://www.scdiocese.org/parishfinder
Our Lady of Good Counsel,"517 Mueller St, Holstein, IA, 51025",http://cherokeecountycatholics.org/,Diocese of Sioux City,ALL PARISH GROUPING,https://www.scdiocese.org/parishfinder
Our Lady of Guadalupe-Christ the King Parish,"501 2nd St. SE, Sioux Center, IA, 51250",https://ourladyofguadalupeparish.net/,Diocese of Sioux City,ALL PARISH GROUPING,https://www.scdiocese.org/parishfinder
Our Lady of Guadelupe-St. Francis of Assisi Church,"744 Main St, Rockwell City, IA, 50579",http://www.calhouncatholic.org/,Diocese of Sioux City,ALL PARISH GROUPING,https://www.scdiocese.org/parishfinder
Our Lady of Gudelupe-St. Mary Church,"1821 14th Street, Rock Valley, IA, 51247",http://www.stmarysrockvalley.org/,Diocese of Sioux City,ALL PARISH GROUPING,https://www.scdiocese.org/parishfinder
Sacred Heart Church,"5010 Military Road, Sioux City, IA, 51103",http://www.sacredheartsiouxcity.com/,Diocese of Sioux City,ALL PARISH GROUPING,https://www.scdiocese.org/parishfinder
Sacred Heart Church,"501 Church St, Early, IA, 50535",http://www.stormlakecatholic.com/,Diocese of Sioux City,ALL PARISH GROUPING,https://www.scdiocese.org/parishfinder
Sacred Heart Church,"1111 4th Avenue West, Spencer, IA, 51301",https://www.spencersacredheart.com/,Diocese of Sioux City,ALL PARISH GROUPING,https://www.scdiocese.org/parishfinder
St.  Therese of Lisieux- St. Mary Church,"604 Peach St., Danbury , IA , 51019",https://www.herlittleway.org/,Diocese of Sioux City,ALL PARISH GROUPING,https://www.scdiocese.org/parishfinder
St. Andrew Church,"708 8th Street, Sibley, IA, 51249",https://hwy60catholiccluster.org/,Diocese of Sioux City,ALL PARISH GROUPING,https://www.scdiocese.org/parishfinder
St. Andrew Church- Ashton Worship Site,"643 6th St., Ashton, IA, 51232",http://www.hwy60catholiccluster.org/site/,Diocese of Sioux City,ALL PARISH GROUPING,https://www.scdiocese.org/parishfinder
"St. Andrew Church, St. Mary Church, St. Patrick Church","Sibley,, IA",https://holyrosarycp.org/,Diocese of Sioux City,ALL PARISH GROUPING,https://www.scdiocese.org/parishfinder
St. Anthony Church,"375 S Green Ave, Primghar, IA, 51245",https://www.spencersacredheart.com/,Diocese of Sioux City,ALL PARISH GROUPING,https://www.scdiocese.org/parishfinder
St. Bernard Catholic Church,"201 Main Street, Blencoe, IA, 51523",https://stjohnonawa.com/,Diocese of Sioux City,ALL PARISH GROUPING,https://www.scdiocese.org/parishfinder
St. Brigid Church,"602 E. Hager St., Grand Junction, IA, 50107",https://www.facebook.com/Greene-County-Catholic-Churches-353416508134535/,Diocese of Sioux City,ALL PARISH GROUPING,https://www.scdiocese.org/parishfinder
St. Columbkille Church,"807 Head St., Churdan, IA, 50050-7726",https://www.facebook.com/Greene-County-Catholic-Churches-353416508134535/,Diocese of Sioux City,ALL PARISH GROUPING,https://www.scdiocese.org/parishfinder
St. Donatus Parish-St Anthony Church,"PO Box 86   506 Elm Street, Hospers, IA, 51238",https://saintdonatus.org/st-anthony-hospers,Diocese of Sioux City,ALL PARISH GROUPING,https://www.scdiocese.org/parishfinder
St. Donatus Parish-St Joseph Church,"528 Elm Street, Granville, IA , 51022",https://saintdonatus.org/st-joseph-granville,Diocese of Sioux City,ALL PARISH GROUPING,https://www.scdiocese.org/parishfinder
St. Donatus Parish-St Mary Church,"609 10 Street, Alton, IA, 51003",https://saintdonatus.org/st-mary-alton,Diocese of Sioux City,ALL PARISH GROUPING,https://www.scdiocese.org/parishfinder
St. John Church,"1009 13th Street, Onawa, IA, 51040",http://stjohnonawa.com/,Diocese of Sioux City,ALL PARISH GROUPING,https://www.scdiocese.org/parishfinder
St. John Paul II Parish-Annunciation Church,"724 Elm St, Coon Rapids, IA, 50058",https://stjp2carroll.org/,Diocese of Sioux City,ALL PARISH GROUPING,https://www.scdiocese.org/parishfinder
St. John Paul II Parish-Holy Spirit Church,"421 E. Bluff Street, Carroll, IA, 51401",http://www.stjp2carroll.org/,Diocese of Sioux City,ALL PARISH GROUPING,https://www.scdiocese.org/parishfinder
St. John Paul II Parish-St. Elizabeth Seton Church,"226 W 6th St., Glidden, IA, 51443",https://stjp2carroll.org/,Diocese of Sioux City,ALL PARISH GROUPING,https://www.scdiocese.org/parishfinder
St. John Paul II Parish-St. Joseph Church,"502 Main Street, Dedham, IA, 51440",https://stjp2carroll.org/,Diocese of Sioux City,ALL PARISH GROUPING,https://www.scdiocese.org/parishfinder
St. John Paul II Parish-St. Lawrence Church,"1607 N. West St., Carroll, IA, 51401",http://www.stjp2carroll.org/,Diocese of Sioux City,ALL PARISH GROUPING,https://www.scdiocese.org/parishfinder
St. John Paul II Parish-St. Mary Church,"201 Olympic Ave, Willey, IA, 51401",https://stjp2carroll.org/,Diocese of Sioux City,ALL PARISH GROUPING,https://www.scdiocese.org/parishfinder
St. Joseph Church,"260 N. 4th Ave W, Hartley, IA, 51346",https://www.spencersacredheart.com/,Diocese of Sioux City,ALL PARISH GROUPING,https://www.scdiocese.org/parishfinder
St. Joseph Church,"501 N. Chestnut St., Jefferson, IA, 50129",https://www.facebook.com/Greene-County-Catholic-Churches-353416508134535/,Diocese of Sioux City,ALL PARISH GROUPING,https://www.scdiocese.org/parishfinder
St. Joseph Church,"1305 Okoboji Avenue, Milford, IA, 51351",http://www.stjosephmilford.org/,Diocese of Sioux City,ALL PARISH GROUPING,https://www.scdiocese.org/parishfinder
St. Joseph Church,"509 Center St, Wall Lake, IA, 51466",https://www.facebook.com/people/St-Joseph-Catholic-Church-Wall-Lake/100064269087067/,Diocese of Sioux City,ALL PARISH GROUPING,https://www.scdiocese.org/parishfinder
St. Joseph Church,"510 Tipton St, Salix, IA, 51052",,Diocese of Sioux City,ALL PARISH GROUPING,https://www.scdiocese.org/parishfinder
St. Martin Church,"400 South Hanson Blvd., Odebolt, IA, 51458",,Diocese of Sioux City,ALL PARISH GROUPING,https://www.scdiocese.org/parishfinder
St. Mary Church,"1005 Hill Ave Spirit Lake, IA, Spirit Lake, IA, 51360",https://stmarysspiritlake.org/,Diocese of Sioux City,ALL PARISH GROUPING,https://www.scdiocese.org/parishfinder
St. Mary Church,"1125 Ave L, Hawarden, IA, 51023",https://ourladyofguadalupeparish.net/,Diocese of Sioux City,ALL PARISH GROUPING,https://www.scdiocese.org/parishfinder
St. Mary Church,"1030 Blaine St, Larchwood,, IA, 51241",http://holymarycluster.webs.com/,Diocese of Sioux City,ALL PARISH GROUPING,https://www.scdiocese.org/parishfinder
St. Mary Church,"311 4th St N, Humboldt, IA, 515-332-2856",https://www.humboldtareacc.org/,Diocese of Sioux City,ALL PARISH GROUPING,https://www.scdiocese.org/parishfinder
St. Mary Church,"221 N. Lloyd Street, Lake City, IA, 51449",http://www.calhouncatholic.org/,Diocese of Sioux City,ALL PARISH GROUPING,https://www.scdiocese.org/parishfinder
St. Mary Church,"300 E. Third Street, Storm Lake, IA, 50588",http://www.stormlakecatholic.com/,Diocese of Sioux City,ALL PARISH GROUPING,https://www.scdiocese.org/parishfinder
St. Mary Church,"600 S 12th St, Sac City, IA, 50583",https://www.facebook.com/people/St-Joseph-Catholic-Church-Wall-Lake/100064269087067/,Diocese of Sioux City,ALL PARISH GROUPING,https://www.scdiocese.org/parishfinder
St. Mary Parish,"1821 14th St., Rock Valley, IA , 51427",https://ourladyofguadalupeparish.net/,Diocese of Sioux City,ALL PARISH GROUPING,https://www.scdiocese.org/parishfinder
St. Marys Parish - St. Joseph Worship Site,"408 S Main St, Schaller, IA, 51053",http://www.stormlakecatholic.com/,Diocese of Sioux City,ALL PARISH GROUPING,https://www.scdiocese.org/parishfinder
St. Patrick Church,"310 10th St, Sheldon, IA, 51201",https://hwy60catholiccluster.org/,Diocese of Sioux City,ALL PARISH GROUPING,https://www.scdiocese.org/parishfinder
St. Patrick-Our Lady of Guadalupe,"650 Dakota St, Akron, IA, 51001",https://ourladyofguadalupeparish.net/,Diocese of Sioux City,ALL PARISH GROUPING,https://www.scdiocese.org/parishfinder
St. Rose of Lima Parish,"916 2nd Avenue South, Denison, IA, 51442",https://denisoncatholic.com/,Diocese of Sioux City,ALL PARISH GROUPING,https://www.scdiocese.org/parishfinder
St. Rose of Lima Parish - Sacred Heart Worship Site,"537 3rd AVE, Manilla, IA, 51454",https://denisoncatholic.com/,Diocese of Sioux City,ALL PARISH GROUPING,https://www.scdiocese.org/parishfinder
St. Rose of Lima Parish: St. Ann  Church,"102 5th Ave, Vail, IA, 51465",https://denisoncatholic.com/,Diocese of Sioux City,ALL PARISH GROUPING,https://www.scdiocese.org/parishfinder
St. Rose of Lima: Sacred Heart Church,"203 Sue Street, Manning, IA, 51455",https://denisoncatholic.com/,Diocese of Sioux City,ALL PARISH GROUPING,https://www.scdiocese.org/parishfinder
St. Sebastian Parish,"202 W. Elm Ave, Pocahontas, IA, 50574",https://stsebastianparish.org/,Diocese of Sioux City,ALL PARISH GROUPING,https://www.scdiocese.org/parishfinder
St. Sebastian Parish- Our Lady of Good Counsel- Fonda,"521 Main St, Fonda, IA, 50540",,Diocese of Sioux City,ALL PARISH GROUPING,https://www.scdiocese.org/parishfinder
St. Therese of Lisieux -Sacred Heart Church,"800 North Main St, Ida Grove, IA, 51445",http://www.c-ccommunity.com/,Diocese of Sioux City,ALL PARISH GROUPING,https://www.scdiocese.org/parishfinder
St. Therese of Lisieux -St. Mary Church,"703 Heisler Street, Mapleton, IA, 51034",https://www.herlittleway.org/,Diocese of Sioux City,ALL PARISH GROUPING,https://www.scdiocese.org/parishfinder
St. Therese of Lisieux -St. Mary Church Mapleton,"703 Heisler St, Mapleton, IA, 51034",https://www.herlittleway.org/,Diocese of Sioux City,ALL PARISH GROUPING,https://www.scdiocese.org/parishfinder
St. Thomas Church,"1100 8th St, Manson, IA, 50563",http://www.calhouncatholic.org/,Diocese of Sioux City,ALL PARISH GROUPING,https://www.scdiocese.org/parishfinder
Sts. Isidore and Maria Parish- St. Joseph Church Anthon,"400 E Randolph St, Anthon, IA, 51004",http://westforkcatholiccommunity.org/mass-times,Diocese of Sioux City,ALL PARISH GROUPING,https://www.scdiocese.org/parishfinder
Sts. Isidore and Maria Parish-St. Michael Church,"208 BRANDON STREET, Kingsley, IA, 51028",http://westforkcatholiccommunity.org/,Diocese of Sioux City,ALL PARISH GROUPING,https://www.scdiocese.org/parishfinder
"Sts. Isidore and Maria Parish, Immaculate Conception Church-Moville","419 JONES STREET, Moville, IA, 51039",http://westforkcatholiccommunity.org/,Diocese of Sioux City,ALL PARISH GROUPING,https://www.scdiocese.org/parishfinder
ALL SAINTS ROMAN CATHOLIC CHURCH,"NEW ORLEANS, LA, 70114",https://allsaintschurchnola.org/,Archdiocese of New Orleans,Sunday Mass Schedule,https://www.arch-no.org/parishfinder
Annunciation Parish,"517 Avenue B, Bogalusa, LA, 70427",https://annunciationbogalusa.com/,Archdiocese of New Orleans,Sunday Mass Schedule,https://www.arch-no.org/parishfinder
Ascension of Our Lord Catholic Church,"1900 Greenwood Dr., LaPlace, LA, 70068",https://aolparish.org/,Archdiocese of New Orleans,Sunday Mass Schedule,https://www.arch-no.org/parishfinder
Assumption of Mary,"172 Noel Dr., Avondale, LA, 70094",https://gxducmelentroi.org/,Archdiocese of New Orleans,Sunday Mass Schedule,https://www.arch-no.org/parishfinder
Assumption of Our Lady Mission,"6951 Hwy 39, Braithewaite, LA, 70040",,Archdiocese of New Orleans,Sunday Mass Schedule,https://www.arch-no.org/parishfinder
Blessed Francis Seelos Catholic Church,"3037 Dauphine St., New Orleans, LA, 70117",https://05e8pa.sites.ecatholic.com/,Archdiocese of New Orleans,Sunday Mass Schedule,https://www.arch-no.org/parishfinder
Blessed Sacrament - St. Joan of Arc,"8321 Burthe Street, New Orleans, LA, 70118",,Archdiocese of New Orleans,Sunday Mass Schedule,https://www.arch-no.org/parishfinder
Blessed Trinity Catholic Church,"4230 S. Broad Street, New Orleans, LA, 70125",https://blessedtrinitynola.org/,Archdiocese of New Orleans,Sunday Mass Schedule,https://www.arch-no.org/parishfinder
Center of Jesus The Lord,"1236 N. Rampart St., New Orleans, LA, 70116",,Archdiocese of New Orleans,Sunday Mass Schedule,https://www.arch-no.org/parishfinder
Christ the King,"535 Deerfield Road, Terrytown, LA, 70056",https://christkingterrytown.com/,Archdiocese of New Orleans,Sunday Mass Schedule,https://www.arch-no.org/parishfinder
Church,"City, TX",,Archdiocese of New Orleans,Sunday Mass Schedule,https://www.arch-no.org/parishfinder
Corpus Christi-Epiphany,"2022 S. Bernard Ave., New Orleans, LA, 70116",https://www.ccecno.org/,Archdiocese of New Orleans,Sunday Mass Schedule,https://www.arch-no.org/parishfinder
CYO/Youth & Young Adult Ministry,"Archdiocese of New Orleans, LA",,Archdiocese of New Orleans,Sunday Mass Schedule,https://www.arch-no.org/parishfinder
Divine Mercy Catholic Church,"Kenner, LA",https://divinemercyparish.org/,Archdiocese of New Orleans,Sunday Mass Schedule,https://www.arch-no.org/parishfinder
Good Shepherd Parish at St. Stephen Church,"1025 Napoleon Avenue, New Orleans, LA, 70115",https://05yena.sites.ecatholic.com/,Archdiocese of New Orleans,Sunday Mass Schedule,https://www.arch-no.org/parishfinder
Holy Family,"155 Holy Family Lane, Luling, LA, 70070",https://holyfamilyluling.org/,Archdiocese of New Orleans,Sunday Mass Schedule,https://www.arch-no.org/parishfinder
Holy Family Parish,"1220 14th Ave., Franklinton, LA, 70438",https://holyfamilyfranklinton.org/,Archdiocese of New Orleans,Sunday Mass Schedule,https://www.arch-no.org/parishfinder
Holy Name of Jesus,"6367 St. Charles Avenue, New Orleans, LA, 70118",http://www.hnjchurch.org/,Archdiocese of New Orleans,Sunday Mass Schedule,https://www.arch-no.org/parishfinder
Holy Name of Mary,"400 Verret St., New Orleans, LA, 70114",https://holynameofmarynola.org/,Archdiocese of New Orleans,Sunday Mass Schedule,https://www.arch-no.org/parishfinder
Holy Spirit Catholic Church,"6201 Stratford Place, New Orleans, LA, 70131",https://holyspiritchurchnola.org/,Archdiocese of New Orleans,Sunday Mass Schedule,https://www.arch-no.org/parishfinder
Immaculate Conception Church,"4401 Seventh St., Marrero, LA, 70072",https://iccmarrero.org/,Archdiocese of New Orleans,Sunday Mass Schedule,https://www.arch-no.org/parishfinder
Immaculate Conception Jesuit Church,"130 Baronne Street, New Orleans, LA, 70112",https://jesuitchurch.net/,Archdiocese of New Orleans,Sunday Mass Schedule,https://www.arch-no.org/parishfinder
Infant Jesus of Prague,"Harvey, LA",https://5qlnoa.sites.ecatholic.com/,Archdiocese of New Orleans,Sunday Mass Schedule,https://www.arch-no.org/parishfinder
Infant Jesus of Prague Mission Church,"700 Maple Street, Harvey, LA, 70058",,Archdiocese of New Orleans,Sunday Mass Schedule,https://www.arch-no.org/parishfinder
Mary Help of Christians,"2114 Oakmere Drive, Harvey, LA, 70058",https://maryhelpofchristiansla.org/,Archdiocese of New Orleans,Sunday Mass Schedule,https://www.arch-no.org/parishfinder
Mary Queen of Peace,"1501 W. Causeway Approach, Mandeville, LA, 70471",http://www.maryqueenofpeace.org/,Archdiocese of New Orleans,Sunday Mass Schedule,https://www.arch-no.org/parishfinder
Mary Queen of Vietnam Church,"5069 Willowbrook Dr., New Orleans, LA, 70129",https://maryqueenvn.org/,Archdiocese of New Orleans,Sunday Mass Schedule,https://www.arch-no.org/parishfinder
"Mary, Queen of Peace Church","Mandeville, LA",https://maryqueenofpeace.org/,Archdiocese of New Orleans,,https://www.arch-no.org/parishfinder
Mater Dolorosa,"8128 Plum Street, New Orleans, LA, 70118",http://www.mdolorosa.com/,Archdiocese of New Orleans,,https://www.arch-no.org/parishfinder
Most Holy Trinity,"501 Holy Trinity Dr, Covington, LA, 70433",http://www.mhtcc.net/,Archdiocese of New Orleans,,https://www.arch-no.org/parishfinder
Most Holy Trinity,"Covington, LA",,Archdiocese of New Orleans,,https://www.arch-no.org/parishfinder
Our Lady of Divine Providence Roman Catholic Church,"8617 West Metairie Ave., Metairie, LA, 70003",https://oldp.org/,Archdiocese of New Orleans,,https://www.arch-no.org/parishfinder
Our Lady of Grace Catholic Church,"780 Highway 44, Reserve, LA, 70084",https://olgcommunity.com/,Archdiocese of New Orleans,,https://www.arch-no.org/parishfinder
Our Lady of Guadalupe Church & Shrine of St. Jude,"New Orleans, LA",https://judeshrine.com/,Archdiocese of New Orleans,,https://www.arch-no.org/parishfinder
Our Lady of Lavang Church,"6054 Vermillion Blvd., New Orleans, LA, 70122",https://lavangno.com/,Archdiocese of New Orleans,,https://www.arch-no.org/parishfinder
Our Lady of Lourdes,"2621 Colonial Blvd., Violet, LA, 70092",http://www.olol-church.com/,Archdiocese of New Orleans,,https://www.arch-no.org/parishfinder
Our Lady of Lourdes,"400 Westchester Place, Slidell, LA, 70458",https://ollparishslidell.com/,Archdiocese of New Orleans,,https://www.arch-no.org/parishfinder
Our Lady of Lourdes School,"Slidell, LA",https://ollonline.com/,Archdiocese of New Orleans,,https://www.arch-no.org/parishfinder
Our Lady of Perpetual Help,"1908 Short Street, Kenner, LA, 70062",http://www.olphla.net/,Archdiocese of New Orleans,,https://www.arch-no.org/parishfinder
Our Lady of Perpetual Help,"8968 Highway 23, Belle Chasse, LA, 70037",https://olphbc.org/,Archdiocese of New Orleans,,https://www.arch-no.org/parishfinder
Our Lady of Prompt Succor Catholic Church,"146 Fourth Street, Westwego, LA, 70094",https://olpsw.org/,Archdiocese of New Orleans,,https://www.arch-no.org/parishfinder
Our Lady of Prompt Succor Church,"2320 Paris Road, Chalmette, LA, 70043",https://olps-chalmette.org/,Archdiocese of New Orleans,,https://www.arch-no.org/parishfinder
Our Lady of the Holy Rosary Catholic Church,"1 Rectory Lane, Hahnville, LA, 70057",https://olhrhahnville.org/,Archdiocese of New Orleans,,https://www.arch-no.org/parishfinder
Our Lady of the Lake Church,"312 Lafitte Street, Mandeville, LA, 70448",https://ollparish.info/,Archdiocese of New Orleans,,https://www.arch-no.org/parishfinder
Our Lady of the Rosary,"3368 Esplanade Avenue, New Orleans, LA, 70119",https://olr-nola.org/,Archdiocese of New Orleans,,https://www.arch-no.org/parishfinder
Resurrection of Our Lord Catholic Church,"9701 Hammond Street, New Orleans, LA, 70127",https://resurrectionofourlord.org/,Archdiocese of New Orleans,,https://www.arch-no.org/parishfinder
Sacred Heart of Jesus,"28088 Main St., Lacombe, LA, 70445",http://sacredheartofjesusonline.org,Archdiocese of New Orleans,,https://www.arch-no.org/parishfinder
Sacred Heart of Jesus Catholic Church,"28088 Main Street, Lacombe, LA, 70445",,Archdiocese of New Orleans,,https://www.arch-no.org/parishfinder
Sacred Heart of Jesus Parish,"401 Spruce St., Norco, LA, 70079",https://sacredheartchurchnorco.org/,Archdiocese of New Orleans,,https://www.arch-no.org/parishfinder
Saint Joachim Catholic Church,"Marrero, LA",,Archdiocese of New Orleans,,https://www.arch-no.org/parishfinder
Saint Luke the Evangelist Catholic Church,"910 Cross Gates Blvd., Slidell, LA, 70461",https://saintlukeslidell.org/,Archdiocese of New Orleans,,https://www.arch-no.org/parishfinder
St. Agnes,"3310 Jefferson Highway, Jefferson, LA, 70121",http://www.stagnesjefferson.org/,Archdiocese of New Orleans,,https://www.arch-no.org/parishfinder
St. Agnes le Thi Thanh,"Marrero, LA",https://n16q0a.sites.ecatholic.com/,Archdiocese of New Orleans,,https://www.arch-no.org/parishfinder
St. Agnes le Thi Thanh,"6851 St. Le Thi Thanh Street, Marrero, LA, 70072",,Archdiocese of New Orleans,,https://www.arch-no.org/parishfinder
St. Agnes Le Thi Thanh Church,"Marrero, LA, 70072",https://stagneslethithanh.org/,Archdiocese of New Orleans,,https://www.arch-no.org/parishfinder
St. Alphonsus,"2030 Constance Street, New Orleans, LA, 70130",http://www.stalphonsusno.com/,Archdiocese of New Orleans,,https://www.arch-no.org/parishfinder
St. Andrew The Apostle,"3101 Eton Street, New Orleans, LA, 70131",http://www.standrewparish.net/,Archdiocese of New Orleans,,https://www.arch-no.org/parishfinder
St. Angela Merici Catholic Church,"901 Beverly Garden Drive, Metairie, LA, 70002",https://63v6na.sites.ecatholic.com/,Archdiocese of New Orleans,,https://www.arch-no.org/parishfinder
St. Ann Church and National Shrine,"3601 Transcontintental Drive, Metairie, LA, 70006",https://stannchurchandshrine.org/,Archdiocese of New Orleans,,https://www.arch-no.org/parishfinder
St. Anselm Catholic Church,"306 St. Mary Street, Madisonville, LA, 70447",https://stanselmparish.org/,Archdiocese of New Orleans,,https://www.arch-no.org/parishfinder
St. Anthony,"2653 Jean Lafitte Blvd., Lafitte, LA, 70067",https://stanthonylafitte.org/,Archdiocese of New Orleans,,https://www.arch-no.org/parishfinder
St. Anthony Mission,"924 Monroe Street, Gretna, LA, 70053",,Archdiocese of New Orleans,,https://www.arch-no.org/parishfinder
St. Anthony Mission,"Gretna, LA",https://35k2ga.sites.ecatholic.com/,Archdiocese of New Orleans,,https://www.arch-no.org/parishfinder
St. Anthony of Padua,"234 Angus Drive, Luling, LA, 70070",https://stanthonyluling.org/,Archdiocese of New Orleans,,https://www.arch-no.org/parishfinder
St. Anthony of Padua Catholic Church,"4640 Canal Street, New Orleans, LA, 70119",https://sapparish.org/,Archdiocese of New Orleans,,https://www.arch-no.org/parishfinder
St. Augustine,"1210 Governor Nicholls Street, New Orleans, LA, 70116",https://staugchurch.org/,Archdiocese of New Orleans,,https://www.arch-no.org/parishfinder
St. Benedict,"20370 Smith Road, Covington, LA, 70435",http://www.stbenedictchurchcovington.com/,Archdiocese of New Orleans,,https://www.arch-no.org/parishfinder
St. Benilde Catholic Church,"1901 Division Street, Metairie, LA, 70001",https://stbenilde.org/,Archdiocese of New Orleans,,https://www.arch-no.org/parishfinder
St. Bernard Catholic Church & Cemetery,"2805 Bayou Road, St. Bernard, LA, 70085",https://stbernard-stbla.com/,Archdiocese of New Orleans,,https://www.arch-no.org/parishfinder
St. Catherine of Siena Parish,"105 Bonnabel Blvd., Metairie, LA, 70005",https://scschurch.com/,Archdiocese of New Orleans,,https://www.arch-no.org/parishfinder
St. Charles Borromeo Catholic Church,"13396 River Road, Destrehan, LA, 70047",https://scblittleredchurch.org/,Archdiocese of New Orleans,,https://www.arch-no.org/parishfinder
St. Christopher the Martyr Catholic Church,"Metairie, LA",https://stchristopherano.com/,Archdiocese of New Orleans,,https://www.arch-no.org/parishfinder
St. Clement of Rome,"4317 Richland Ave., Metairie, LA, 70002",https://scrparish.org/,Archdiocese of New Orleans,,https://www.arch-no.org/parishfinder
St. Cletus,"3600 Claire Avenue, Gretna, LA, 70053",https://stcletuschurch.com/,Archdiocese of New Orleans,,https://www.arch-no.org/parishfinder
St. David Catholic Church,"5617 St. Claude Ave, New Orleans, LA, 70117",https://stdavidnola.com/,Archdiocese of New Orleans,,https://www.arch-no.org/parishfinder
St. Dominic,"775 Harrison Avenue, New Orleans, LA, 70124",https://www.stdominicparish.com/,Archdiocese of New Orleans,,https://www.arch-no.org/parishfinder
St. Dominic Parish,"New Orleans, LA",https://stdominicparish.com/,Archdiocese of New Orleans,,https://www.arch-no.org/parishfinder
St. Edward the Confessor Parish,"4921 West Metairie Ave, Metairie, LA, 70001",https://steddy.org/,Archdiocese of New Orleans,,https://www.arch-no.org/parishfinder
St. Francis of Assisi,"631 State Street, New Orleans, LA, 70118",https://stfrancisuptown.com/,Archdiocese of New Orleans,,https://www.arch-no.org/parishfinder
St. Francis Xavier Church,"444 Metairie Road, Metairie, LA, 70005",https://church.stfrancisxavier.com/,Archdiocese of New Orleans,,https://www.arch-no.org/parishfinder
St. Genevieve,"58203 Highway 433, Slidell, LA, 70460",https://stgenevieve.us/,Archdiocese of New Orleans,,https://www.arch-no.org/parishfinder
St. Jane de Chantal Parish,"72040 Maple St., Abita Springs, LA, 70420",https://stjaneabita.org/,Archdiocese of New Orleans,,https://www.arch-no.org/parishfinder
St. Jerome,"2400 33rd Street, Kenner, LA, 70065",https://stjeromecatholic.org/,Archdiocese of New Orleans,,https://www.arch-no.org/parishfinder
St. Joachim,"5505 Barataria Blvd., Marrero, LA, 70072",https://8yp0qa.sites.ecatholic.com/,Archdiocese of New Orleans,,https://www.arch-no.org/parishfinder
St. Joan of Arc Church,"529 W. 5th Street, LaPlace, LA, 70068",https://sjachurch.com/,Archdiocese of New Orleans,,https://www.arch-no.org/parishfinder
St. John of the Cross,"61030 Brier Lake Drive, Lacombe, LA, 70445",https://stjohnofthecrosslacombe.org/,Archdiocese of New Orleans,,https://www.arch-no.org/parishfinder
St. John Paul II,"6851 River Road, Waggaman, LA, 70094",https://oloacatholicchurch.org/,Archdiocese of New Orleans,,https://www.arch-no.org/parishfinder
St. John The Baptist,"2361 Highway 18, Edgard, LA, 70049",https://stjohnbaptistedgard.org/,Archdiocese of New Orleans,,https://www.arch-no.org/parishfinder
St. John the Baptist Parish,"11345 St. John Church Road, Folsom, LA, 70437",https://stjohnbaptistfolsom.org/,Archdiocese of New Orleans,,https://www.arch-no.org/parishfinder
St. Joseph,"1802 Tulane Avenue, New Orleans, LA, 70112",http://www.stjosephchurch-no.org/,Archdiocese of New Orleans,,https://www.arch-no.org/parishfinder
St. Joseph Abbey Church,"75376 River Road City, St. Benedict, LA, 70457",,Archdiocese of New Orleans,,https://www.arch-no.org/parishfinder
St. Joseph Church,"6450 Kathy Court, Algiers, LA, 70131",https://63l9ja.sites.ecatholic.com/,Archdiocese of New Orleans,,https://www.arch-no.org/parishfinder
St. Joseph Church,"610 Sixth Street, Gretna, LA, 70053",https://stjosephgretna.com/,Archdiocese of New Orleans,,https://www.arch-no.org/parishfinder
St. Joseph The Worker,"455 Ames Blvd., Marrero, LA, 70072",http://www.stjworker.com/,Archdiocese of New Orleans,,https://www.arch-no.org/parishfinder
St. Joseph the Worker,"Marrero, LA",https://q2p4ga.sites.ecatholic.com/,Archdiocese of New Orleans,,https://www.arch-no.org/parishfinder
St. Josephine Bakhita Catholic Church,"New Orleans, LA",https://sjbnola.org/,Archdiocese of New Orleans,,https://www.arch-no.org/parishfinder
St. Katherine Drexel,"2015 Louisiana Avenue, New Orleans, LA, 70115",https://stkatharinedrexelno.org/,Archdiocese of New Orleans,,https://www.arch-no.org/parishfinder
St. Leo The Great,"2916 Paris Ave., New Orleans, LA, 70119",,Archdiocese of New Orleans,,https://www.arch-no.org/parishfinder
St. Louis Cathedral,"New Orleans, LA",https://stlouiscathedral.org/,Archdiocese of New Orleans,,https://www.arch-no.org/parishfinder
St. Louis King of France Church,"1609 Carrollton Avenue, Metairie, LA, 70005",https://slkfchurch.com/,Archdiocese of New Orleans,,https://www.arch-no.org/parishfinder
St. Margaret Mary Roman Catholic Church,"1050 Robert Blvd., Slidell, LA, 70458",https://zg9da.sites.ecatholic.com/,Archdiocese of New Orleans,,https://www.arch-no.org/parishfinder
St. Maria Goretti,"7300 Crowder Blvd., New Orleans, LA, 70127",https://smg-nola.com/,Archdiocese of New Orleans,,https://www.arch-no.org/parishfinder
St. Mark,"10773 River Road, Ama, LA, 70031",https://stmarkama.com/,Archdiocese of New Orleans,,https://www.arch-no.org/parishfinder
St. Martha,"2555 Apollo Dr., Harvey, LA, 70058",https://stmarthaharvey.com/,Archdiocese of New Orleans,,https://www.arch-no.org/parishfinder
St. Martin de Porres,"New Orleans, LA",,Archdiocese of New Orleans,,https://www.arch-no.org/parishfinder
St. Martin de Porres,"2212 Prentiss Ave., New Orleans, LA, 70122",https://eqv91a.sites.ecatholic.com/,Archdiocese of New Orleans,,https://www.arch-no.org/parishfinder
St. Mary Magdalen,"6425 West Metairie Avenue, Metairie, LA, 70003",https://stmarymagdalenchurch.com/,Archdiocese of New Orleans,,https://www.arch-no.org/parishfinder
St. Mary's Academy,"New Orleans, LA",https://smaneworleans.com/,Archdiocese of New Orleans,,https://www.arch-no.org/parishfinder
St. Matthew The Apostle,"10021 Jefferson Highway, River Ridge, LA, 70123",http://www.stmatthew-riverridge.weconnect.com/,Archdiocese of New Orleans,,https://www.arch-no.org/parishfinder
St. Michael The Archangel Parish Mission,"81340 HWY 41, Bush, LA, 70431",,Archdiocese of New Orleans,,https://www.arch-no.org/parishfinder
St. Nicholas of Myra Mission,"21420 Chef Menteur Hwy., New Orleans, LA, 70129",,Archdiocese of New Orleans,,https://www.arch-no.org/parishfinder
St. Patrick,"724 Camp Street, New Orleans, LA, 70130",http://www.oldstpatricks.org/,Archdiocese of New Orleans,,https://www.arch-no.org/parishfinder
St. Patrick Catholic Church,"28698 Highway 23, Port Sulphur, LA, 70083",https://stpatrickportsulphur.com/,Archdiocese of New Orleans,,https://www.arch-no.org/parishfinder
St. Paul The Apostle Parish,"6828 Chef Menteur Highway, New Orleans, LA, 70126",https://stpaultheapostlechurch-nola.org/,Archdiocese of New Orleans,,https://www.arch-no.org/parishfinder
St. Peter Catholic Church,"125 East 19th Avenue, Covington, LA, 70433",https://stpeterparish.com/,Archdiocese of New Orleans,,https://www.arch-no.org/parishfinder
St. Peter Claver Catholic Church,"1923 St. Philip Street, New Orleans, LA, 70116",https://stpeterclaverneworleans.org/,Archdiocese of New Orleans,,https://www.arch-no.org/parishfinder
St. Peter Parish,"1550 Highway 44, Reserve, LA, 70084",https://st-peter-reserve.org/,Archdiocese of New Orleans,,https://www.arch-no.org/parishfinder
St. Philip Neri,"6500 Kawanee Avenue, Metairie, LA, 70003",http://www.stphilipneriparish.org/,Archdiocese of New Orleans,,https://www.arch-no.org/parishfinder
St. Philip Neri Parish,"Metairie, LA",https://spnparish.net/,Archdiocese of New Orleans,,https://www.arch-no.org/parishfinder
St. Pius X Catholic Parish,"6666 Spanish Fort Blvd., New Orleans, LA, 70124",https://parish.stpiusxnola.org/,Archdiocese of New Orleans,,https://www.arch-no.org/parishfinder
St. Rita of Cascia Parish,"7100 Jefferson Highway, Harahan, LA, 70123",https://stritaharahan.com/,Archdiocese of New Orleans,,https://www.arch-no.org/parishfinder
St. Rita Parish,"2729 Lowerline Street, New Orleans, LA, 70125",https://stritanola.com/,Archdiocese of New Orleans,,https://www.arch-no.org/parishfinder
St. Thomas,"17605 Hwy 15, Pointe a la Hache, LA, 70082",,Archdiocese of New Orleans,,https://www.arch-no.org/parishfinder
St. Thomas Catholic Church,"Braithwaite, LA",https://myparishstthomas.org/,Archdiocese of New Orleans,,https://www.arch-no.org/parishfinder
Sts. Peter and Paul Catholic Church,"66192 St. Mary Drive, Pearl River, LA, 70452",https://sppcprla.com/,Archdiocese of New Orleans,,https://www.arch-no.org/parishfinder
Tulane Catholic,"1037 Audubon St., 70119",https://catholic.tulane.edu/,Archdiocese of New Orleans,,https://www.arch-no.org/parishfinder
Visitation of Our Lady Catholic Church,"3500 Ames Blvd., Marrero, LA, 70072",https://vol.org/,Archdiocese of New Orleans,,https://www.arch-no.org/parishfinder
Church of the Immaculate Conception of the Blessed Virgin Mary and Mission of the Sacred Heart,"Denham Springs, Louisiana",https://icc-msh.org/,Diocese of Baton Rouge,Sunday Mass Schedule,https://www.diobr.org/parishfinder
Immaculate Conception,"1331 Hwy 401, Napoleonville, LA, 70390",http://www.bayoulandchurches.com,Diocese of Baton Rouge,Chapels,https://www.diobr.org/parishfinder
Most Sacred Heart,"29589 S. Poplar Street, Livingston, LA, 70754",http://www.icc-msh.org,Diocese of Baton Rouge,Chapels,https://www.diobr.org/parishfinder
Our Lady of Perpetual Help,"3147 Church Street, Jackson, LA, 70748",,Diocese of Baton Rouge,Chapels,https://www.diobr.org/parishfinder
Our Lady of Prompt Succor Chapel,"2350 Louisiana Ave, Lutcher, LA, 70071",,Diocese of Baton Rouge,Chapels,https://www.diobr.org/parishfinder
Our Lady of the Assumption,"11444 Church Street, Clinton, 70722",http://www.sjb-ola.org,Diocese of Baton Rouge,Chapels,https://www.diobr.org/parishfinder
Sacred Heart Chapel,"5445 Point Clair Rd, Carville, LA, 70721",http://www.stgabrielcatholicchurch.com/,Diocese of Baton Rouge,Chapels,https://www.diobr.org/parishfinder
"St. Augustine, Klotzville","174 Highway 1003, Belle Rose, LA, 70341",,Diocese of Baton Rouge,Chapels,https://www.diobr.org/parishfinder
St. Catherine of Siena,"4324 North Railroad Ave., Fordoche, LA, 70732",http://www.triparishes.org,Diocese of Baton Rouge,Chapels,https://www.diobr.org/parishfinder
St. Dominic,"620 Third Street., Independence, LA, 70443",http://materdolorosa.net,Diocese of Baton Rouge,Chapels,https://www.diobr.org/parishfinder
St. Francis Of Pointe Coupee Chapel,"10364 Pointe Coupee Rd., New Roads, LA, 70760",,Diocese of Baton Rouge,Chapels,https://www.diobr.org/parishfinder
St. Martin,"6821 Hwy 996, Belle Rose, LA, 70341",http://www.sesjchurch.com,Diocese of Baton Rouge,Chapels,https://www.diobr.org/parishfinder
St. Thomas the Apostle,"32191 Highway 22, Springfield, LA, 70462",http://www.stmargaretstthomas.com,Diocese of Baton Rouge,Chapels,https://www.diobr.org/parishfinder
St. Vincent de Paul,"6389 LA Highway 1, Innis, Louisiana, 70715",,Diocese of Baton Rouge,Chapels,https://www.diobr.org/parishfinder
Manresa House of Retreats,"5858 La 44, Convent, LA, 70723",https://www.manresala.org/,Diocese of Baton Rouge,Institutions & Retreats,https://www.diobr.org/parishfinder
St. Francis Chapel at Our Lady of the Lake Regional Medical Center,"5000 Hennessy Blvd., Baton Rouge, LA, 70808",https://ololrmc.com,Diocese of Baton Rouge,Institutions & Retreats,https://www.diobr.org/parishfinder
Ascension of Our Lord,"716 Mississippi Street, Donaldsonville, LA, 70346",http://www.donaldsonvillecatholics.com,Diocese of Baton Rouge,Parishes,https://www.diobr.org/parishfinder
Assumption of the Blessed Virgin Mary,"5604 Royal Street, Plattenville, LA, 70393",http://www.bayoulandchurches.com,Diocese of Baton Rouge,Parishes,https://www.diobr.org/parishfinder
Christ The King at LSU,"11 W Fraternity Ln, Baton Rouge, LA, 70803",http://www.ctklsu.org,Diocese of Baton Rouge,Parishes,https://www.diobr.org/parishfinder
Holy Family,"319 N. Jefferson Avenue, Port Allen, LA, 70767",http://holyfamilychurchpa.org,Diocese of Baton Rouge,Parishes,https://www.diobr.org/parishfinder
Holy Ghost,"600 N Oak Street, Hammond, LA, 70401",https://www.hgchurch.org/,Diocese of Baton Rouge,Parishes,https://www.diobr.org/parishfinder
Immaculate Conception,"12364 La Hwy 416, Lakeland, LA, 70752",http://www.immaculateconceptionlakeland.com,Diocese of Baton Rouge,Parishes,https://www.diobr.org/parishfinder
Immaculate Conception of the Blessed Virgin Mary,"1565 Curtis Street, Baton Rouge, LA, 70807",http://www.immaculateconceptionbr.org,Diocese of Baton Rouge,Parishes,https://www.diobr.org/parishfinder
Immaculate Conception of the Blessed Virgin Mary,"865 Hatchell Lane, Denham Springs, LA, 70726",http://www.icc-msh.org,Diocese of Baton Rouge,Parishes,https://www.diobr.org/parishfinder
Immaculate Heart of Mary,"11140 Highway 77, Maringouin, LA, 70757",http://www.triparishes.org,Diocese of Baton Rouge,Parishes,https://www.diobr.org/parishfinder
Mater Dolorosa,"620 Third Street, Independence, LA, 70443",http://materdolorosa.net,Diocese of Baton Rouge,Parishes,https://www.diobr.org/parishfinder
Most Blessed Sacrament,"15615 Jefferson Highway, Baton Rouge, LA, 70817",http://www.mbsparish.org,Diocese of Baton Rouge,Parishes,https://www.diobr.org/parishfinder
Most Sacred Heart of Jesus,"616 E Main Street, Gramercy, LA, 70052",https://www.rivrdcat.org/,Diocese of Baton Rouge,Parishes,https://www.diobr.org/parishfinder
Our Lady of Mercy,"445 Marquette Avenue, Baton Rouge, LA, 70806",http://www.olomchurch.com,Diocese of Baton Rouge,Parishes,https://www.diobr.org/parishfinder
Our Lady of Mount Carmel,"11485 Ferdinand St., St. Francisville, LA, 70755",http://www.felicianacatholic.org,Diocese of Baton Rouge,Parishes,https://www.diobr.org/parishfinder
Our Lady of Peace,"13281 Hwy 644, Vacherie, LA, 70090",https://canecatholics.com/,Diocese of Baton Rouge,Parishes,https://www.diobr.org/parishfinder
Our Lady of Pompeii,"14470 Highway 442 West, Tickfaw, LA, 70466",http://ourladyofpompeiiparish.com,Diocese of Baton Rouge,Parishes,https://www.diobr.org/parishfinder
Our Lady of Prompt Succor,"32615 Bowie Street, White Castle, LA, 70788-2609",https://www.parishesonline.com/find/our-lady-of-prompt-succor-catholic-church,Diocese of Baton Rouge,Parishes,https://www.diobr.org/parishfinder
Our Lady of the Holy Rosary,"44450 Hwy. 429, St. Amant, LA, 70774",http://olohr.com,Diocese of Baton Rouge,Parishes,https://www.diobr.org/parishfinder
Sacred Heart of Jesus,"2250 Main Street, Baton Rouge, LA, 70802",http://www.sacredheartbr.org,Diocese of Baton Rouge,Parishes,https://www.diobr.org/parishfinder
St. Agnes,"749 East Boulevard, Baton Rouge, LA, 70802",http://stagnesbr.com/,Diocese of Baton Rouge,Parishes,https://www.diobr.org/parishfinder
St. Albert the Great at SELU,"409 West Dakota Ave, Hammond, LA, 70401-2517",http://stalbertselu.org,Diocese of Baton Rouge,Parishes,https://www.diobr.org/parishfinder
St. Aloysius,"2025 Stuart Ave, Baton Rouge, LA, 70808",http://www.aloysius.org,Diocese of Baton Rouge,Parishes,https://www.diobr.org/parishfinder
St. Alphonsus Liguori,"14040 Greenwell Springs Road, Greenwell Springs, LA, 70739",http://www.alphonsus.org,Diocese of Baton Rouge,Parishes,https://www.diobr.org/parishfinder
St. Ann,"192 Church Street, Morganza, LA, 70759",http://goodsaintann.com,Diocese of Baton Rouge,Parishes,https://www.diobr.org/parishfinder
St. Anne,"7348 Main Street, Sorrento, LA, 70778",http://stannestanthony.org,Diocese of Baton Rouge,Parishes,https://www.diobr.org/parishfinder
St. Anne,"405 Franklin Street, Napoleonville, LA, 70390",http://www.bayoulandchurches.com,Diocese of Baton Rouge,Parishes,https://www.diobr.org/parishfinder
St. Anthony of Padua,"37311 Hwy. 22, Darrow, LA, 70725",http://www.stannestanthony.org,Diocese of Baton Rouge,Parishes,https://www.diobr.org/parishfinder
St. Augustine,"809 New Roads St, New Roads, LA, 70760",http://www.staugustinecatholic.net,Diocese of Baton Rouge,Parishes,https://www.diobr.org/parishfinder
St. Benedict the Moor,"5479 Highway 1, Napoleonville, LA, 70390",http://www.stbenaug.com,Diocese of Baton Rouge,Parishes,https://www.diobr.org/parishfinder
St. Catherine of Siena,"421 St. Patrick Street, Donaldsonville, Louisiana, 70346-3407",http://www.saintcatherinechurch.weebly.com,Diocese of Baton Rouge,Parishes,https://www.diobr.org/parishfinder
St. Elizabeth,"119 Highway 403, Paincourtville, LA, 70391",https://www.sesjchurch.com/,Diocese of Baton Rouge,Parishes,https://www.diobr.org/parishfinder
St. Frances Xavier Cabrini,"3523 Hwy. 78, Livonia, LA, 70755",http://www.triparishes.org,Diocese of Baton Rouge,Parishes,https://www.diobr.org/parishfinder
St. Francis of Assisi,"806 West 10th Street, Donaldsonville, LA, 70346",http://www.donaldsonvillecatholics.com,Diocese of Baton Rouge,Parishes,https://www.diobr.org/parishfinder
St. Francis Xavier,"1120 Myrtle Walk, Baton Rouge, LA, 70802",http://stfrancisxavierbr.org,Diocese of Baton Rouge,Parishes,https://www.diobr.org/parishfinder
St. Gabriel,"3625 Highway 75, St. Gabriel, LA, 70776",http://www.stgabrielcatholicchurch.com,Diocese of Baton Rouge,Parishes,https://www.diobr.org/parishfinder
St. George,"7808 St. George Drive, Baton Rouge, LA, 70809",http://www.st-george.org,Diocese of Baton Rouge,Parishes,https://www.diobr.org/parishfinder
St. Gerard Majella,"5354 Plank Road, Baton Rouge, LA, 70805",http://stgerardmajellachurch.org/,Diocese of Baton Rouge,Parishes,https://www.diobr.org/parishfinder
St. Helena,"122 S. 1st Street, Amite, LA, 70422",http://sthelenachurch.net,Diocese of Baton Rouge,Parishes,https://www.diobr.org/parishfinder
St. Isidore the Farmer,"5657 Thomas Road, Baton Rouge, LA, 70811",http://stisidorecommunity.org,Diocese of Baton Rouge,Parishes,https://www.diobr.org/parishfinder
St. James,"6613 LA Highway 18, St. James, LA, 70086",https://canecatholics.com,Diocese of Baton Rouge,Parishes,https://www.diobr.org/parishfinder
St. Jean Vianney,"16166 S Harrells Ferry Road, Baton Rouge, LA, 70816",http://www.stjeanvianney.org,Diocese of Baton Rouge,Parishes,https://www.diobr.org/parishfinder
St. John the Baptist,"4826 Main Street, Zachary, LA, 70791",http://www.sjb-ola.org,Diocese of Baton Rouge,Parishes,https://www.diobr.org/parishfinder
St. John the Baptist,"402 S. Kirkland Drive, Brusly, LA, 70719",http://www.sjb-brusly.com,Diocese of Baton Rouge,Parishes,https://www.diobr.org/parishfinder
St. John the Evangelist,"15208 Highway 73, Prairieville, LA, 70769-3507",http://www. stjohnchurch.org,Diocese of Baton Rouge,Parishes,https://www.diobr.org/parishfinder
St. John the Evangelist,"57805 Main Street, Plaquemine, LA, 70764",http://www.stjohnchurchplaq.org,Diocese of Baton Rouge,Parishes,https://www.diobr.org/parishfinder
St. Joseph,"15710 LA-16, French Settlement, LA, 70733",https://stjosephststephen.weconnect.com/,Diocese of Baton Rouge,Parishes,https://www.diobr.org/parishfinder
St. Joseph,"2130 Rectory Street, Paulina, LA, 70763",https://www.rivrdcat.org/,Diocese of Baton Rouge,Parishes,https://www.diobr.org/parishfinder
St. Joseph,"255 N 8th Street, Ponchatoula, LA, 70454",http://www.stjosephsonline.com,Diocese of Baton Rouge,Parishes,https://www.diobr.org/parishfinder
St. Joseph,"76940 Gum St., Grosse Tete, LA, 70740",http://www.triparishses.org,Diocese of Baton Rouge,Parishes,https://www.diobr.org/parishfinder
St. Joseph Cathedral,"401 Main Street, Baton Rouge, LA, 70802",http://www.cathedralbr.org,Diocese of Baton Rouge,Parishes,https://www.diobr.org/parishfinder
St. Joseph the Worker,"3304 Highway 70, Pierre Part, LA, 70339",http://www.sjworker.org,Diocese of Baton Rouge,Parishes,https://www.diobr.org/parishfinder
St. Jude the Apostle,"9150 Highland Road, Baton Rouge, LA, 70810",http://www.stjudecatholic.org,Diocese of Baton Rouge,Parishes,https://www.diobr.org/parishfinder
St. Jules,"7165 Highway 1, Belle Rose, LA, 70341",http://www.sesjchurch.com,Diocese of Baton Rouge,Parishes,https://www.diobr.org/parishfinder
"St. Margaret, Queen of Scotland","30300 Catholic Hall Road, Hammond, Louisiana, 70403",http://www.stmargaretstthomas.com,Diocese of Baton Rouge,Parishes,https://www.diobr.org/parishfinder
St. Mark,"42021 Hwy. 621, Gonzales, LA, 70737",http://stmark.weconnect.com,Diocese of Baton Rouge,Parishes,https://www.diobr.org/parishfinder
St. Mary of False River,"348 West Main Street, New Roads, LA, 70760-3514",http://stmarysfr.org,Diocese of Baton Rouge,Parishes,https://www.diobr.org/parishfinder
St. Michael the Archangel,"6490 LA Highway 55, Convent, LA, 70723",https://www.rivrdcat.org,Diocese of Baton Rouge,Parishes,https://www.diobr.org/parishfinder
St. Patrick,"12424 Brogdon Lane, Baton Rouge, LA, 70816",http://www.stpatrickbr.org,Diocese of Baton Rouge,Parishes,https://www.diobr.org/parishfinder
St. Paul the Apostle,"3912 Gus Young Ave, Baton Rouge, LA, 70802",http://stpaulbr.org/,Diocese of Baton Rouge,Parishes,https://www.diobr.org/parishfinder
St. Philip,"1175 LA Highway 18, Vacherie, LA, 70090",https://canecatholics.com/,Diocese of Baton Rouge,Parishes,https://www.diobr.org/parishfinder
St. Philomena,"108 Brule Road, Labadieville, LA, 70372",http://www.bayoulandchurches.com,Diocese of Baton Rouge,Parishes,https://www.diobr.org/parishfinder
St. Stephen the Martyr,"22494 LA Highway 22, Maruepas, LA, 70449",https://stjosephststephen.weconnect.com,Diocese of Baton Rouge,Parishes,https://www.diobr.org/parishfinder
St. Theresa of Avila,"1022 N. Burnside Ave, Gonzales, LA, 70737",https://www.stachurch.net/,Diocese of Baton Rouge,Parishes,https://www.diobr.org/parishfinder
St. Thomas More,"11441 Goodwood Boulevard, Baton Rouge, LA, 70815",http://www.stmbr.org,Diocese of Baton Rouge,Parishes,https://www.diobr.org/parishfinder
Sts. Anthony of Padua & Le Van Phung,"2305 Choctaw Drive, Baton Rouge, LA, 70805",http://www.stanthonybr.com,Diocese of Baton Rouge,Parishes,https://www.diobr.org/parishfinder
Các Thánh lễ bằng tiếng Việt được cử hành tại các địa điểm sau:,,,Diocese of Houma-Thibodaux,,https://www.htdiocese.org/parishfinder
Misas en Español se celebran en los siguientes lugares:,,,Diocese of Houma-Thibodaux,,https://www.htdiocese.org/parishfinder
Cathedral of St. Francis de Sales,"500 Goode Street, Houma, Louisiana, 70360",,Diocese of Houma-Thibodaux,2 Cathedrals of the Diocese,https://www.htdiocese.org/parishfinder
St. Joseph Co-Cathedral,"721 Canal Blvd., Thibodaux, LA, 70301",http://www.stjoseph-cc.org,Diocese of Houma-Thibodaux,2 Cathedrals of the Diocese,https://www.htdiocese.org/parishfinder
St. Andrew Church,"833 Julia Street, Amelia, LA, 70340",http://www.StAndrewcentral.org,Diocese of Houma-Thibodaux,Amelia,https://www.htdiocese.org/parishfinder
Thanh Gia (Holy Family): Personal Church Parish for the Vietnamese Community,"711 Magnolia Street, Amelia, LA, 70340",https://www.htdiocese.org/thanhgia,Diocese of Houma-Thibodaux,Amelia,https://www.htdiocese.org/parishfinder
St. Anthony of Padua,"3897 Bayou Black Drive, Houma, Louisiana, 70360",https://stanthonybayoublack.org,Diocese of Houma-Thibodaux,Bayou Black,https://www.htdiocese.org/parishfinder
"St. Louis, King of France","2226 Bayou Blue Road, Houma, LA, 70364",https://stlouishouma.com/,Diocese of Houma-Thibodaux,Bayou Blue,https://www.htdiocese.org/parishfinder
St. Ann,"4355 Highway 24, Bourg, Louisiana, 70343",https://stannbourg.org/,Diocese of Houma-Thibodaux,Bourg,https://www.htdiocese.org/parishfinder
St. Lawrence  | Chacahoula,"2128 Bull Run Road, Schriever, LA, 70395",https://www.htdiocese.org/stlawrencechacahoula,Diocese of Houma-Thibodaux,Chacahoula,https://www.htdiocese.org/parishfinder
Our Lady of Prompt Succor,"529 Highway 20, Thibodaux, LA, 70301",https://www.olopschackbay.org/,Diocese of Houma-Thibodaux,Chackbay,https://www.htdiocese.org/parishfinder
St. Joseph,"5232 Highway 56, Chauvin, LA, 70344",http://www.stjosephchauvin.org,Diocese of Houma-Thibodaux,Chauvin,https://www.htdiocese.org/parishfinder
Sacred Heart,"15300 West Main, Cut Off, LA, 70345",https://sacredheartcutoff.org/,Diocese of Houma-Thibodaux,Cut Off,https://www.htdiocese.org/parishfinder
St. Joseph,"17980 West Main Street, Galliano, LA, 70354",https://stjosephgalliano.org/,Diocese of Houma-Thibodaux,Galliano,https://www.htdiocese.org/parishfinder
The Community of St. Anthony (Ministry of St. Hilary of Poitiers Church),"1701 Highway 654, Gheens, LA, 70355",http://www.sthilaryraceland.org/st-anthony,Diocese of Houma-Thibodaux,Gheens,https://www.htdiocese.org/parishfinder
Our Lady of Prompt Succor,"723 North Bayou Dr. , Golden Meadow, Louisiana, 70357",https://olopsgoldenmeadow.org/,Diocese of Houma-Thibodaux,Golden Meadow,https://www.htdiocese.org/parishfinder
Holy Family,"6641 Grand Caillou Rd., Dulac, Louisiana, 70353",https://holyfamilydulac.org/,Diocese of Houma-Thibodaux,Grand Caillou,https://www.htdiocese.org/parishfinder
Our Lady of the Isle,"195 Ludwig Lane, Grand Isle, LA, 70358",https://www.ourladyoftheisle.com/,Diocese of Houma-Thibodaux,Grand Isle,https://www.htdiocese.org/parishfinder
Annunziata,"2011 Acadian Drive, Houma, LA, 70363",https://annunziatacatholicchurch.godaddysites.com/,Diocese of Houma-Thibodaux,Houma,https://www.htdiocese.org/parishfinder
Maria Immacolata,"246 Corporate Drive, Houma, LA, 70360",https://www.micchouma.org/,Diocese of Houma-Thibodaux,Houma,https://www.htdiocese.org/parishfinder
Our Lady of the Most Holy Rosary,"8594 Main Street, Houma, LA, 70363",http://www.holyrosaryhouma.com/,Diocese of Houma-Thibodaux,Houma,https://www.htdiocese.org/parishfinder
St. Bernadette Soubirous,"409 Funderburk Avenue, Houma, LA, 70364",https://www.stbernadettechurchhouma.com/,Diocese of Houma-Thibodaux,Houma,https://www.htdiocese.org/parishfinder
St. Gregory Barbarigo,"1005 Williams Avenue, Houma, LA, 70364",http://www.stgregorychurchhouma.org,Diocese of Houma-Thibodaux,Houma,https://www.htdiocese.org/parishfinder
St. Lucy,"1220 Aycock Street, Houma, LA, 70360",https://htdiocese.org/stlucy,Diocese of Houma-Thibodaux,Houma,https://www.htdiocese.org/parishfinder
St. Lawrence the Martyr | St. James Chapel,"3723 Highway 307, Thibodaux, Louisiana, 70301",https://stlstjchurch.org/,Diocese of Houma-Thibodaux,Kraemer,https://www.htdiocese.org/parishfinder
Our Lady of the Rosary,"12911 East Main Street, Larose, LA, 70373",https://olrlarose.org/,Diocese of Houma-Thibodaux,Larose,https://www.htdiocese.org/parishfinder
Holy Savior,"612 Main Street, Lockport, Louisiana, 70374",https://holysaviorchurch.org/,Diocese of Houma-Thibodaux,Lockport,https://www.htdiocese.org/parishfinder
St. Hilary of Poitiers,"333 Twin Oaks Drive, Raceland, LA, 70394",https://sthilaryraceland.org/,Diocese of Houma-Thibodaux,Mathews,https://www.htdiocese.org/parishfinder
Sacred Heart,"1111 Highway 55, Montegut, LA, 70377",https://www.shmontegut.org/,Diocese of Houma-Thibodaux,Montegut,https://www.htdiocese.org/parishfinder
Holy Cross,"2100 Cedar St., Unit 3, Morgan City, LA, 70380",http://holycrossmc.org/,Diocese of Houma-Thibodaux,Morgan City,https://www.htdiocese.org/parishfinder
Sacred Heart,"415 Union Street, Morgan City, LA, 70380",https://sacredheartmc.org/,Diocese of Houma-Thibodaux,Morgan City,https://www.htdiocese.org/parishfinder
St. Charles Borromeo,"1237 Highway 665, Montegut, LA, 70377",https://sites.google.com/site/stcbpac,Diocese of Houma-Thibodaux,Pointe-aux-Chenes,https://www.htdiocese.org/parishfinder
St. Mary's Nativity,"3500 Highway 1, Raceland, LA, 70394",https://www.stmnparish.org/,Diocese of Houma-Thibodaux,Raceland,https://www.htdiocese.org/parishfinder
St. Bridget,"100 Hwy 311 , Schriever, Louisiana, 70395-3273",https://stbridget-htdiocese.org/,Diocese of Houma-Thibodaux,Schriever,https://www.htdiocese.org/parishfinder
Blessed Sacrament Chapel,"138 Caroll St., Gibson, Louisiana, 70356",https://gcatholic.org/churches/usa-05/38941.htm?fbclid=IwY2xjawT8LcZwZG9mAWV4dG4DYWVtAjEwAHNydGMGYXBwX2lkEDIyMjAzOTE3ODgyMDA4OTIAAR6l0IfxqGyqwpvnLRAgqtiIPCX3Vex7HoZHR6KBFyUyTM85MMbRON-T2eKy8A_aem_sJv2LOhrRKfgxoW3ll_LnA,Diocese of Houma-Thibodaux,Special Ministries,https://www.htdiocese.org/parishfinder
St. Charles Borromeo,"1985 Highway 308, Thibodaux, LA, 70301",http://www.stcharlesthibodaux.org,Diocese of Houma-Thibodaux,St. Charles Community,https://www.htdiocese.org/parishfinder
St. Eloi,"1335 Bayou Dularge Road, Theriot, LA, 70397",https://www.steloichurch.org/,Diocese of Houma-Thibodaux,Theriot,https://www.htdiocese.org/parishfinder
Christ the Redeemer,"702 Talbot Ave, Thibodaux, LA, 70301",http://ctr-htdiocese.org,Diocese of Houma-Thibodaux,Thibodaux,https://www.htdiocese.org/parishfinder
St. Genevieve,"815 Barbier Avenue, Thibodaux, Louisiana, 70301",https://stgenevievechurch.com/,Diocese of Houma-Thibodaux,Thibodaux,https://www.htdiocese.org/parishfinder
St. John the Evangelist,"2085 St. Mary Street, Thibodaux, LA, 70301",https://stjohnthibodaux.weconnect.com/,Diocese of Houma-Thibodaux,Thibodaux,https://www.htdiocese.org/parishfinder
St. Luke the Evangelist,"300 East 11th Street, Thibodaux, LA, 70301",https://htdiocese.org/stluke,Diocese of Houma-Thibodaux,Thibodaux,https://www.htdiocese.org/parishfinder
St. Thomas Aquinas,"204 Madewood Drive, Thibodaux, Louisiana, 70301",https://nsucatholics.org/,Diocese of Houma-Thibodaux,Thibodaux,https://www.htdiocese.org/parishfinder
Annunciation of the Blessed Virgin Mary Church,"4476 Duralde Hwy, Eunice/Duralde, LA, 70535",,Diocese of Lafayette in Louisiana,Churches,https://www.diolaf.org/parishfinder
Assumption of the Blessed Virgin Mary,"6080 Mire Highway, Mire, LA, 70525",,Diocese of Lafayette in Louisiana,Churches,https://www.diolaf.org/parishfinder
Cathedral of St. John the Evangelist,"914 St. John Street, Lafayette, LA, 70501-6701",http://www.saintjohncathedral.org,Diocese of Lafayette in Louisiana,Churches,https://www.diolaf.org/parishfinder
Church of the Assumption Blessed Virgin Mary,"915 Main Street, Franklin, LA, 70538",http://www.churchofassumption.com/,Diocese of Lafayette in Louisiana,Churches,https://www.diolaf.org/parishfinder
Holy Cross Church,"415 Robley Drive, Lafayette, LA, 70503",http://www.holycrosslafayette.com/,Diocese of Lafayette in Louisiana,Churches,https://www.diolaf.org/parishfinder
Holy Family Church,"291 Thibodeaux Street, Lawtell, LA, 70550",,Diocese of Lafayette in Louisiana,Churches,https://www.diolaf.org/parishfinder
Holy Ghost Church,"747 North Union Street, Opelousas, LA, 70570",http://www.hgcatholic.org/,Diocese of Lafayette in Louisiana,Churches,https://www.diolaf.org/parishfinder
Holy Trinity Church,"414 E St. Mitchell Street, Washington, LA, 70589",,Diocese of Lafayette in Louisiana,Churches,https://www.diolaf.org/parishfinder
Immaculate Conception Church,"103 Lebeau Church Road, Lebeau, LA, 71345",,Diocese of Lafayette in Louisiana,Churches,https://www.diolaf.org/parishfinder
Immaculate Conception Church,"330 E. Moundville Street, Washington, LA, 70589-0116",,Diocese of Lafayette in Louisiana,Churches,https://www.diolaf.org/parishfinder
Immaculate Conception Church,"123 N Jules Avenue, Morse, LA, 70559",,Diocese of Lafayette in Louisiana,Churches,https://www.diolaf.org/parishfinder
Immaculate Conception Church,"3041 Chitamacha Trail, Charenton, LA, 70523",,Diocese of Lafayette in Louisiana,Churches,https://www.diolaf.org/parishfinder
Immaculate Heart of Mary Church,"901 East Elm Street, Crowley, LA, 70526-6498",,Diocese of Lafayette in Louisiana,Churches,https://www.diolaf.org/parishfinder
Immaculate Heart of Mary Church,"818 12th Street, Lafayette, LA, 70502-2398",http://www.ihmchurchlafayette.com/,Diocese of Lafayette in Louisiana,Churches,https://www.diolaf.org/parishfinder
Nativity of Our Lady Church,"130 North Richelieu Circle, New Iberia, LA, 70560",http://www.nativityni.org,Diocese of Lafayette in Louisiana,Churches,https://www.diolaf.org/parishfinder
Notre Dame Perpetual Secours Church,"201 Gary Street, St. Martinville, LA, 70582",,Diocese of Lafayette in Louisiana,Churches,https://www.diolaf.org/parishfinder
Our Lady of Fatima Church,"2319 Johnston Street, Lafayette, LA, 70503-2753",http://fatimalafayette.org/,Diocese of Lafayette in Louisiana,Churches,https://www.diolaf.org/parishfinder
Our Lady of Lourdes Church,"700 South Broadway Street, Erath, LA, 70533",http://www.ololcatholic.com/,Diocese of Lafayette in Louisiana,Churches,https://www.diolaf.org/parishfinder
Our Lady of Mercy Church,"207 North Camille Street, Opelousas, LA, 70570",http://www.ourladymercy.org/,Diocese of Lafayette in Louisiana,Churches,https://www.diolaf.org/parishfinder
Our Lady of Mercy Church,"1454 Henderson Highway, Breaux Bridge / Henderson, LA, 70517",,Diocese of Lafayette in Louisiana,Churches,https://www.diolaf.org/parishfinder
Our Lady of Mt. Carmel Church,"5706 Vine Street, Chataignier, LA, 70524-0100",,Diocese of Lafayette in Louisiana,Churches,https://www.diolaf.org/parishfinder
Our Lady of Perpetual Help,"12995 LA Hwy. 699, Maurice / Leroy, LA, 70555",,Diocese of Lafayette in Louisiana,Churches,https://www.diolaf.org/parishfinder
Our Lady of Perpetual Help Church,"1303 St. Jude Avenue, New Iberia, LA, 70560",http://www.olphni.com/,Diocese of Lafayette in Louisiana,Churches,https://www.diolaf.org/parishfinder
Our Lady of Prompt Succor Church,"2409 Coteau Rd, New Iberia / Coteau, LA, 70560",,Diocese of Lafayette in Louisiana,Churches,https://www.diolaf.org/parishfinder
Our Lady of the Assumption Church,"410 North Michaud Street, Carencro, LA, 70520",,Diocese of Lafayette in Louisiana,Churches,https://www.diolaf.org/parishfinder
Our Lady of the Holy Rosary Church,"602 North Church Avenue, Kaplan, LA, 70548",,Diocese of Lafayette in Louisiana,Churches,https://www.diolaf.org/parishfinder
Our Lady of the Lake Church,"206 West Church Street, Delcambre, LA, 70528",,Diocese of Lafayette in Louisiana,Churches,https://www.diolaf.org/parishfinder
Our Lady of the Rosary Church,"11200 Old Jeanerette Road, Jeanerette, LA, 70544-3142",,Diocese of Lafayette in Louisiana,Churches,https://www.diolaf.org/parishfinder
Our Lady of the Sacred Heart Church,"118 North Rogers Street, Church Point, LA, 70525",,Diocese of Lafayette in Louisiana,Churches,https://www.diolaf.org/parishfinder
Our Lady of Victory Church,"120 Daigre Street, Loreauville, LA, 70552",,Diocese of Lafayette in Louisiana,Churches,https://www.diolaf.org/parishfinder
Our Lady of Wisdom Church,"501 East St. Mary Blvd., Lafayette, LA, 70503",http://ourladyofwisdom.org/,Diocese of Lafayette in Louisiana,Churches,https://www.diolaf.org/parishfinder
Our Lady Queen of All Saints,"1220 Dardeau Street, Ville Platte, LA, 70586",http://olqas.org/,Diocese of Lafayette in Louisiana,Churches,https://www.diolaf.org/parishfinder
Our Lady Queen of Angels,"2136 South Union Street, Opelousas, LA, 70570",http://www.queenofangelschurch.org/,Diocese of Lafayette in Louisiana,Churches,https://www.diolaf.org/parishfinder
Our Lady Queen of Peace Church,"145 Martin Luther King Jr. Drive, Lafayette, LA, 70501-1025",,Diocese of Lafayette in Louisiana,Churches,https://www.diolaf.org/parishfinder
Our Mother of Mercy Church,"693 North Main Street, Church Point, LA, 70525",,Diocese of Lafayette in Louisiana,Churches,https://www.diolaf.org/parishfinder
Our Mother of Mercy Church,"707 Lyman Avenue, Rayne, LA, 70578",,Diocese of Lafayette in Louisiana,Churches,https://www.diolaf.org/parishfinder
Sacred Heart of Jesus Church,"414 Martin Luther King Jr. Street, Baldwin, LA, 70514",,Diocese of Lafayette in Louisiana,Churches,https://www.diolaf.org/parishfinder
Sacred Heart of Jesus Church,"200 West Main Street, Broussard, LA, 70518",http://shbroussard.org/,Diocese of Lafayette in Louisiana,Churches,https://www.diolaf.org/parishfinder
Sacred Heart of Jesus Church,"708 East Main Street, Ville Platte, LA, 70586",http://sacredheartvp.com./,Diocese of Lafayette in Louisiana,Churches,https://www.diolaf.org/parishfinder
Sacred Heart of Jesus Church,"417 Saizan Street, Port Barre, LA, 70577",,Diocese of Lafayette in Louisiana,Churches,https://www.diolaf.org/parishfinder
Sacred Heart of Jesus Church,"2514 Old Jeanerette Road, New Iberia, LA, 70560",http://sacredheartofjesusnewiberia.com,Diocese of Lafayette in Louisiana,Churches,https://www.diolaf.org/parishfinder
St. Alphonsus Church,"8700 Maurice Avenue, Maurice, LA, 70555",,Diocese of Lafayette in Louisiana,Churches,https://www.diolaf.org/parishfinder
St. Ann Church,"716 Sixth Street, Mamou, LA, 70554-3118",http://saintannmamou.org/,Diocese of Lafayette in Louisiana,Churches,https://www.diolaf.org/parishfinder
St. Ann Church,"8348 Highway 190, Mallet / Lawtell, LA, 70550",,Diocese of Lafayette in Louisiana,Churches,https://www.diolaf.org/parishfinder
St. Anne Church,"201 Church Street, Youngsville, LA, 70592",http://www.stannechurch.net/index.html,Diocese of Lafayette in Louisiana,Churches,https://www.diolaf.org/parishfinder
St. Anne Church,"17315 Lionel Road, Abbeville / Cow Island, LA, 70510",https://diolaf.org/all-parishes,Diocese of Lafayette in Louisiana,Churches,https://www.diolaf.org/parishfinder
St. Anthony Church,"615 Edison Street, Lafayette, LA, 70509-2708",,Diocese of Lafayette in Louisiana,Churches,https://www.diolaf.org/parishfinder
St. Anthony of Padua Church,"310 West Vine Avenue, Eunice, LA, 70535",http://www.stanthonyeunice.org,Diocese of Lafayette in Louisiana,Churches,https://www.diolaf.org/parishfinder
St. Anthony of Padua Church,"225 Eighth Avenue, Krotz Springs, LA, 70750",,Diocese of Lafayette in Louisiana,Churches,https://www.diolaf.org/parishfinder
St. Augustine Church,"2717 Dr. Bobby Deshotel Avenue, Basile, LA, 70515",https://www.staugustinebasile.com/,Diocese of Lafayette in Louisiana,Churches,https://www.diolaf.org/parishfinder
St. Basil Church,"1803 Duhon Road, Duson / Judice, LA, 70529",http://www.stbasiljudice.org,Diocese of Lafayette in Louisiana,Churches,https://www.diolaf.org/parishfinder
St. Benedict the Moor Church,"9135 Cameron Street, Duson, LA, 70529",,Diocese of Lafayette in Louisiana,Churches,https://www.diolaf.org/parishfinder
St. Bernadette Church,"1112 Saturn Road, Bayou Vista, LA, 70380",http://www.stbern-bv.org/,Diocese of Lafayette in Louisiana,Churches,https://www.diolaf.org/parishfinder
St. Bernard Church,"204 North Main Street, Breaux Bridge, LA, 70517",http://www.stbernardch.com/,Diocese of Lafayette in Louisiana,Churches,https://www.diolaf.org/parishfinder
St. Bridget Church,"3933 Highway 35, Lawtell, LA, 70550",,Diocese of Lafayette in Louisiana,Churches,https://www.diolaf.org/parishfinder
St. Catherine Church,"4390 Hwy. 31, Leonville, LA, 70551",,Diocese of Lafayette in Louisiana,Churches,https://www.diolaf.org/parishfinder
St. Catherine of Alexandria Church,"242 Pine Street, Arnaudville, LA, 70512",,Diocese of Lafayette in Louisiana,Churches,https://www.diolaf.org/parishfinder
St. Charles Borromeo Church,"174 Church Street, Grand Coteau, LA, 70541",http://www.st-charles-borromeo.org/,Diocese of Lafayette in Louisiana,Churches,https://www.diolaf.org/parishfinder
St. Edmond Church,"4131 West Congress Street, Lafayette, LA, 70506-6803",http://www.st-edmond.org,Diocese of Lafayette in Louisiana,Churches,https://www.diolaf.org/parishfinder
St. Edward Church,"175 Ambassador W. Lemelle Drive, New Iberia, LA, 70560",,Diocese of Lafayette in Louisiana,Churches,https://www.diolaf.org/parishfinder
St. Edward Church,"1463 Charlene Highway, Richard / Church Point, LA, 70525",http://www.stedward-richard.org,Diocese of Lafayette in Louisiana,Churches,https://www.diolaf.org/parishfinder
St. Elizabeth Church,"1006 St. Elizabeth Street, St. Martinville / Coteau Holmes, LA, 70582",,Diocese of Lafayette in Louisiana,Churches,https://www.diolaf.org/parishfinder
St. Elizabeth Seton Church,"610 Raintree Trail, Lafayette, LA, 70507",http://www.setonchurch.org/,Diocese of Lafayette in Louisiana,Churches,https://www.diolaf.org/parishfinder
St. Francis of Assisi Church,"610 North Main Street, Breaux Bridge, LA, 70517",,Diocese of Lafayette in Louisiana,Churches,https://www.diolaf.org/parishfinder
St. Francis Regis Church,"231 Main Street, Arnaudville, LA, 70512",http://www.johnfrancisregis.net/,Diocese of Lafayette in Louisiana,Churches,https://www.diolaf.org/parishfinder
St. Genevieve Church,"417 East Simcoe Street, Lafayette, LA, 70501",http://www.stgens.net/,Diocese of Lafayette in Louisiana,Churches,https://www.diolaf.org/parishfinder
St. Helena Church,"108 St. Helen’s Church Lane, Franklin / Louisa, LA, 70538",,Diocese of Lafayette in Louisiana,Churches,https://www.diolaf.org/parishfinder
St. John Berchmans Church,"552 Main Street, Cankton, LA, 70584",http://www.stjberchmans.com/,Diocese of Lafayette in Louisiana,Churches,https://www.diolaf.org/parishfinder
St. John Church,"18534 LA Hwy 689, Erath / Henry, LA, 70533",,Diocese of Lafayette in Louisiana,Churches,https://www.diolaf.org/parishfinder
St. John the Baptist Church,"8021 Lyons Point Highway, Crowley / Lyons Point, LA, 70526",,Diocese of Lafayette in Louisiana,Churches,https://www.diolaf.org/parishfinder
St. John the Evangelist Church,"1510 Church Street, Jeanerette, LA, 70544",http://www.stjohnjeanerette.org/,Diocese of Lafayette in Louisiana,Churches,https://www.diolaf.org/parishfinder
St. John the Evangelist Church,"318 First St., Melville, LA, 71353",,Diocese of Lafayette in Louisiana,Churches,https://www.diolaf.org/parishfinder
St. John the Evangelist Church,"707 Orange Street, Mermentau, LA, 70556",,Diocese of Lafayette in Louisiana,Churches,https://www.diolaf.org/parishfinder
St. Joseph Church,"1011 First Street, Patterson, LA, 70392",http://www.stjosephpatla.org/,Diocese of Lafayette in Louisiana,Churches,https://www.diolaf.org/parishfinder
St. Joseph Church,"132 Hwy. 317, Centerville, LA, 70522",,Diocese of Lafayette in Louisiana,Churches,https://www.diolaf.org/parishfinder
St. Joseph Church,"8005 Maurice Avenue, Maurice, LA, 70555",,Diocese of Lafayette in Louisiana,Churches,https://www.diolaf.org/parishfinder
St. Joseph Church,"2250 Cecilia Sr. High School Highway, Cecilia, LA, 70517",http://www.stjosephcecilia.com/,Diocese of Lafayette in Louisiana,Churches,https://www.diolaf.org/parishfinder
St. Joseph Church,"117 S Main Street, Loreauville, LA, 70552",http://stjosephparishonline.org/,Diocese of Lafayette in Louisiana,Churches,https://www.diolaf.org/parishfinder
St. Joseph Church,"1034 Bridge Street, Parks, LA, 70582-6247",,Diocese of Lafayette in Louisiana,Churches,https://www.diolaf.org/parishfinder
St. Joseph Church,"232 St. De Porres Street, Broussard, LA, 70518",,Diocese of Lafayette in Louisiana,Churches,https://www.diolaf.org/parishfinder
St. Joseph Church,"3283 Highway 167, Plaisance, LA, 70570",,Diocese of Lafayette in Louisiana,Churches,https://www.diolaf.org/parishfinder
St. Joseph Church,"1400 Old Evangeline Hwy (Hwy 100), Evangeline, LA, 70537",,Diocese of Lafayette in Louisiana,Churches,https://www.diolaf.org/parishfinder
St. Joseph Church,"604 St. Joseph Avenue, Iota, LA, 70543",http://www.stjosephiota.org/,Diocese of Lafayette in Louisiana,Churches,https://www.diolaf.org/parishfinder
St. Joseph Church,"1107 Martin Luther King Drive, Ville Platte, LA, 70586",,Diocese of Lafayette in Louisiana,Churches,https://www.diolaf.org/parishfinder
St. Joseph Church,"401 South Adams Avenue, Rayne, LA, 70578",http://stjoerayne.org/,Diocese of Lafayette in Louisiana,Churches,https://www.diolaf.org/parishfinder
St. Joseph Church,"100 East Milton Avenue, Milton, LA, 70508",http://www.stjo-milton.org/,Diocese of Lafayette in Louisiana,Churches,https://www.diolaf.org/parishfinder
St. Jules Church,"116 St. Jules Street, Lafayette, LA, 70506-2299",,Diocese of Lafayette in Louisiana,Churches,https://www.diolaf.org/parishfinder
St. Jules Church,"601 Magnolia Street, Franklin, LA, 70538",,Diocese of Lafayette in Louisiana,Churches,https://www.diolaf.org/parishfinder
St. Landry Church,"1020 N. Main Street, Opelousas, LA, 70570",http://www.stlandrycatholicchurch.org/,Diocese of Lafayette in Louisiana,Churches,https://www.diolaf.org/parishfinder
St. Lawrence Church,"29031 Crowley - Eunice Hwy, Eunice / Mowata, LA, 70535",,Diocese of Lafayette in Louisiana,Churches,https://www.diolaf.org/parishfinder
St. Leo the Great Church,"300 West Alexander Street, Lafayette, LA, 70501",http://www.stleothegreatch.com/index.html,Diocese of Lafayette in Louisiana,Churches,https://www.diolaf.org/parishfinder
St. Leo the Great Church,"126 Church Road, Leonville, LA, 70551",,Diocese of Lafayette in Louisiana,Churches,https://www.diolaf.org/parishfinder
St. Leo the IV Church,"7166 Roberts Cove Road, Roberts Cove, LA, 70578",http://www.stsleoandedmund.org/,Diocese of Lafayette in Louisiana,Churches,https://www.diolaf.org/parishfinder
St. Marcellus Church,"6100 Avery Island Road, New Iberia / Rynella, LA, 70560",,Diocese of Lafayette in Louisiana,Churches,https://www.diolaf.org/parishfinder
St. Martin De Porres Church,"206 West Church Street, Delcambre, LA, 70528",,Diocese of Lafayette in Louisiana,Churches,https://www.diolaf.org/parishfinder
St. Martin De Porres Church,"1100 Chaisson Street, Scott, LA, 70583",,Diocese of Lafayette in Louisiana,Churches,https://www.diolaf.org/parishfinder
St. Martin de Tours Church,"133 South Main Street, St. Martinville, LA, 70582",http://saintmartindetours.org/,Diocese of Lafayette in Louisiana,Churches,https://www.diolaf.org/parishfinder
St. Mary Church,"4827 Highway 103, Port Barre, LA, 70577",,Diocese of Lafayette in Louisiana,Churches,https://www.diolaf.org/parishfinder
St. Mary Magdalen Church,"300 Pere Megret Street, Abbeville, LA, 70510",http://www.stmarymagdalenparish.org/,Diocese of Lafayette in Louisiana,Churches,https://www.diolaf.org/parishfinder
St. Mary Mother of the Church,"419 Doucet Road, Lafayette, LA, 70503",http://www.stmarych.com/index.html,Diocese of Lafayette in Louisiana,Churches,https://www.diolaf.org/parishfinder
St. Mathilda Church,"800 East Laurel Avenue, Eunice, LA, 70535",,Diocese of Lafayette in Louisiana,Churches,https://www.diolaf.org/parishfinder
St. Michael the Archangel,"224 West 5th Street, Crowley, LA, 70526",,Diocese of Lafayette in Louisiana,Churches,https://www.diolaf.org/parishfinder
St. Nicholas Church,"7809 Weeks Island Road, New Iberia, LA, 70569",,Diocese of Lafayette in Louisiana,Churches,https://www.diolaf.org/parishfinder
St. Patrick Church,"406 East Pinhook Road, Lafayette, LA, 70501-8663",http://stpat.org/,Diocese of Lafayette in Louisiana,Churches,https://www.diolaf.org/parishfinder
St. Paul the Apostle Church,"326 South Washington Street, Lafayette, LA, 70501-5842",,Diocese of Lafayette in Louisiana,Churches,https://www.diolaf.org/parishfinder
St. Peter Church,"102 North Church Street, Carencro, LA, 70520",http://sprcc.org/,Diocese of Lafayette in Louisiana,Churches,https://www.diolaf.org/parishfinder
St. Peter Church,"108 East St. Peter Street, New Iberia, LA, 70560",http://www.stpetersofnewiberia.com/,Diocese of Lafayette in Louisiana,Churches,https://www.diolaf.org/parishfinder
St. Peter Church,"1309 First Street, Pine Prairie, LA, 70576",,Diocese of Lafayette in Louisiana,Churches,https://www.diolaf.org/parishfinder
St. Peter Church,"111 St. Peter Lane, Morrow, LA, 71356",,Diocese of Lafayette in Louisiana,Churches,https://www.diolaf.org/parishfinder
St. Peter Church,"1074 Hwy. 748, Grand Prairie, LA, 70589",,Diocese of Lafayette in Louisiana,Churches,https://www.diolaf.org/parishfinder
St. Peter the Apostle Church,"1325 Big Four Corners Road, Franklin / Four Corners, LA, 70538",,Diocese of Lafayette in Louisiana,Churches,https://www.diolaf.org/parishfinder
St. Peter the Apostle Church,"603 Main Street, Gueydan, LA, 70542",http://saintpeterchurch.org/,Diocese of Lafayette in Louisiana,Churches,https://www.diolaf.org/parishfinder
St. Pius X Church,"600 Kaliste Saloom Road, Lafayette, LA, 70508",http://www.stpiusxchurch.org/,Diocese of Lafayette in Louisiana,,https://www.diolaf.org/parishfinder
St. Rita Church,"1006 St. Rita Hwy., Catahoula, LA, 70582",http://www.strita-church.org,Diocese of Lafayette in Louisiana,,https://www.diolaf.org/parishfinder
St. Rose of Lima,"2184 Bushville Highway, Cecilia, LA, 70521",,Diocese of Lafayette in Louisiana,,https://www.diolaf.org/parishfinder
St. Stephen Church,"3217 Second Street, Berwick, LA, 70342",,Diocese of Lafayette in Louisiana,,https://www.diolaf.org/parishfinder
St. Theresa of Avila,"417 West Third Street, Crowley, LA, 70526",,Diocese of Lafayette in Louisiana,,https://www.diolaf.org/parishfinder
St. Theresa of the Child Jesus,"209 C Street, Duson, LA, 70529",,Diocese of Lafayette in Louisiana,,https://www.diolaf.org/parishfinder
St. Theresa of the Child Jesus,"101 N. Leonard Street, Abbeville, LA, 70510",,Diocese of Lafayette in Louisiana,,https://www.diolaf.org/parishfinder
St. Thomas More Church,"1011 Sittig Street, Eunice, LA, 70535",http://www.stthomasmorecatholicchurch-eunice.org/,Diocese of Lafayette in Louisiana,,https://www.diolaf.org/parishfinder
Sts. Peter & Paul Church,"1110 Old Spanish Trail, Scott, LA, 70583-0610",http://stspeterandpaulscott.org/,Diocese of Lafayette in Louisiana,,https://www.diolaf.org/parishfinder
Assumption Mission Chapel,"1030 Glasper Street, Basile, LA, 70515",,Diocese of Lafayette in Louisiana,Mission Chapels,https://www.diolaf.org/parishfinder
Christ the King Mission Chapel,"369 Christ the King Road, Opelousas, LA, 70570",,Diocese of Lafayette in Louisiana,Mission Chapels,https://www.diolaf.org/parishfinder
Holy Spirit Mission Chapel,"716 Sixth Street, Mamou / Vidrine, LA, 70554-3118",,Diocese of Lafayette in Louisiana,Mission Chapels,https://www.diolaf.org/parishfinder
Immaculate Conception Mission Chapel,"980 Verdunville Road, Verdunville, LA, 70522",,Diocese of Lafayette in Louisiana,Mission Chapels,https://www.diolaf.org/parishfinder
Immaculate Conception Mission Chapel,"980 Verdunville Road, Franklin, LA, 70538",,Diocese of Lafayette in Louisiana,Mission Chapels,https://www.diolaf.org/parishfinder
Our Lady of Good Hope Mission Chapel,"303 East Convent Street, Lafayette, LA, 70501-5843",,Diocese of Lafayette in Louisiana,Mission Chapels,https://www.diolaf.org/parishfinder
Resurrection Mission Chapel,"132 Sonnier Road, Morrow / Whiteville, LA, 71356",,Diocese of Lafayette in Louisiana,Mission Chapels,https://www.diolaf.org/parishfinder
Sacred Heart Mission Chapel,"2003 Belaire Cove Road, Ville Platte / Belaire Cove, LA, 70586",,Diocese of Lafayette in Louisiana,Mission Chapels,https://www.diolaf.org/parishfinder
Sacred Heart Mission Chapel,"3681 Hwy 104, Lawtell /Prairie Ronde, LA, 70550",,Diocese of Lafayette in Louisiana,Mission Chapels,https://www.diolaf.org/parishfinder
Sacred Heart Mission Chapel,"1718 Herman Dupre Road, Butte LaRose / Henderson, LA, 70517",,Diocese of Lafayette in Louisiana,Mission Chapels,https://www.diolaf.org/parishfinder
Sacred Heart Mission Chapel,"1176 Rideau Church Road, Lebeau / Rideau, LA, 71345",,Diocese of Lafayette in Louisiana,Mission Chapels,https://www.diolaf.org/parishfinder
Sacred Heart Mission Chapel,"28220 West Hwy 82, Pecan Island, LA, 70510",,Diocese of Lafayette in Louisiana,Mission Chapels,https://www.diolaf.org/parishfinder
St. Aloysius Mission Chapel,"218 2nd Street, Midland, LA, 70559",,Diocese of Lafayette in Louisiana,Mission Chapels,https://www.diolaf.org/parishfinder
St. Ann Mission Chapel,"521 Frilot Cove Road, Frilot Cove, LA, 70570",,Diocese of Lafayette in Louisiana,Mission Chapels,https://www.diolaf.org/parishfinder
St. Anthony Mission Chapel,"1639 Old Spanish Hwy, Cade, LA, 70519",,Diocese of Lafayette in Louisiana,Mission Chapels,https://www.diolaf.org/parishfinder
St. David Mission Chapel,"13022 Hwy 3093, Gueydan / Mulvey, LA, 70542",,Diocese of Lafayette in Louisiana,Mission Chapels,https://www.diolaf.org/parishfinder
St. Edmund Mission Chapel,"8355 Branch Hwy, Branch, LA, 70578",,Diocese of Lafayette in Louisiana,Mission Chapels,https://www.diolaf.org/parishfinder
St. Frances Xavier Cabrini Mission Chapel,"901 Frederick Avenue, Kaplan, LA, 70548",,Diocese of Lafayette in Louisiana,Mission Chapels,https://www.diolaf.org/parishfinder
St. Francis Mission Chapel,"108 St. Helen's Church Lane, Cypremort Point, LA, 70538",,Diocese of Lafayette in Louisiana,Mission Chapels,https://www.diolaf.org/parishfinder
St. James Mission Chapel,"21125 LA Hwy 333, Esther, LA, 70533",,Diocese of Lafayette in Louisiana,Mission Chapels,https://www.diolaf.org/parishfinder
St. John Mission Chapel,"374 Bourque Road, Church Point / Lewisburg, LA, 70525",,Diocese of Lafayette in Louisiana,Mission Chapels,https://www.diolaf.org/parishfinder
St. Jude Mission Chapel,"4408 Old Jeanerette Road, New Iberia / Olivier, LA, 70560",,Diocese of Lafayette in Louisiana,Mission Chapels,https://www.diolaf.org/parishfinder
St. Jules Mission Chapel,"5469 Riverside Road, Petit Mamou, LA, 70537",,Diocese of Lafayette in Louisiana,Mission Chapels,https://www.diolaf.org/parishfinder
St. Jules Mission Chapel,"6098 Hwy 31, Prairie Laurent / Leonville, LA, 70551",,Diocese of Lafayette in Louisiana,Mission Chapels,https://www.diolaf.org/parishfinder
St. Louis Mission Chapel,"1004 Lewis Drive, Parks, LA, 70582-6247",,Diocese of Lafayette in Louisiana,Mission Chapels,https://www.diolaf.org/parishfinder
St. Margaret Mission Chapel,"322 Miller Street, Estherwood, LA, 70556",,Diocese of Lafayette in Louisiana,Mission Chapels,https://www.diolaf.org/parishfinder
St. Michael Mission Chapel,"2106 Egan Hwy., Egan, LA, 70543",,Diocese of Lafayette in Louisiana,Mission Chapels,https://www.diolaf.org/parishfinder
St. Theresa Mission Chapel,"1127 St. Landry Hwy, Pine Prairie / St. Landry, LA, 70576",,Diocese of Lafayette in Louisiana,Mission Chapels,https://www.diolaf.org/parishfinder
St. Thomas Mission Chapel,"802 Tasso Loop, Savoy, LA, 70525",,Diocese of Lafayette in Louisiana,Mission Chapels,https://www.diolaf.org/parishfinder
St. Thomas Mission Chapel,"340 E. Railroad Street, Palmetto, LA, 71353",,Diocese of Lafayette in Louisiana,Mission Chapels,https://www.diolaf.org/parishfinder
All Saints Parish,"17 North St., Ware, MA, 01082",http://www.warecatholic.org/,"Diocese of Springfield, Massachusetts",Sunday Mass Schedule,https://www.diospringfield.org/parishfinder
All Souls/Blessed Sacrament Parish,"40 Waverly St., Springfield, MA, 01107",,"Diocese of Springfield, Massachusetts",Sunday Mass Schedule,https://www.diospringfield.org/parishfinder
Blessed Trinity Parish,"Greenfield, MA, 01301",https://www.blessedtrinitygreenfield.org/,"Diocese of Springfield, Massachusetts",Sunday Mass Schedule,https://www.diospringfield.org/parishfinder
Christ the King Parish,"41 Warsaw Ave., Ludlow, MA, 01056",,"Diocese of Springfield, Massachusetts",Sunday Mass Schedule,https://www.diospringfield.org/parishfinder
Divine Mercy Parish,"2267 Main St., Three Rivers, MA, 01080",http://www.churchofdivinemercy.org/,"Diocese of Springfield, Massachusetts",Sunday Mass Schedule,https://www.diospringfield.org/parishfinder
Holy Cross Parish,"219 Plumtree Rd., Springfield, MA, 01118",http://www.holycrossparish.org/,"Diocese of Springfield, Massachusetts",Sunday Mass Schedule,https://www.diospringfield.org/parishfinder
Holy Family Parish,"5 Main St., Russell, MA, 01071",http://www.holyfamilyrussell.org/,"Diocese of Springfield, Massachusetts",Sunday Mass Schedule,https://www.diospringfield.org/parishfinder
Holy Family Parish,"29 Sugarloaf St., South Deerfield, MA, 01373",http://www.holyfamilysd.org,"Diocese of Springfield, Massachusetts",Sunday Mass Schedule,https://www.diospringfield.org/parishfinder
Holy Name Parish,"323 Dickinson St., Springfield, MA, 01108",http://www.holynamespringfieldma.org/,"Diocese of Springfield, Massachusetts",Sunday Mass Schedule,https://www.diospringfield.org/parishfinder
Holy Trinity Parish,"333 Elm St., Westfield, MA, 01085",http://www.holytrinitywestfield.com/,"Diocese of Springfield, Massachusetts",Sunday Mass Schedule,https://www.diospringfield.org/parishfinder
Immaculate Conception Parish,"25 Parker St., Indian Orchard, MA, 01151",https://www.indian-orchard-immaculate-conception.org/,"Diocese of Springfield, Massachusetts",Sunday Mass Schedule,https://www.diospringfield.org/parishfinder
Immaculate Heart of Mary Parish,"256 State St., Granby, MA, 01033",https://www.ihmparishgranby.org/,"Diocese of Springfield, Massachusetts",Sunday Mass Schedule,https://www.diospringfield.org/parishfinder
"Mary, Mother of Hope Parish","840 Page Blvd., Springfield , MA, 01104",http://www.mmohspringfield.org/,"Diocese of Springfield, Massachusetts",Sunday Mass Schedule,https://www.diospringfield.org/parishfinder
Most Holy Redeemer Parish,"120 Russell St., Hadley, MA, 01035",https://www.mhrhadley.org/,"Diocese of Springfield, Massachusetts",Sunday Mass Schedule,https://www.diospringfield.org/parishfinder
Newman Catholic Center,"111 Thatcher Rd., Amherst, MA, 01002",https://www.newmanumass.org/,"Diocese of Springfield, Massachusetts",Sunday Mass Schedule,https://www.diospringfield.org/parishfinder
Our Lady of Czestochowa Parish,"84 K St., Turners Falls, MA, 01376",http://www.chroniclesofczestochowa.wordpress.com/,"Diocese of Springfield, Massachusetts",Sunday Mass Schedule,https://www.diospringfield.org/parishfinder
Our Lady of Fatima Parish,"438 Winsor St., Ludlow, MA, 01056",https://ourladyoffatimaparish.org/,"Diocese of Springfield, Massachusetts",Sunday Mass Schedule,https://www.diospringfield.org/parishfinder
Our Lady of Grace Parish,"15 School St., Hatfield, MA, 01038",https://ourladyofgrace.faith/,"Diocese of Springfield, Massachusetts",Sunday Mass Schedule,https://www.diospringfield.org/parishfinder
Our Lady of Mt. Carmel Parish,"123 William St., Springfield, MA, 01105",http://www.olmcspringfield.org/,"Diocese of Springfield, Massachusetts",Sunday Mass Schedule,https://www.diospringfield.org/parishfinder
Our Lady of Peace Parish,"80 Seventh St., Turners Falls, MA, 01376",,"Diocese of Springfield, Massachusetts",Sunday Mass Schedule,https://www.diospringfield.org/parishfinder
Our Lady of the Blessed Sacrament Parish,"127 Holyoke Rd., Westfield, MA, 01085",http://www.olbswestfield.org/,"Diocese of Springfield, Massachusetts",Sunday Mass Schedule,https://www.diospringfield.org/parishfinder
Our Lady of the Cross Parish,"Holy Cross Ave., Holyoke, MA, 01040",https://ourladyofthecross.com/,"Diocese of Springfield, Massachusetts",Sunday Mass Schedule,https://www.diospringfield.org/parishfinder
Our Lady of the Hills Mission,"70 Beartown Rd., Monterey, MA, 01245",,"Diocese of Springfield, Massachusetts",Sunday Mass Schedule,https://www.diospringfield.org/parishfinder
Our Lady of the Hills Parish,"173 Main St., Haydenville, MA, 01039",https://www.olothhaydenville.org/,"Diocese of Springfield, Massachusetts",Sunday Mass Schedule,https://www.diospringfield.org/parishfinder
Our Lady of the Lake Parish,"224 Sheep Pasture Rd., Southwick, MA, 01077",http://www.ollsouthwick.org/,"Diocese of Springfield, Massachusetts",Sunday Mass Schedule,https://www.diospringfield.org/parishfinder
Our Lady of the Sacred Heart Parish,"407 Boston Rd., Springfield, MA, 01109",http://www.olshspringfield.org/,"Diocese of Springfield, Massachusetts",Sunday Mass Schedule,https://www.diospringfield.org/parishfinder
Our Lady of the Valley Parish,"33 Adams St., Easthampton, MA, 01027",https://olveasthampton.org/,"Diocese of Springfield, Massachusetts",Sunday Mass Schedule,https://www.diospringfield.org/parishfinder
Our Lady of the Valley Parish,"99 Maple Ave., Sheffield, MA, 01257",http://www.ourolv.org/,"Diocese of Springfield, Massachusetts",Sunday Mass Schedule,https://www.diospringfield.org/parishfinder
Sacred Heart Parish,"387 Chestnut St., Springfield, MA, 01104",,"Diocese of Springfield, Massachusetts",Sunday Mass Schedule,https://www.diospringfield.org/parishfinder
Sacred Heart Parish,"1065 Springfield St., Feeding Hills, MA, 01030",https://sacredheartfeedinghills.org/,"Diocese of Springfield, Massachusetts",Sunday Mass Schedule,https://www.diospringfield.org/parishfinder
Sacred Heart Parish,"196 Elm St., Pittsfield, MA, 01201",http://www.thepinkchurch.com/,"Diocese of Springfield, Massachusetts",Sunday Mass Schedule,https://www.diospringfield.org/parishfinder
St Jerome Parish,"181 Hampden St., Holyoke, MA, 01040",http://stjeromeholyoke.org/,"Diocese of Springfield, Massachusetts",Sunday Mass Schedule,https://www.diospringfield.org/parishfinder
St. Agnes Parish,"489 Main St., Dalton, MA, 01226",https://www.saintagnescc.com/index.html,"Diocese of Springfield, Massachusetts",Sunday Mass Schedule,https://www.diospringfield.org/parishfinder
St. Ann Parish,"134 Main St., Lenox, MA, 01240",https://www.avptriparish.org/,"Diocese of Springfield, Massachusetts",Sunday Mass Schedule,https://www.diospringfield.org/parishfinder
St. Anne Parish,"30 College St., Chicopee, MA, 01020",https://www.saintanne.us/,"Diocese of Springfield, Massachusetts",Sunday Mass Schedule,https://www.diospringfield.org/parishfinder
St. Anthony of Padua Parish,"56 St. Anthony St., Chicopee, MA, 01013",https://stanthonyma.org/,"Diocese of Springfield, Massachusetts",Sunday Mass Schedule,https://www.diospringfield.org/parishfinder
St. Brigid Parish,"122 North Pleasant St., Amherst, MA, 01002",https://saintbrigidsamherst.org/,"Diocese of Springfield, Massachusetts",Sunday Mass Schedule,https://www.diospringfield.org/parishfinder
St. Catherine of Siena Parish,"1023 Parker St., Springfield, MA, 01129",,"Diocese of Springfield, Massachusetts",Sunday Mass Schedule,https://www.diospringfield.org/parishfinder
St. Cecilia Parish,"42 Main St., Wilbraham, MA, 01095",http://www.saintceciliawilbraham.org/,"Diocese of Springfield, Massachusetts",Sunday Mass Schedule,https://www.diospringfield.org/parishfinder
St. Charles Parish,"89 Briggs Ave., Pittsfield, MA, 01201",http://www.stcharlespittsfield.org/,"Diocese of Springfield, Massachusetts",Sunday Mass Schedule,https://www.diospringfield.org/parishfinder
St. Christopher Mission,"180 Main Rd. Rt. 2, Charlemont, MA, 01370",https://www.stjosephparishma.com/,"Diocese of Springfield, Massachusetts",Sunday Mass Schedule,https://www.diospringfield.org/parishfinder
St. Christopher Parish,"20 Sturbridge Rd., Rt. 20, Brimfield, MA, 01010",https://www.stpatstchris.org/,"Diocese of Springfield, Massachusetts",Sunday Mass Schedule,https://www.diospringfield.org/parishfinder
St. Elizabeth Ann Seton Parish,"99 King St., Northampton, MA, 01060",https://www.saintelizabethannseton.net/,"Diocese of Springfield, Massachusetts",Sunday Mass Schedule,https://www.diospringfield.org/parishfinder
St. Elizabeth of Hungary Parish,"70 Marshall St., North Adams, MA, 01247",https://www.stelizabethofhungaryparish.org/,"Diocese of Springfield, Massachusetts",Sunday Mass Schedule,https://www.diospringfield.org/parishfinder
St. Elizabeth Parish,"191 Hubbard St., Ludlow, MA, 01056",https://www.stelizabethludlow.org/,"Diocese of Springfield, Massachusetts",Sunday Mass Schedule,https://www.diospringfield.org/parishfinder
St. Francis of Assisi Parish,"24 Jabish St., 01007, Belchertown, MA, 01007-0612",https://www.stfrancisbelchertown.com/,"Diocese of Springfield, Massachusetts",Sunday Mass Schedule,https://www.diospringfield.org/parishfinder
St. John Paul II Parish,"21 Maple St., Adams, MA, 01220",https://acparishes.org/,"Diocese of Springfield, Massachusetts",Sunday Mass Schedule,https://www.diospringfield.org/parishfinder
St. John the Baptist Mission,"Church St., Colrain, MA, 01370",https://www.stjosephparishma.com/,"Diocese of Springfield, Massachusetts",Sunday Mass Schedule,https://www.diospringfield.org/parishfinder
St. John the Evangelist Parish,"833 Main St., Agawam, MA, 01001",https://stjohnagawam.com/,"Diocese of Springfield, Massachusetts",Sunday Mass Schedule,https://www.diospringfield.org/parishfinder
St. Joseph Mission,"11 Elm St., Stockbridge, MA, 01262",,"Diocese of Springfield, Massachusetts",Sunday Mass Schedule,https://www.diospringfield.org/parishfinder
St. Joseph Parish,"34 Monroe Ave., Shelburne Falls , MA, 01370",http://www.stjosephparishma.com,"Diocese of Springfield, Massachusetts",Sunday Mass Schedule,https://www.diospringfield.org/parishfinder
St. Joseph Parish,"414 North St., Pittsfield, MA, 01201",http://www.stjoepittsfield.com/,"Diocese of Springfield, Massachusetts",Sunday Mass Schedule,https://www.diospringfield.org/parishfinder
St. Mark Mission,"169 Delabarre Ave., Conway, MA, 01341",,"Diocese of Springfield, Massachusetts",Sunday Mass Schedule,https://www.diospringfield.org/parishfinder
St. Mark Parish,"400 West St., Pittsfield, MA, 01201",http://www.saintmarkspittsfield.org/,"Diocese of Springfield, Massachusetts",Sunday Mass Schedule,https://www.diospringfield.org/parishfinder
St. Mary Mother of the Church,"140 Main St., Lee, MA, 01238",https://www.stmarylos.com/,"Diocese of Springfield, Massachusetts",Sunday Mass Schedule,https://www.diospringfield.org/parishfinder
St. Mary of the Assumption Parish,"159 Church St., Cheshire, MA, 01225",https://www.acparishes.org/,"Diocese of Springfield, Massachusetts",Sunday Mass Schedule,https://www.diospringfield.org/parishfinder
St. Mary of the Lakes Mission,"72 North Main Rd., Otis, MA, 01253",http://www.stmarylos.com/,"Diocese of Springfield, Massachusetts",Sunday Mass Schedule,https://www.diospringfield.org/parishfinder
St. Mary Parish,"19 Congress St., Orange, MA, 01364",http://www.stmaryorange.online/,"Diocese of Springfield, Massachusetts",Sunday Mass Schedule,https://www.diospringfield.org/parishfinder
St. Mary Parish,"27 Somers Rd., Hampden, MA, 01036",https://www.stmaryshampden.org/,"Diocese of Springfield, Massachusetts",Sunday Mass Schedule,https://www.diospringfield.org/parishfinder
St. Mary Parish,"57 South St., Ware, MA, 01082",http://www.warecatholic.org/,"Diocese of Springfield, Massachusetts",Sunday Mass Schedule,https://www.diospringfield.org/parishfinder
St. Mary's Parish,"519 Longmeadow St., Longmeadow, MA, 01106",https://www.stmarylong.org/,"Diocese of Springfield, Massachusetts",Sunday Mass Schedule,https://www.diospringfield.org/parishfinder
St. Mary's Parish,"30 Bartlett St., Westfield, MA, 01085",http://www.stmarysofwestfield.com/,"Diocese of Springfield, Massachusetts",Sunday Mass Schedule,https://www.diospringfield.org/parishfinder
St. Michael Parish,"110 Maple St., East Longmeadow, MA, 01028",https://www.stmichaelsel.org/,"Diocese of Springfield, Massachusetts",Sunday Mass Schedule,https://www.diospringfield.org/parishfinder
St. Michael’s Cathedral Parish,"254 State St., Springfield, MA, 01103",http://www.stmichaelscathedralspfld.org/,"Diocese of Springfield, Massachusetts",Sunday Mass Schedule,https://www.diospringfield.org/parishfinder
St. Patrick Parish,"22 Green St. 01057, Monson, MA, 01057",https://www.stpatstchris.org/,"Diocese of Springfield, Massachusetts",Sunday Mass Schedule,https://www.diospringfield.org/parishfinder
St. Patrick Parish,"30 Albany Rd., West Stockbridge, MA, 01266",http://www.avptriparish.org/,"Diocese of Springfield, Massachusetts",Sunday Mass Schedule,https://www.diospringfield.org/parishfinder
St. Patrick Parish,"82 Main St., Northfield, MA, 01360",,"Diocese of Springfield, Massachusetts",Sunday Mass Schedule,https://www.diospringfield.org/parishfinder
St. Patrick Parish,"30 Main St., South Hadley, MA, 01075",http://www.saintpatrick.cc/,"Diocese of Springfield, Massachusetts",Sunday Mass Schedule,https://www.diospringfield.org/parishfinder
St. Patrick Parish,"1900 Allen St., Springfield, MA, 01118",http://www.saintpatricks-springfield.org/,"Diocese of Springfield, Massachusetts",Sunday Mass Schedule,https://www.diospringfield.org/parishfinder
St. Paul the Apostle Parish,"235 Dwight Rd., Springfield, MA, 01108",,"Diocese of Springfield, Massachusetts",Sunday Mass Schedule,https://www.diospringfield.org/parishfinder
St. Peter and St. Casimir Parish,"32 State St., Westfield, MA, 01085",http://www.parishesonline.com/organization/st-peter-and-st-casimir-parish,"Diocese of Springfield, Massachusetts",Sunday Mass Schedule,https://www.diospringfield.org/parishfinder
St. Peter Parish,"213 Main St., Great Barrington, MA, 01230",,"Diocese of Springfield, Massachusetts",Sunday Mass Schedule,https://www.diospringfield.org/parishfinder
St. Rose de Lima Parish,"600 Grattan St, Chicopee, MA, 01020",https://www.sterose.org/,"Diocese of Springfield, Massachusetts",Sunday Mass Schedule,https://www.diospringfield.org/parishfinder
St. Stanislaus Bishop & Martyr Basilica,"566 Front St., Chicopee, MA, 01013",https://ststansbasilica.org/,"Diocese of Springfield, Massachusetts",Sunday Mass Schedule,https://www.diospringfield.org/parishfinder
St. Stanislaus Kostka Mission,"25 Hoosac St., Adams, MA, 01220",https://acparishes.org/,"Diocese of Springfield, Massachusetts",Sunday Mass Schedule,https://www.diospringfield.org/parishfinder
St. Teresa of Calcutta Parish,"1085 Main St., Housatonic, MA, 01236",,"Diocese of Springfield, Massachusetts",Sunday Mass Schedule,https://www.diospringfield.org/parishfinder
St. Theresa of Lisieux Parish,"9 East Parkview Dr., South Hadley, MA, 01075",http://www.sttheresaparish.org/,"Diocese of Springfield, Massachusetts",Sunday Mass Schedule,https://www.diospringfield.org/parishfinder
St. Thomas the Apostle Parish,"63 Pine St., West Springfield, MA, 01089",http://www.stthomaswestspringfield.org/,"Diocese of Springfield, Massachusetts",Sunday Mass Schedule,https://www.diospringfield.org/parishfinder
St. Thomas the Apostle Parish,"1076 Thorndike St., Palmer, MA, 01069",,"Diocese of Springfield, Massachusetts",Sunday Mass Schedule,https://www.diospringfield.org/parishfinder
St. Vincent de Paul Parish,"29 Crystal St., Lenox Dale, MA, 01242",https://www.avptriparish.org/,"Diocese of Springfield, Massachusetts",Sunday Mass Schedule,https://www.diospringfield.org/parishfinder
Sts. Patrick and Raphael Parish,"63 Southworth St., Williamstown, MA, 01267",http://www.williamstowncatholics.org/,"Diocese of Springfield, Massachusetts",Sunday Mass Schedule,https://www.diospringfield.org/parishfinder
Annunciation Parish,"50 Lovwell Street, Gardner, MA, 01440",https://eq7ja.sites.ecatholic.com/,Diocese of Worcester,Sunday Mass Schedule,https://www.worcesterdiocese.org/parishfinder
Annunciation Parish,"50 Lovwell Street, Gardner, MA, 01440",https://annunciationgardner.org/,Diocese of Worcester,Sunday Mass Schedule,https://www.worcesterdiocese.org/parishfinder
Annunciation Parish @ Our Lady of the Holy Rosary Church,"135 Nichols Street, Gardner, MA, 01440",http://www.annunciationgardner.org,Diocese of Worcester,Sunday Mass Schedule,https://www.worcesterdiocese.org/parishfinder
Blessed Sacrament,"555 Pleasant Street, Worcester, MA, 01602",https://blessedsacrament.us/,Diocese of Worcester,Sunday Mass Schedule,https://www.worcesterdiocese.org/parishfinder
Cathedral of Saint Paul,"19 Chatham Street, Worcester, Massachusetts, 01609",https://cathedralofsaintpaul.net/,Diocese of Worcester,Sunday Mass Schedule,https://www.worcesterdiocese.org/parishfinder
Christ the King Church,"1052 Pleasant Street, Worcester, MA, 01602",https://ctkworc.org/,Diocese of Worcester,Sunday Mass Schedule,https://www.worcesterdiocese.org/parishfinder
Divine Mercy Parish,"Blackstone, MA",,Diocese of Worcester,Sunday Mass Schedule,https://www.worcesterdiocese.org/parishfinder
Divine Mercy Parish,"48 St. Paul Street, Blackstone, MA, 01504",https://divinemercyparishma.org/,Diocese of Worcester,Sunday Mass Schedule,https://www.worcesterdiocese.org/parishfinder
Good Shepherd Parish,"121 Linwood Street, Linwood, MA, 01525",https://63x1ya.sites.ecatholic.com/,Diocese of Worcester,Sunday Mass Schedule,https://www.worcesterdiocese.org/parishfinder
Holy Cross Church,"Templeton, MA",https://holycrossparishet.org/,Diocese of Worcester,Sunday Mass Schedule,https://www.worcesterdiocese.org/parishfinder
Holy Cross Church,"26 Lake Avenue, Templeton, MA, 01438",http://www.holycrossparishet.org,Diocese of Worcester,Sunday Mass Schedule,https://www.worcesterdiocese.org/parishfinder
Holy Family of Nazareth Parish,"750 Union Street, Leominster, MA, 01453",https://holyfamilyofnazareth.org/,Diocese of Worcester,Sunday Mass Schedule,https://www.worcesterdiocese.org/parishfinder
Holy Trinity Catholic Parish,"Harvard, MA",https://htpboltonharvard.org/,Diocese of Worcester,Sunday Mass Schedule,https://www.worcesterdiocese.org/parishfinder
"Holy Trinity Parish at St. Theresa, the Little Flower Church","17 Still River Road, Harvard, MA, 01451",http://www.htpboltonharvard.org,Diocese of Worcester,Sunday Mass Schedule,https://www.worcesterdiocese.org/parishfinder
Immaculate Conception Parish,"353 Grove Street, Worcester, MA, 01605",https://icworc.com/,Diocese of Worcester,Sunday Mass Schedule,https://www.worcesterdiocese.org/parishfinder
Immaculate Conception Parish,"809 Main Street, 01523",https://immaculateconception-lancaster.org/,Diocese of Worcester,Sunday Mass Schedule,https://www.worcesterdiocese.org/parishfinder
Immaculate Heart of Mary,"50 Spruce Street, Winchendon, MA, 01475",https://heartofmary.net/,Diocese of Worcester,Sunday Mass Schedule,https://www.worcesterdiocese.org/parishfinder
"Mary, Queen of the Rosary Parish","7 Church Street, Spencer, MA, 01562",https://maryqueenoftherosary.org/,Diocese of Worcester,Sunday Mass Schedule,https://www.worcesterdiocese.org/parishfinder
North American Martyrs Parish,"8 Wyoma Drive, Auburn, MA, 01501",https://pdnda.sites.ecatholic.com/,Diocese of Worcester,Sunday Mass Schedule,https://www.worcesterdiocese.org/parishfinder
North American Martyrs Parish,"8 Wyoma Drive, Auburn, MA, 01501",https://namartyrsauburn.org/,Diocese of Worcester,Sunday Mass Schedule,https://www.worcesterdiocese.org/parishfinder
North Quabbin Catholic Community,"192 School Street, Athol, MA, 01331",https://nqcatholic.com/,Diocese of Worcester,Sunday Mass Schedule,https://www.worcesterdiocese.org/parishfinder
Our Lady Immaculate,"192 School Street, Athol, MA, 01331",https://nqcatholic.com,Diocese of Worcester,Sunday Mass Schedule,https://www.worcesterdiocese.org/parishfinder
Our Lady of Czestochowa Catholic Church,"34 Ward Street, Worcester, MA, 01610",https://olcworcester.com/,Diocese of Worcester,Sunday Mass Schedule,https://www.worcesterdiocese.org/parishfinder
Our Lady of Good Counsel,"111 Worcester Street, West Boylston, MA, 01583",https://goodcounselma.com/,Diocese of Worcester,Sunday Mass Schedule,https://www.worcesterdiocese.org/parishfinder
Our Lady of Hope,"17 Waterville Street, North Grafton, MA, 01536",https://ourladyofhopegrafton.org/,Diocese of Worcester,Sunday Mass Schedule,https://www.worcesterdiocese.org/parishfinder
Our Lady of Lourdes,"1290 Grafton Street, Worcester, MA, 01604",https://ololma.org/,Diocese of Worcester,Sunday Mass Schedule,https://www.worcesterdiocese.org/parishfinder
Our Lady of Mount Carmel Parish - Our Lady of Loreto Church,"37 Massasoit Road, Worcester, MA, 01604",https://mtcarmel.ws/,Diocese of Worcester,Sunday Mass Schedule,https://www.worcesterdiocese.org/parishfinder
Our Lady of Providence Parish,"236 Lincoln St, Worcester, MA, 01605",https://olpworcester.org/,Diocese of Worcester,Sunday Mass Schedule,https://www.worcesterdiocese.org/parishfinder
Our Lady of Providence Parish - St. Bernard Church,"228 Lincoln Street, Worcester, MA, 01605",https://olpworcester.org/,Diocese of Worcester,Sunday Mass Schedule,https://www.worcesterdiocese.org/parishfinder
Our Lady of the Angels Parish,"1222 Main Street, Worcester, MA, 01603",https://olaworcester.org/,Diocese of Worcester,Sunday Mass Schedule,https://www.worcesterdiocese.org/parishfinder
Our Lady of the Assumption,"10 Waters Street, Millbury, MA, 01527",http://www.assumptionmillbury.org,Diocese of Worcester,Sunday Mass Schedule,https://www.worcesterdiocese.org/parishfinder
Our Lady of the Lake,"1400 Main Street, Leominster, MA, 01453",https://ourladylake.org/,Diocese of Worcester,Sunday Mass Schedule,https://www.worcesterdiocese.org/parishfinder
Our Lady of the Rosary Parish,"25 Fales Street, Worcester, MA, 01606",http://www.olr.weconnect.com/,Diocese of Worcester,Sunday Mass Schedule,https://www.worcesterdiocese.org/parishfinder
Our Lady of Vilna Parish,"151 Sterling Street, Worcester, MA, 01610",http://www.parishesonline.com,Diocese of Worcester,Sunday Mass Schedule,https://www.worcesterdiocese.org/parishfinder
PiCatholic Campus Ministry,"Worcester, MA",,Diocese of Worcester,Sunday Mass Schedule,https://www.worcesterdiocese.org/parishfinder
Prince of Peace Parish,"1 Worcester Road, Princeton, MA, 01541",https://princeofpeacema.org/,Diocese of Worcester,Sunday Mass Schedule,https://www.worcesterdiocese.org/parishfinder
Sacred Heart - St. Catherine of Sweden,"600 Cambridge Street, Worcester, MA, 01610",https://shscparish.com/,Diocese of Worcester,Sunday Mass Schedule,https://www.worcesterdiocese.org/parishfinder
Sacred Heart of Jesus,"7 East Main Stree, Milford, MA, 01757",https://sacredheartmilford.org/,Diocese of Worcester,Sunday Mass Schedule,https://www.worcesterdiocese.org/parishfinder
Sacred Heart of Jesus Parish,"16 East Main Street, Webster, MA, 01570",https://shojwebster.org/,Diocese of Worcester,Sunday Mass Schedule,https://www.worcesterdiocese.org/parishfinder
Saint Andrew Bobola Church,"54 West Main Street, Dudley, MA, 01571",https://standrewbobola.com/,Diocese of Worcester,Sunday Mass Schedule,https://www.worcesterdiocese.org/parishfinder
Saint Mary of the Assumption,"9 Winter Street, Milford, MA, 01757",https://stmarymilford.org/,Diocese of Worcester,Sunday Mass Schedule,https://www.worcesterdiocese.org/parishfinder
Saint Peter Parish Saint Andrew the Apostle Parish,"931 Main Street, Worcester, MA, 01610",https://stpeters-standrews.faith/,Diocese of Worcester,Sunday Mass Schedule,https://www.worcesterdiocese.org/parishfinder
St. Aloysius - St. Jude,"489 Pleasant Street, Leicester, MA, 01524",http://www.saintaloysiusjude.org,Diocese of Worcester,Sunday Mass Schedule,https://www.worcesterdiocese.org/parishfinder
St. Aloysius Church & St. Augustine Mission,"Gilbertville, MA",https://staloysiusstaugustine.com/,Diocese of Worcester,Sunday Mass Schedule,https://www.worcesterdiocese.org/parishfinder
St. Aloysius Parish,"64 Church Street, Gilbertville, MA, 01031-0542",http://www.parishesonline.com,Diocese of Worcester,Sunday Mass Schedule,https://www.worcesterdiocese.org/parishfinder
St. Anna Parish,"194 Lancaster Street, Leominster, MA, 01453",https://stannaparish.org/,Diocese of Worcester,Sunday Mass Schedule,https://www.worcesterdiocese.org/parishfinder
St. Anne,"130 Boston Turnpike Rd, Shrewsbury, MA, 01545",http://stannesparish.org,Diocese of Worcester,Sunday Mass Schedule,https://www.worcesterdiocese.org/parishfinder
St. Anne Parish - Ashburnham,"162 Center Street, Ashburnham, MA, 01430",,Diocese of Worcester,Sunday Mass Schedule,https://www.worcesterdiocese.org/parishfinder
St. Anne St. Patrick Parish,"16 Church Street, Fiskdale (Sturbridge), MA, 01518",https://stannestpatrickparish.com/,Diocese of Worcester,Sunday Mass Schedule,https://www.worcesterdiocese.org/parishfinder
St. Anthony of Padua,"Fitchburg, MA",https://stanthonyfitchburg.net/,Diocese of Worcester,Sunday Mass Schedule,https://www.worcesterdiocese.org/parishfinder
St. Anthony of Padua Parish,"84 Salem Street, Fitchburg, MA, 01420",http://www.stanthonyfitchburg.net,Diocese of Worcester,Sunday Mass Schedule,https://www.worcesterdiocese.org/parishfinder
St. Anthony of Padua Parish,"22 Dudley Hill Road, Dudley, MA, 01571",http://www.stanthonyofpaduadudley.org,Diocese of Worcester,Sunday Mass Schedule,https://www.worcesterdiocese.org/parishfinder
St. Augustine Mission,"98 Church Lane, Wheelwright, MA, 01094",,Diocese of Worcester,Sunday Mass Schedule,https://www.worcesterdiocese.org/parishfinder
St. Bernadette Parish,"266 Main Street, Northborough, MA, 01532",https://stb-parish.org/,Diocese of Worcester,Sunday Mass Schedule,https://www.worcesterdiocese.org/parishfinder
St. Bernard Parish at St. Camillus de Lellis Church,"333 Mechanic Street, Fitchburg, MA, 01420",https://saintbernardparish.net/,Diocese of Worcester,Sunday Mass Schedule,https://www.worcesterdiocese.org/parishfinder
St. Boniface Parish,"819 Massachusetts Avenue, Lunenburg, MA, 01462-1327",https://stboniface-lunenburg.org/,Diocese of Worcester,Sunday Mass Schedule,https://www.worcesterdiocese.org/parishfinder
St. Brigid Parish,"59 Main Street, Millbury, MA, 01527",http://www.stbrigidparish.org,Diocese of Worcester,Sunday Mass Schedule,https://www.worcesterdiocese.org/parishfinder
St. Cecilia Church,"180 Mechanic Street, Leominster, MA, 01453",https://stceciliachurch.net/,Diocese of Worcester,Sunday Mass Schedule,https://www.worcesterdiocese.org/parishfinder
St. Columba Parish,"18 Richards Avenue, Paxton, MA, 01612",https://stcolumbapax.org/,Diocese of Worcester,Sunday Mass Schedule,https://www.worcesterdiocese.org/parishfinder
St. Denis,"27 Manchaug St, Douglas, MA, 01516",http://saintdenischurch.com,Diocese of Worcester,Sunday Mass Schedule,https://www.worcesterdiocese.org/parishfinder
St. Denis - Ashburnham,"85 Main Street, Ashburnham, MA, 01430",https://saintdenisashburnham.org/,Diocese of Worcester,Sunday Mass Schedule,https://www.worcesterdiocese.org/parishfinder
St. Denis Parish,"27 Manchaug Street, Douglas, MA, 01516",https://saintdenischurch.com/,Diocese of Worcester,Sunday Mass Schedule,https://www.worcesterdiocese.org/parishfinder
St. Edward the Confessor,"10 Church Street, Westminster, MA, 01473",https://stedwardconf.org/,Diocese of Worcester,Sunday Mass Schedule,https://www.worcesterdiocese.org/parishfinder
St. Francis of Assisi,"101 Main Street, Athol, MA, 01331",https://nqcatholic.com,Diocese of Worcester,Sunday Mass Schedule,https://www.worcesterdiocese.org/parishfinder
St. Francis of Assisi Parish,"398 Vernon Avenue, South Barre, MA, 01074",http://www.saintfrancisofassisiparish.com,Diocese of Worcester,Sunday Mass Schedule,https://www.worcesterdiocese.org/parishfinder
St. Francis of Assisi Parish,"63 Sheridan Street, Fitchburg, MA, 01420",https://vg28ga.sites.ecatholic.com/,Diocese of Worcester,Sunday Mass Schedule,https://www.worcesterdiocese.org/parishfinder
St. Gabriel the Archangel Parish,"151 Mendon Street, Upton, MA, 01568",https://stgabrielma.org/,Diocese of Worcester,Sunday Mass Schedule,https://www.worcesterdiocese.org/parishfinder
St. George Catholic Church,"38 Brattle Street, Worcester, MA, 01606",https://saintgeorgesparish.org/,Diocese of Worcester,Sunday Mass Schedule,https://www.worcesterdiocese.org/parishfinder
St. Joan of Arc,"570 Lincoln Street, Worcester, MA, 01605",https://mystjoanofarc.org/,Diocese of Worcester,Sunday Mass Schedule,https://www.worcesterdiocese.org/parishfinder
St. John Paul II Parish,"279 Hamilton Street, Southbridge, MA, 01550",https://stjp2parish.org/,Diocese of Worcester,Sunday Mass Schedule,https://www.worcesterdiocese.org/parishfinder
St. John the Guardian of Our Lady Parish,"80 Union St, Clinton, MA, 01510",https://stjohnsclinton.org/,Diocese of Worcester,Sunday Mass Schedule,https://www.worcesterdiocese.org/parishfinder
St. John's Catholic Church,"40 Temple St., Worcester, MA, 01604",https://stjohnsworcester.org/,Diocese of Worcester,Sunday Mass Schedule,https://www.worcesterdiocese.org/parishfinder
St. Joseph - St. Pius X,"1161 Main Street, Leicester, MA, 01524",http://www.stjoseph-stpiusx.com,Diocese of Worcester,Sunday Mass Schedule,https://www.worcesterdiocese.org/parishfinder
St. Joseph and St. Stephen Parish,"35 Hamilton Street, Worcester, MA, 01604",https://stjosephandststephen.org/,Diocese of Worcester,Sunday Mass Schedule,https://www.worcesterdiocese.org/parishfinder
St. Joseph Basilica,"53 Whitcomb Street, Webster, MA, 01570",https://parish.stjosephwebster.com/,Diocese of Worcester,Sunday Mass Schedule,https://www.worcesterdiocese.org/parishfinder
St. Joseph Catholic Church,"Charlton, MA",https://stjosephscharlton.com/,Diocese of Worcester,Sunday Mass Schedule,https://www.worcesterdiocese.org/parishfinder
St. Joseph Parish,"189 Oxford Street, Auburn, MA, 01501",http://www.stjosephauburnma.org,Diocese of Worcester,Sunday Mass Schedule,https://www.worcesterdiocese.org/parishfinder
St. Joseph Parish,"10 H Putnam Road Extension, Charlton, MA, 01507",http://www.stjosephscharlton.com,Diocese of Worcester,Sunday Mass Schedule,https://www.worcesterdiocese.org/parishfinder
St. Joseph Parish,"49 Woodland Street, Fitchburg, MA, 01420",https://stjosephfitchburg.org/,Diocese of Worcester,Sunday Mass Schedule,https://www.worcesterdiocese.org/parishfinder
St. Joseph the Good Provider Parish,"52 West Street, Berlin, MA, 01503",https://stjosephberlin.org/,Diocese of Worcester,Sunday Mass Schedule,https://www.worcesterdiocese.org/parishfinder
St. Leo Catholic Church,"128 Main Street, Leominster, MA, 01453",https://stleosparish.org/,Diocese of Worcester,Sunday Mass Schedule,https://www.worcesterdiocese.org/parishfinder
St. Louis,"14 Lake Street, Webster, MA, 01570",https://stlouischurchwebster.org/,Diocese of Worcester,Sunday Mass Schedule,https://www.worcesterdiocese.org/parishfinder
St. Luke the Evangelist,"70 West Main Street, Westborough, MA, 01581",https://stlukes-parish.org/,Diocese of Worcester,Sunday Mass Schedule,https://www.worcesterdiocese.org/parishfinder
St. Mark's Parish,"356 Boston Road, Sutton, MA, 01590",https://saintmarksparish.org/,Diocese of Worcester,Sunday Mass Schedule,https://www.worcesterdiocese.org/parishfinder
St. Martin Mission Church,"248 State Road, Otter River, MA, 01436",,Diocese of Worcester,Sunday Mass Schedule,https://www.worcesterdiocese.org/parishfinder
St. Mary Catholic Church,"77 Mendon Street, Uxbridge, MA, 01569",https://stmaryuxbridge.org/,Diocese of Worcester,Sunday Mass Schedule,https://www.worcesterdiocese.org/parishfinder
St. Mary of the Hills,"630 Cross Street, Boylston, MA, 01505",https://saintmaryofthehills.com/,Diocese of Worcester,Sunday Mass Schedule,https://www.worcesterdiocese.org/parishfinder
St. Mary's,"Jefferson, MA",https://stmarysjeff.com/,Diocese of Worcester,Sunday Mass Schedule,https://www.worcesterdiocese.org/parishfinder
St. Mary's Parish,"640 Main Street, Shrewsbury, MA, 01545",https://stmarysparish.org/,Diocese of Worcester,Sunday Mass Schedule,https://www.worcesterdiocese.org/parishfinder
St. Matthew Catholic Church,"26 Highland St., Southborough, MA, 01772",https://stmatthewsb.org/,Diocese of Worcester,Sunday Mass Schedule,https://www.worcesterdiocese.org/parishfinder
St. Patrick Catholic Church,"1 Cross Street, Whitinsville, MA, 01588",https://mystpatricks.com/,Diocese of Worcester,Sunday Mass Schedule,https://www.worcesterdiocese.org/parishfinder
St. Patrick Parish,"258 Main Street, Rutland, MA, 01543",https://stpatricksrutland.org/,Diocese of Worcester,Sunday Mass Schedule,https://www.worcesterdiocese.org/parishfinder
St. Paul,"160 Main Street, Warren, MA, 01083",https://stpaulstan.com/,Diocese of Worcester,Sunday Mass Schedule,https://www.worcesterdiocese.org/parishfinder
St. Peter,"18 North Street, Petersham, MA, 01366",https://nqcatholic.com,Diocese of Worcester,Sunday Mass Schedule,https://www.worcesterdiocese.org/parishfinder
St. Peter's Parish,"39 Church Avenue, Northbridge, MA, 01534",https://stpeterrockdale.org/,Diocese of Worcester,Sunday Mass Schedule,https://www.worcesterdiocese.org/parishfinder
St. Richard of Chichester Parish,"4 Bridge Street, Sterling, MA, 01564",http://www.strichardsterling.org,Diocese of Worcester,Sunday Mass Schedule,https://www.worcesterdiocese.org/parishfinder
St. Roch Parish,"332 Main Street, Oxford, MA, 01540",https://strochoxford.com/,Diocese of Worcester,Sunday Mass Schedule,https://www.worcesterdiocese.org/parishfinder
St. Rose of Lima,"244 WEst Main St, Northborough, MA, 01532",http://saintroseoflima.com,Diocese of Worcester,Sunday Mass Schedule,https://www.worcesterdiocese.org/parishfinder
St. Rose of Lima Parish,"244 West Main St, Northborough, MA, 01532",https://saintroseoflima.com/,Diocese of Worcester,Sunday Mass Schedule,https://www.worcesterdiocese.org/parishfinder
St. Stanislaus,"2274 Main Street, West Warren, MA, 01092",https://ststanislauswestwarrenmass.org/,Diocese of Worcester,Sunday Mass Schedule,https://www.worcesterdiocese.org/parishfinder
St. Vincent de Paul Parish,"1 Forest Street, Baldwinville, MA, 01436",https://saintvincentcatholicchurch.com/,Diocese of Worcester,Sunday Mass Schedule,https://www.worcesterdiocese.org/parishfinder
The Catholic Community of Sacred Heart,"187 Hopedale Street, Hopedale, MA, 01747",https://sacredhearthopedale.org/,Diocese of Worcester,Sunday Mass Schedule,https://www.worcesterdiocese.org/parishfinder
"The Catholic Parishes of Millbury, MA",,https://stbrigidparish.org/,Diocese of Worcester,Sunday Mass Schedule,https://www.worcesterdiocese.org/parishfinder
Church of the Ascension,"2150 Raymac Rd. SW, Albuquerque, NM, 87105",,Archdiocese of Santa Fe,1. Albuquerque,https://archdiosf.org/parishfinder
Holy Family,"562 Atrisco Dr. SW, Albuquerque, NM, 87105",https://www.holyfamilynm.org/,Archdiocese of Santa Fe,1. Albuquerque,https://archdiosf.org/parishfinder
Holy Ghost,"927 Arizona St. SE, Albuquerque, NM, 87108",https://holyghost.weconnect.com/,Archdiocese of Santa Fe,1. Albuquerque,https://archdiosf.org/parishfinder
Immaculate Conception,"619 Copper Ave. NW, Albuquerque, NM, 87102-3140",http://www.iccabq.org/,Archdiocese of Santa Fe,1. Albuquerque,https://archdiosf.org/parishfinder
Nativity of the Blessed Virgin Mary,"9502 Fourth St. NW, Albuquerque, NM, 87114",http://www.n-bvm.org/,Archdiocese of Santa Fe,1. Albuquerque,https://archdiosf.org/parishfinder
Our Lady of Fatima,"4020 Lomas Blvd NE, Albuquerque, NM, 87110",http://www.fatimabq.org/,Archdiocese of Santa Fe,1. Albuquerque,https://archdiosf.org/parishfinder
Our Lady of Guadalupe,"1860 Griegos Rd. NW, Albuquerque, NM, 87107",http://www.guadalupeabq.com/,Archdiocese of Santa Fe,1. Albuquerque,https://archdiosf.org/parishfinder
Our Lady of Lavang,"1015 Chelwood Park NE, Albuquerque, NM, 87112",,Archdiocese of Santa Fe,1. Albuquerque,https://archdiosf.org/parishfinder
Our Lady of Perpetual Help,"1837 Alvarado Dr. NE, Albuquerque, NM, 87110",https://www.olphnm.org/,Archdiocese of Santa Fe,1. Albuquerque,https://archdiosf.org/parishfinder
Our Lady of the Annunciation,"2621 Vermont St.NE, Albuquerque, NM, 87110",http://www.annunciationparishabq.org/,Archdiocese of Santa Fe,1. Albuquerque,https://archdiosf.org/parishfinder
Our Lady of the Assumption,"811 Guaymas Pl. NE, Albuquerque, NM, 87108",http://www.olacs.org/,Archdiocese of Santa Fe,1. Albuquerque,https://archdiosf.org/parishfinder
Our Lady of the Most Holy Rosary,"5415 Fortuna Rd. SW, Albuquerque, NM, 87105",http://www.holyrosaryabq.org/,Archdiocese of Santa Fe,1. Albuquerque,https://archdiosf.org/parishfinder
Prince of Peace Catholic Community,"12500 Carmel Ave. NE, Albuquerque, NM, 87122",http://www.popabq.org/,Archdiocese of Santa Fe,1. Albuquerque,https://archdiosf.org/parishfinder
Queen of Heaven,"5311 Phoenix Ave. NE, Albuquerque, NM, 87110",http://qofhabq.com/,Archdiocese of Santa Fe,1. Albuquerque,https://archdiosf.org/parishfinder
Risen Savior Catholic Community,"7701 Wyoming Blvd. NE, Albuquerque, NM, 87109",http://www.risensaviorcc.org/,Archdiocese of Santa Fe,1. Albuquerque,https://archdiosf.org/parishfinder
Sacred Heart,"309 Stover Ave. SW, Albuquerque, NM, 87102",http://www.sacredheartabq.com/,Archdiocese of Santa Fe,1. Albuquerque,https://archdiosf.org/parishfinder
San Felipe de Neri,"2005 North Plaza NW, Albuquerque, NM, 87104",http://www.sanfelipedeneri.org,Archdiocese of Santa Fe,1. Albuquerque,https://archdiosf.org/parishfinder
San Ignacio,"1300 Walter St. NE, Albuquerque, NM, 87102",,Archdiocese of Santa Fe,1. Albuquerque,https://archdiosf.org/parishfinder
San Jose,"2401 Broadway Blvd. SE, Albuquerque, NM, 87102-5009",https://www.sanjoseabq.org/,Archdiocese of Santa Fe,1. Albuquerque,https://archdiosf.org/parishfinder
Sangre de Cristo,"8901 Candelaria Rd. NE, Albuquerque, NM, 87112",https://sangredecristoabq.com,Archdiocese of Santa Fe,1. Albuquerque,https://archdiosf.org/parishfinder
Santuario San Martin de Porres,"8301 Camino San Martin SW, Albuquerque, NM, 87121",https://santuariosanmartin.org/,Archdiocese of Santa Fe,1. Albuquerque,https://archdiosf.org/parishfinder
Shrine of St. Bernadette,"11509 Indian School Road NE, Albuquerque, NM, 87112",https://www.ssbnm.org,Archdiocese of Santa Fe,1. Albuquerque,https://archdiosf.org/parishfinder
St. Anne,"1400 Arenal Rd. SW, Albuquerque, NM, 87105",https://stannechurchabq.com/,Archdiocese of Santa Fe,1. Albuquerque,https://archdiosf.org/parishfinder
St. Charles Borromeo,"1818 Coal Pl. SE, Albuquerque, NM, 87106",https://stcharlesnm.org/,Archdiocese of Santa Fe,1. Albuquerque,https://archdiosf.org/parishfinder
St. Edwin,"2105 Barcelona Rd. SW, Albuquerque, NM, 87105",http://www.stedwinabq.com/,Archdiocese of Santa Fe,1. Albuquerque,https://archdiosf.org/parishfinder
St. Francis Xavier,"820 Broadway Blvd. SE, Albuquerque, NM, 87102",http://www.stfrancisxavierparishabq.org/,Archdiocese of Santa Fe,1. Albuquerque,https://archdiosf.org/parishfinder
St. John XXIII Catholic Community,"4831 Tramway Ridge Dr. NE, Albuquerque, NM, 87111",http://www.johnxxiiicc.org/,Archdiocese of Santa Fe,1. Albuquerque,https://archdiosf.org/parishfinder
St. Joseph on the Rio Grande,"5901 St. Joseph's Dr. NW, Albuquerque, NM, 87120",https://sjrgcc.org/,Archdiocese of Santa Fe,1. Albuquerque,https://archdiosf.org/parishfinder
St. Jude Thaddeus,"5712 Paradise Blvd NW, Albuquerque, NM, 87114-4928",http://www.stjudenm.org/,Archdiocese of Santa Fe,1. Albuquerque,https://archdiosf.org/parishfinder
St. Therese of the Infant Jesus,"3424 4th Street NW, Albuquerque, NM, 87107",http://www.littleflowerabq.org/,Archdiocese of Santa Fe,1. Albuquerque,https://archdiosf.org/parishfinder
St. Thomas Aquinas University Parish (Newman Center),"1815 Las Lomas Rd. NE, Albuquerque, NM, 87106-3803",http://www.lobocatholic.org/,Archdiocese of Santa Fe,1. Albuquerque,https://archdiosf.org/parishfinder
Cathedral Basilica of St. Francis of Assisi,"131 Cathedral Pl., Santa Fe, NM, 87504",http://www.cbsfa.org/,Archdiocese of Santa Fe,2. Santa Fe,https://archdiosf.org/parishfinder
Cristo Rey,"1107 Canyon Rd., Santa Fe, NM, 87505",http://www.cristoreyparish.org/,Archdiocese of Santa Fe,2. Santa Fe,https://archdiosf.org/parishfinder
Our Lady of Guadalupe,"417 Agua Fría St., Santa Fe, NM, 87501",https://santuariodeguadalupesantafe.com/,Archdiocese of Santa Fe,2. Santa Fe,https://archdiosf.org/parishfinder
San Isidro-San Jose,"3552 Agua Fría St., Santa Fe, NM, 87507-1583",http://www.sanisidroparish.org/,Archdiocese of Santa Fe,2. Santa Fe,https://archdiosf.org/parishfinder
Santa Maria de la Paz,"11 College Ave., Santa Fe, NM, 87508-9225",http://www.smdlp.org/,Archdiocese of Santa Fe,2. Santa Fe,https://archdiosf.org/parishfinder
St. Anne,"511 Alicia St., Santa Fe, NM, 87501",https://www.stannesantafe.com,Archdiocese of Santa Fe,2. Santa Fe,https://archdiosf.org/parishfinder
St. John the Baptist,"1301 Osage Ave., Santa Fe, NM, 87505",https://www.sjtbcc.net,Archdiocese of Santa Fe,2. Santa Fe,https://archdiosf.org/parishfinder
Abiquíu - St. Thomas the Apostle,"#1 Church Plaza, Abiquíu, NM, 87510",https://www.nmmountaincatholic.org/,Archdiocese of Santa Fe,3. All Other Parishes,https://archdiosf.org/parishfinder
Anton Chíco - San Jose,"1081 Iglesia Rd., Anton Chíco, NM, 87711",,Archdiocese of Santa Fe,3. All Other Parishes,https://archdiosf.org/parishfinder
Arroyo Seco - Holy Trinity Parish,"498 Highway 150, Arroyo Seco, NM, 87514",https://www.nmmountaincatholic.org/,Archdiocese of Santa Fe,3. All Other Parishes,https://archdiosf.org/parishfinder
Belen - Our Lady of Belen,"101-A N. Tenth St., Belen, NM, 87002",http://ourladyofbelen.org/,Archdiocese of Santa Fe,3. All Other Parishes,https://archdiosf.org/parishfinder
Bernalillo - Our Lady of Sorrows,"301 S. Camino del Pueblo, Bernalillo, NM, 87004",https://www.olosbernalillo.com/,Archdiocese of Santa Fe,3. All Other Parishes,https://archdiosf.org/parishfinder
Cerrillos - St. Joseph,"7 First St., Cerrillos, NM, 87010",https://sjcerrillos.org/,Archdiocese of Santa Fe,3. All Other Parishes,https://archdiosf.org/parishfinder
Chama - St. Patrick,"352 Pine St., Chama, NM, 87520-0036",https://nuestrasenoradelvalle.org/,Archdiocese of Santa Fe,3. All Other Parishes,https://archdiosf.org/parishfinder
Chimayo - Santuario de Chimayo-Holy Family,"#10, Route 76, Chimayo, NM, 87522",https://www.holychimayo.us/,Archdiocese of Santa Fe,3. All Other Parishes,https://archdiosf.org/parishfinder
Cimarron - Immaculate Conception,"440 W. 18th St., Cimarron, NM, 87714",,Archdiocese of Santa Fe,3. All Other Parishes,https://archdiosf.org/parishfinder
Clayton - St. Francis Xavier,"115 N. First St., Clayton, NM, 88415",https://sfxclayton.org/,Archdiocese of Santa Fe,3. All Other Parishes,https://archdiosf.org/parishfinder
Clovis - Our Lady of Guadalupe,"108 N. Davis St., Clovis, NM, 88101",http://www.ologsj.org/,Archdiocese of Santa Fe,3. All Other Parishes,https://archdiosf.org/parishfinder
Clovis - Sacred Heart,"921 N. Merriwether St., Clovis, NM, 88101",https://sacredheartclovis.com/,Archdiocese of Santa Fe,3. All Other Parishes,https://archdiosf.org/parishfinder
Corrales - San Ysidro,"5015 Corrales Rd., Corrales, NM, 87048",https://www.sanysidroparishnm.org/,Archdiocese of Santa Fe,3. All Other Parishes,https://archdiosf.org/parishfinder
Dixon - St. Anthony de Padua,"5 Church St., Dixon, NM, 87527",http://www.dixonpenascocc.org,Archdiocese of Santa Fe,3. All Other Parishes,https://archdiosf.org/parishfinder
El Rito - San Juan Nepomuceno,"Main St., El Rito, NM, 87530",,Archdiocese of Santa Fe,3. All Other Parishes,https://archdiosf.org/parishfinder
Española - Sacred Heart of Jesus,"908 Calle Rosario, Española, NM, 87532",https://sacredheartofjesusespanola.com/,Archdiocese of Santa Fe,3. All Other Parishes,https://archdiosf.org/parishfinder
Ft. Sumner - St. Anthony of Padua,"443 Richard Ave., Ft. Sumner, NM, 88119",,Archdiocese of Santa Fe,3. All Other Parishes,https://archdiosf.org/parishfinder
Isleta Pueblo - St. Augustine,"TR 35, #71, Isleta Pueblo, NM, 87022",https://www.isletachurch.org/,Archdiocese of Santa Fe,3. All Other Parishes,https://archdiosf.org/parishfinder
Jemez Pueblo - San Diego Mission,"475 Mission Rd., Jemez Pueblo, NM, 87024",,Archdiocese of Santa Fe,3. All Other Parishes,https://archdiosf.org/parishfinder
Jemez Springs - Our Lady of the Assumption,"17530 State Road 4, Jemez Springs, NM, 87025",,Archdiocese of Santa Fe,3. All Other Parishes,https://archdiosf.org/parishfinder
La Joya - Our Lady of Sorrows,"19 Calle de La Iglesia, La Joya, NM, 87028",https://olslajoyanm.org/,Archdiocese of Santa Fe,3. All Other Parishes,https://archdiosf.org/parishfinder
Las Vegas - Immaculate Conception,"811 Sixth St., Las Vegas, NM, 87701",http://www.icparishlvnm.org/,Archdiocese of Santa Fe,3. All Other Parishes,https://archdiosf.org/parishfinder
Las Vegas - Our Lady of Sorrows,"403 Valencia St., Las Vegas, NM, 87701",https://oloslasvegas.org/,Archdiocese of Santa Fe,3. All Other Parishes,https://archdiosf.org/parishfinder
Los Alamos - Immaculate Heart of Mary,"3700 Canyon Rd., Los Alamos, NM, 87544",http://ihmcc.org/,Archdiocese of Santa Fe,3. All Other Parishes,https://archdiosf.org/parishfinder
Los Lunas - San Clemente,"244 Luna Rd. NE, Los Lunas, NM, 87031",http://sanclementeparish.org/,Archdiocese of Santa Fe,3. All Other Parishes,https://archdiosf.org/parishfinder
Los Ojos - San Jose,"101 Main St., Los Ojos, NM, 87551",https://nuestrasenoradelvalle.org/,Archdiocese of Santa Fe,3. All Other Parishes,https://archdiosf.org/parishfinder
Mora - St. Gertrude the Great,"One Church Plaza, Mora, NM, 87732",https://www.stgertrudesmora.org/,Archdiocese of Santa Fe,3. All Other Parishes,https://archdiosf.org/parishfinder
Moriarity - Estancia Valley Catholic Parish,"1400 Third Street South, Moriarty, NM, 87035",http://www.estanciavalleycatholicch.org/,Archdiocese of Santa Fe,3. All Other Parishes,https://archdiosf.org/parishfinder
Mountainair - St. Alice,"304 S. Roosevelt, Mountainair, NM, 87036",https://www.stalicenm.com/,Archdiocese of Santa Fe,3. All Other Parishes,https://archdiosf.org/parishfinder
Ohkay Owingeh - San Juan Bautista & Tewa Missions,"185 Po'Pay Ave, Ohkay Owingeh, NM, 87566",http://www.sanjuanandtewa.com/,Archdiocese of Santa Fe,3. All Other Parishes,https://archdiosf.org/parishfinder
Pecos - St. Anthony of Padua,"#11 St. Anthony’s Lp., Pecos, NM, 87552",,Archdiocese of Santa Fe,3. All Other Parishes,https://archdiosf.org/parishfinder
Peña Blanca - Our Lady of Guadalupe,"816 Highway 22, Peña Blanca, NM, 87041",https://olgpb.org/,Archdiocese of Santa Fe,3. All Other Parishes,https://archdiosf.org/parishfinder
Peñasco - San Antonio de Padua,"14079 N. Highway 75, Peñasco, NM, 87553-0460",http://www.dixonpenascocc.org,Archdiocese of Santa Fe,3. All Other Parishes,https://archdiosf.org/parishfinder
Peralta - Our Lady of Guadalupe,"3674 Highway 47, Peralta, NM, 87042",http://ologperalta.org/,Archdiocese of Santa Fe,3. All Other Parishes,https://archdiosf.org/parishfinder
Pojoaque - Nuestra Señora de Guadalupe del Valle de Pojoaque,"9 Grazing Elk Dr., Pojoaque, NM, 87506",https://pojoaquecatholics.com/,Archdiocese of Santa Fe,3. All Other Parishes,https://archdiosf.org/parishfinder
Portales - St. Helen,"1600 South Ave. O, Portales, NM, 88130",https://sthelenportales.org/,Archdiocese of Santa Fe,3. All Other Parishes,https://archdiosf.org/parishfinder
Questa - St. Anthony,"10 Church Plaza, Questa, NM, 87556",,Archdiocese of Santa Fe,3. All Other Parishes,https://archdiosf.org/parishfinder
Ranchos de Taos - San Francisco de Asis,"St. Francis Plaza #60, Ranchos de Taos, NM, 87557",https://sfranchos.org/,Archdiocese of Santa Fe,3. All Other Parishes,https://archdiosf.org/parishfinder
Raton - St. Patrick-St. Joseph,"105 Buena Vista St., Raton, NM, 87740",http://stpatrickstjoseph.weconnect.com/,Archdiocese of Santa Fe,3. All Other Parishes,https://archdiosf.org/parishfinder
Ribera - San Miguel del Vado,"7 Sagebrush Way, Ribera, NM, 87560",,Archdiocese of Santa Fe,3. All Other Parishes,https://archdiosf.org/parishfinder
Rio Rancho - Church of the Incarnation,"2309 Monterey Rd. NE, Rio Rancho, NM, 87144",https://incarnation.church,Archdiocese of Santa Fe,3. All Other Parishes,https://archdiosf.org/parishfinder
Rio Rancho - St. John Vianney,"1001 Meteor Ave. NE, Rio Rancho, NM, 87144",http://www.sjvnm.org/,Archdiocese of Santa Fe,3. All Other Parishes,https://archdiosf.org/parishfinder
Rio Rancho - St. Thomas Aquinas,"1502 Sara Rd. SE, Rio Rancho, NM, 87124",http://www.stanm.org/,Archdiocese of Santa Fe,3. All Other Parishes,https://archdiosf.org/parishfinder
Roy - Holy Family/St. Joseph,"515 St. George Ln, Roy, NM, 87743",,Archdiocese of Santa Fe,3. All Other Parishes,https://archdiosf.org/parishfinder
Santa Cruz - Santa Cruz de la Canada,"126 McCurdy Rd. (SR 583), Santa Cruz, NM, 87567",http://www.hcccsantacruz.org,Archdiocese of Santa Fe,3. All Other Parishes,https://archdiosf.org/parishfinder
Santa Rosa - St. Rose of Lima,"439 South Third St., Santa Rosa, NM, 88435",https://www.santarosadelima.org/,Archdiocese of Santa Fe,3. All Other Parishes,https://archdiosf.org/parishfinder
Socorro - San Miguel,"403 El Camino Real St. NW, Socorro, NM, 87801",https://www.sdc.org/~smiguel/,Archdiocese of Santa Fe,3. All Other Parishes,https://archdiosf.org/parishfinder
Springer - St. Joseph,"605 Fifth St., Springer, NM, 87747",https://parishesonline.com/organization/st-joseph-immaculate-conception,Archdiocese of Santa Fe,3. All Other Parishes,https://archdiosf.org/parishfinder
Taos - Our Lady of Guadalupe,"205 Don Fernando St., Taos, NM, 87571",http://www.ologtaos.com/,Archdiocese of Santa Fe,3. All Other Parishes,https://archdiosf.org/parishfinder
Tierra Amarilla - Santo Nino,"County Road 15, Río Arriba, Tierra Amarilla, NM, 87575",https://nuestrasenoradelvalle.org/,Archdiocese of Santa Fe,3. All Other Parishes,https://archdiosf.org/parishfinder
Tijeras - Holy Child,"19 Camino del Santo Niño, Tijeras, NM, 87059",http://www.holychildparishnm.org/,Archdiocese of Santa Fe,3. All Other Parishes,https://archdiosf.org/parishfinder
Tomé - Immaculate Conception,"7 Church Lp., Tomé, NM, 87060-0100",http://www.immaculateconceptiontome.org/,Archdiocese of Santa Fe,3. All Other Parishes,https://archdiosf.org/parishfinder
Tucumcari - St. Anne,"306 West High, Tucumcari, NM, 88401",https://www.facebook.com/profile.php?id=100064860363467,Archdiocese of Santa Fe,3. All Other Parishes,https://archdiosf.org/parishfinder
Vaughn - St. Mary,"376 West Eighth St., Vaughn, NM, 88353",,Archdiocese of Santa Fe,3. All Other Parishes,https://archdiosf.org/parishfinder
Villanueva - Our Lady of Guadalupe,"Church Plaza 39, Villanueva, NM, 87583",,Archdiocese of Santa Fe,3. All Other Parishes,https://archdiosf.org/parishfinder
Wagon Mound - Santa Clara,"805 Calhoun Ave., Wagon Mound, NM, 87752",,Archdiocese of Santa Fe,3. All Other Parishes,https://archdiosf.org/parishfinder
Ascension,"1825 S. 3rd St., Bismarck, ND, 58504",http://www.ascensionbismarck.org,Diocese of Bismarck,Sunday Mass Schedule,https://www.bismarckdiocese.com/parishfinder
Assumption Abbey,"418 3rd Ave W, Richardton, North Dakota, 58652",http://www.assumptionabbey.com,Diocese of Bismarck,Sunday Mass Schedule,https://www.bismarckdiocese.com/parishfinder
Cathedral of the Holy Spirit,"519 Raymond Street, Bismarck, ND, 58501",http://www.cathedralparish.com,Diocese of Bismarck,Sunday Mass Schedule,https://www.bismarckdiocese.com/parishfinder
Christ the King,"505 10th Ave NW, Mandan, North Dakota, 58554",http://www.ctkmandan.com,Diocese of Bismarck,Sunday Mass Schedule,https://www.bismarckdiocese.com/parishfinder
Corpus Christi,"1919 N. 2nd St., Bismarck, ND, 58501",http://www.corpuschristibismarck.com,Diocese of Bismarck,Sunday Mass Schedule,https://www.bismarckdiocese.com/parishfinder
Epiphany,"112 6th Ave NE, Watford City, North Dakota, 58854",https://wcepiphany.com,Diocese of Bismarck,Sunday Mass Schedule,https://www.bismarckdiocese.com/parishfinder
Holy Trinity,"405 3rd St N, Hettinger, North Dakota, 58639",https://www.parishesofswnd.com/,Diocese of Bismarck,Sunday Mass Schedule,https://www.bismarckdiocese.com/parishfinder
Immaculate Conception,"410 Jacobson Ave., Max, ND, 58759",http://www.stnicholaschurchgarrison.com,Diocese of Bismarck,Sunday Mass Schedule,https://www.bismarckdiocese.com/parishfinder
Immaculate Conception,"230 Missile Ave., Minot AFB, ND, 58705-5000",,Diocese of Bismarck,Sunday Mass Schedule,https://www.bismarckdiocese.com/parishfinder
Our Lady of Consolation,"704 Delaney Street, Alexander, North Dakota, 58831",https://wcepiphany.com,Diocese of Bismarck,Sunday Mass Schedule,https://www.bismarckdiocese.com/parishfinder
Our Lady of Grace,"707 16th Ave SW, Minot, North Dakota, 58701",https://www.olgminot.org/,Diocese of Bismarck,Sunday Mass Schedule,https://www.bismarckdiocese.com/parishfinder
Pro-Cathedral of St. Mary,"806 E. Broadway, Bismarck, ND, 58501",http://www.stmarysbismarck.org,Diocese of Bismarck,Sunday Mass Schedule,https://www.bismarckdiocese.com/parishfinder
Queen of Peace,"725 12th St. W, Dickinson, ND, 58601",http://www.thequeenofpeace.com,Diocese of Bismarck,Sunday Mass Schedule,https://www.bismarckdiocese.com/parishfinder
Queen of the Most Holy Rosary,"426 2nd St SE, Stanley, North Dakota, 58784-4036",http://holyrosarystanley.com/,Diocese of Bismarck,Sunday Mass Schedule,https://www.bismarckdiocese.com/parishfinder
Sacred Heart,"Corner of 4th Ave and Reserve St, Plaza, North Dakota, 58771",,Diocese of Bismarck,Sunday Mass Schedule,https://www.bismarckdiocese.com/parishfinder
Sacred Heart,"212 4th St N, Wilton, North Dakota, 58579",http://www.sacredhtwilton.com,Diocese of Bismarck,Sunday Mass Schedule,https://www.bismarckdiocese.com/parishfinder
Sacred Heart,"408 Main St, Scranton, North Dakota, 58653",http://www.parishesofswnd.com/index.html,Diocese of Bismarck,Sunday Mass Schedule,https://www.bismarckdiocese.com/parishfinder
Sacred Heart,"402 E 3rd Ave, Reeder, North Dakota, 58649",http://www.parishesofswnd.com/index.html,Diocese of Bismarck,Sunday Mass Schedule,https://www.bismarckdiocese.com/parishfinder
Sacred Heart,"203 Ash Ave E, Glen Ullin, North Dakota, 58631",http://www.sacredheartchurchglenullin.org,Diocese of Bismarck,Sunday Mass Schedule,https://www.bismarckdiocese.com/parishfinder
Sacred Heart,"1st Ave E & 61st Ave NW, White Shield, North Dakota, 58540",https://www.stnicholaschurchgarrison.com/,Diocese of Bismarck,Sunday Mass Schedule,https://www.bismarckdiocese.com/parishfinder
Saint Anne,"1321 Braman Ave., Bismarck, ND, 58501",https://www.stannesbismarck.com/,Diocese of Bismarck,Sunday Mass Schedule,https://www.bismarckdiocese.com/parishfinder
Spirit of Life,"801 1st St SE, Mandan, North Dakota, 58554",http://www.myspiritoflife.com,Diocese of Bismarck,Sunday Mass Schedule,https://www.bismarckdiocese.com/parishfinder
St. Agnes,"409 E Division St, Kenmare, North Dakota, 58746",,Diocese of Bismarck,Sunday Mass Schedule,https://www.bismarckdiocese.com/parishfinder
St. Ann,"217 Dewey St NW, Berthold, North Dakota, 58718",http://holyrosarystanley.com/,Diocese of Bismarck,Sunday Mass Schedule,https://www.bismarckdiocese.com/parishfinder
St. Ann,"204 S Park St, Hebron, North Dakota, 58638",https://stannshebron.com,Diocese of Bismarck,Sunday Mass Schedule,https://www.bismarckdiocese.com/parishfinder
St. Anthony,"202 Eagle Drive, New Town, North Dakota, 58763",https://saintanthonypadua.com/,Diocese of Bismarck,Sunday Mass Schedule,https://www.bismarckdiocese.com/parishfinder
St. Anthony,"9385 BIA Rt 12, Mandaree, North Dakota, 58757",https://saintanthonypadua.com/,Diocese of Bismarck,Sunday Mass Schedule,https://www.bismarckdiocese.com/parishfinder
St. Anthony,"2362 County Rd 136, St. Anthony, North Dakota, 58566",,Diocese of Bismarck,Sunday Mass Schedule,https://www.bismarckdiocese.com/parishfinder
St. Anthony,"613 N Broadway St, Linton, North Dakota, 58552",http://www.stanthonylinton.com,Diocese of Bismarck,Sunday Mass Schedule,https://www.bismarckdiocese.com/parishfinder
St. Bernard,"402 3rd Ave. NE, Belfield, ND, 58622",http://saintbernardbelfield.com,Diocese of Bismarck,Sunday Mass Schedule,https://www.bismarckdiocese.com/parishfinder
St. Bonaventure,"505 Grant Ave, Underwood, North Dakota, 58576",http://www.centralmcleansaints.com,Diocese of Bismarck,Sunday Mass Schedule,https://www.bismarckdiocese.com/parishfinder
St. Boniface,"300 East Street, Grenora, North Dakota, 58845",,Diocese of Bismarck,Sunday Mass Schedule,https://www.bismarckdiocese.com/parishfinder
St. Bridget,"12 1st Ave NE, Parshall, North Dakota, 58770",,Diocese of Bismarck,Sunday Mass Schedule,https://www.bismarckdiocese.com/parishfinder
St. Catherine,"401 Main St, Turtle Lake, North Dakota, 58575",http://www.centralmcleansaints.com,Diocese of Bismarck,Sunday Mass Schedule,https://www.bismarckdiocese.com/parishfinder
St. Charles,"202 1st Ave SW, Bowman, ND, 58623-4216",,Diocese of Bismarck,Sunday Mass Schedule,https://www.bismarckdiocese.com/parishfinder
St. Clement Oratory,"6781 Co Rd 140, Glen Ullin, ND, 58631",https://bismarckdiocese.com/oratory,Diocese of Bismarck,Sunday Mass Schedule,https://www.bismarckdiocese.com/parishfinder
St. Demetrius (Ukrainian),"2123 Highway 85, Belfield, ND, 58622",,Diocese of Bismarck,Sunday Mass Schedule,https://www.bismarckdiocese.com/parishfinder
St. Edwin,"906 Northgate Rd, Washburn, North Dakota, 58577",http://www.centralmcleansaints.com,Diocese of Bismarck,Sunday Mass Schedule,https://www.bismarckdiocese.com/parishfinder
St. Elizabeth,"5043 100D Ave SW, Lefor, North Dakota, 58641",,Diocese of Bismarck,Sunday Mass Schedule,https://www.bismarckdiocese.com/parishfinder
St. Elizabeth,"Corner of 4th Ave and Edwards St, Makoti, North Dakota, 58756",,Diocese of Bismarck,Sunday Mass Schedule,https://www.bismarckdiocese.com/parishfinder
St. Gertrude,"7785 St Gertrude Ave, Raleigh, ND, 58564",https://catholic3nd.com,Diocese of Bismarck,Sunday Mass Schedule,https://www.bismarckdiocese.com/parishfinder
St. Henry,"150 West 5th St, Regent, North Dakota, 58650",https://triparishchurch.com/,Diocese of Bismarck,Sunday Mass Schedule,https://www.bismarckdiocese.com/parishfinder
St. Hildegard,"17200 Highway 10, Menoken, North Dakota, 58558",http://www.sthildegardmenoken.com,Diocese of Bismarck,Sunday Mass Schedule,https://www.bismarckdiocese.com/parishfinder
St. James,"220 4th Ave. East, Sherwood, North Dakota, 58782",http://mlscatholic.com,Diocese of Bismarck,Sunday Mass Schedule,https://www.bismarckdiocese.com/parishfinder
St. James,"400 Main St, Powers Lake, North Dakota, 58773",,Diocese of Bismarck,Sunday Mass Schedule,https://www.bismarckdiocese.com/parishfinder
St. Jerome,"303 E Main St, Mohall, North Dakota, 58761",http://mlscatholic.com,Diocese of Bismarck,Sunday Mass Schedule,https://www.bismarckdiocese.com/parishfinder
St. John,"680 3rd Ave., Lansford, North Dakota, 58750",http://mlscatholic.com,Diocese of Bismarck,Sunday Mass Schedule,https://www.bismarckdiocese.com/parishfinder
St. John the Apostle,"2600 Central Ave W, Minot, North Dakota, 58701",http://www.stjohnminot.com,Diocese of Bismarck,Sunday Mass Schedule,https://www.bismarckdiocese.com/parishfinder
St. John the Baptist,"205 2nd St, Trenton, North Dakota, 58853",,Diocese of Bismarck,Sunday Mass Schedule,https://www.bismarckdiocese.com/parishfinder
St. John the Baptist,"321 2nd Ave SE, New Leipzig, North Dakota, 58562",https://triparishchurch.com/,Diocese of Bismarck,Sunday Mass Schedule,https://www.bismarckdiocese.com/parishfinder
St. John the Baptist,"162 2nd Ave SE, Beach, North Dakota, 58621",https://www.stjohnbeach.com/,Diocese of Bismarck,Sunday Mass Schedule,https://www.bismarckdiocese.com/parishfinder
St. John the Baptist,"201 1st. Ave., Portal, ND, 58772",,Diocese of Bismarck,Sunday Mass Schedule,https://www.bismarckdiocese.com/parishfinder
St. John the Baptist (Ukrainian),"309 6th St. NE, Belfield, ND, 58622",,Diocese of Bismarck,Sunday Mass Schedule,https://www.bismarckdiocese.com/parishfinder
St. Joseph,"240 E. Broadway, Dickinson, ND, 58601-5660",http://www.stjosephschurchdickinson.com,Diocese of Bismarck,Sunday Mass Schedule,https://www.bismarckdiocese.com/parishfinder
St. Joseph,"115 3rd St NE, Beulah, ND, 58523-0146",http://www.saints2b.org,Diocese of Bismarck,Sunday Mass Schedule,https://www.bismarckdiocese.com/parishfinder
St. Joseph,"8050 7th St. NW, Twin Buttes, North Dakota, 58636",https://stjosephkilldeer.com/church-of-st-joseph-twin-buttes,Diocese of Bismarck,Sunday Mass Schedule,https://www.bismarckdiocese.com/parishfinder
St. Joseph,"108 3rd St NE, Mandan, North Dakota, 58554",http://www.stjosephmandan.com,Diocese of Bismarck,Sunday Mass Schedule,https://www.bismarckdiocese.com/parishfinder
St. Joseph,"152 3rd Ave NW, Killdeer, North Dakota, 58640",https://stjosephkilldeer.com/,Diocese of Bismarck,Sunday Mass Schedule,https://www.bismarckdiocese.com/parishfinder
St. Joseph,"102 3rd St NW, Bowbells, North Dakota, 58721",,Diocese of Bismarck,Sunday Mass Schedule,https://www.bismarckdiocese.com/parishfinder
St. Joseph,"106 6th St W, Williston, North Dakota, 58801",http://www.stjparish.com,Diocese of Bismarck,Sunday Mass Schedule,https://www.bismarckdiocese.com/parishfinder
St. Joseph,"6170 52nd St. SW, Glen Ullin, ND, 58631",,Diocese of Bismarck,Sunday Mass Schedule,https://www.bismarckdiocese.com/parishfinder
St. Katherine,"200 1st Ave N, Braddock, North Dakota, 58524",http://www.stanthonylinton.com,Diocese of Bismarck,Sunday Mass Schedule,https://www.bismarckdiocese.com/parishfinder
St. Lawrence,"421 Court St., Flasher, ND, 58535-7216",https://catholic3nd.com,Diocese of Bismarck,Sunday Mass Schedule,https://www.bismarckdiocese.com/parishfinder
St. Leo,"212 1st St SE, Minot, North Dakota, 58701",http://www.stleosminot.org,Diocese of Bismarck,Sunday Mass Schedule,https://www.bismarckdiocese.com/parishfinder
St. Luke,"321 Main Street, Noonan, ND, 58765",,Diocese of Bismarck,Sunday Mass Schedule,https://www.bismarckdiocese.com/parishfinder
St. Martin,"101 3rd Ave. SW, Hazen, ND, 58545",http://www.saints2b.org,Diocese of Bismarck,Sunday Mass Schedule,https://www.bismarckdiocese.com/parishfinder
St. Martin,"322 2nd St E, Center, North Dakota, 58530",,Diocese of Bismarck,Sunday Mass Schedule,https://www.bismarckdiocese.com/parishfinder
St. Martin,"5463 Huff St, Huff, North Dakota, 58554",,Diocese of Bismarck,Sunday Mass Schedule,https://www.bismarckdiocese.com/parishfinder
St. Mary,"30 5th St SW, Marmarth, ND, 58643",,Diocese of Bismarck,Sunday Mass Schedule,https://www.bismarckdiocese.com/parishfinder
St. Mary,"437 Main St, New England, North Dakota, 58647",http://stmarychurchnewengland.com,Diocese of Bismarck,Sunday Mass Schedule,https://www.bismarckdiocese.com/parishfinder
St. Mary,"17901 128th Ave NW, Foxholm, ND, 58718-9643",,Diocese of Bismarck,Sunday Mass Schedule,https://www.bismarckdiocese.com/parishfinder
St. Mary,"210 South 4th St, Hague, North Dakota, 58542",http://emmonscatholics.org,Diocese of Bismarck,Sunday Mass Schedule,https://www.bismarckdiocese.com/parishfinder
St. Mary,"207 4th St SW, South Heart, ND, 58655-0189",,Diocese of Bismarck,Sunday Mass Schedule,https://www.bismarckdiocese.com/parishfinder
St. Mary,"418 3rd Ave W, Richardton, North Dakota, 58652",https://stmaryrichardton.com/,Diocese of Bismarck,Sunday Mass Schedule,https://www.bismarckdiocese.com/parishfinder
St. Mary,"405 Gass Street, Golva, ND, 58632",https://www.stjohnbeach.com/,Diocese of Bismarck,Sunday Mass Schedule,https://www.bismarckdiocese.com/parishfinder
St. Mary,"305 4th St., Medora, ND, 58645",http://triparishnd.org,Diocese of Bismarck,Sunday Mass Schedule,https://www.bismarckdiocese.com/parishfinder
St. Mary Queen of Peace,"302 Margaret St, Almont, North Dakota, 58520",,Diocese of Bismarck,Sunday Mass Schedule,https://www.bismarckdiocese.com/parishfinder
St. Mel,"305 1st Ave W, Rhame, ND, 58651",,Diocese of Bismarck,Sunday Mass Schedule,https://www.bismarckdiocese.com/parishfinder
St. Michael,"2155 76th St. SE, Linton, North Dakota, 58552",http://emmonscatholics.org,Diocese of Bismarck,Sunday Mass Schedule,https://www.bismarckdiocese.com/parishfinder
St. Michael,"216 West St., Ray, North Dakota, 58849",,Diocese of Bismarck,Sunday Mass Schedule,https://www.bismarckdiocese.com/parishfinder
St. Michael (Ukrainian),"812 N. Main St., Minot, ND, 58703-2469",https://www.sspeterpaulandmichaelucc.com/,Diocese of Bismarck,Sunday Mass Schedule,https://www.bismarckdiocese.com/parishfinder
St. Nicholas,"235 2nd St NE, Garrison, ND, 58540",https://www.stnicholaschurchgarrison.com/,Diocese of Bismarck,Sunday Mass Schedule,https://www.bismarckdiocese.com/parishfinder
St. Patrick,"101 1st St NW, Crosby, ND, 58730",,Diocese of Bismarck,Sunday Mass Schedule,https://www.bismarckdiocese.com/parishfinder
St. Patrick,"229 3rd Ave W, Dickinson, ND, 58601-4937",https://stpatrickdickinson.com/,Diocese of Bismarck,Sunday Mass Schedule,https://www.bismarckdiocese.com/parishfinder
St. Paul,"31 3rd Ave. NE, Halliday, North Dakota, 58636",https://stjosephkilldeer.com/church-of-st-paul,Diocese of Bismarck,Sunday Mass Schedule,https://www.bismarckdiocese.com/parishfinder
St. Paul,"372 Harold St, Hazelton, North Dakota, 58544",http://www.stanthonylinton.com,Diocese of Bismarck,Sunday Mass Schedule,https://www.bismarckdiocese.com/parishfinder
"St. Peter, Catholic Indian Mission","201 Church St, Fort Yates, ND, 58538",https://catholicindianmission.com,Diocese of Bismarck,Sunday Mass Schedule,https://www.bismarckdiocese.com/parishfinder
St. Philomena,"310 3rd Ave N, Glenburn, ND, 58740",http://,Diocese of Bismarck,Sunday Mass Schedule,https://www.bismarckdiocese.com/parishfinder
St. Pius V,"202 N 3rd St, New Salem, North Dakota, 58563",,Diocese of Bismarck,Sunday Mass Schedule,https://www.bismarckdiocese.com/parishfinder
St. Stephen,"Highway 8 South of Richardton, Richardton, North Dakota, 58652",http://www.marychurch.org,Diocese of Bismarck,Sunday Mass Schedule,https://www.bismarckdiocese.com/parishfinder
St. Theresa,"204 2nd Ave NE, Carson, ND, 58529",https://catholic3nd.com,Diocese of Bismarck,Sunday Mass Schedule,https://www.bismarckdiocese.com/parishfinder
St. Therese the Little Flower,"919 8th St. NW, Minot, North Dakota, 58703",http://www.littleflowerminot.com,Diocese of Bismarck,Sunday Mass Schedule,https://www.bismarckdiocese.com/parishfinder
St. Thomas the Apostle,"213 N Gilbertson St, Tioga, North Dakota, 58852",http://www.stthomastioga.com/,Diocese of Bismarck,Sunday Mass Schedule,https://www.bismarckdiocese.com/parishfinder
St. Thomas the Apostle,"351 Cliff St, Gladstone, North Dakota, 58630",http://www.marychurch.org,Diocese of Bismarck,Sunday Mass Schedule,https://www.bismarckdiocese.com/parishfinder
St. Vincent de Paul,"3182 36th St., Crown Butte (Mandan), ND, 58554",,Diocese of Bismarck,Sunday Mass Schedule,https://www.bismarckdiocese.com/parishfinder
St. Vincent de Paul,"408 Iowa Ave, Mott, North Dakota, 58646",https://triparishchurch.com/,Diocese of Bismarck,Sunday Mass Schedule,https://www.bismarckdiocese.com/parishfinder
St. Wenceslaus,"525 3rd St E, Dickinson, ND, 58601-4504",http://stwenceslausnd.com,Diocese of Bismarck,Sunday Mass Schedule,https://www.bismarckdiocese.com/parishfinder
Sts. Peter & Paul,"101 Lafayette St, New Hradec, ND, 58601",,Diocese of Bismarck,Sunday Mass Schedule,https://www.bismarckdiocese.com/parishfinder
Sts. Peter & Paul (Ukrainian),"300 N. 7th St., Wilton, ND, 58579-0275",https://www.sspeterpaulandmichaelucc.com/,Diocese of Bismarck,Sunday Mass Schedule,https://www.bismarckdiocese.com/parishfinder
Sts. Peter and Paul,"505 N 2nd St, Strasburg, North Dakota, 58573",http://emmonscatholics.org,Diocese of Bismarck,Sunday Mass Schedule,https://www.bismarckdiocese.com/parishfinder
Nativity Church of Fargo,"Fargo, ND",https://nativityfargo.org/,Diocese of Fargo,Sunday Mass Schedule,https://www.fargodiocese.org/parishfinder
St. Brigid & St. Patrick,"Cavalier, ND",https://lypgya.sites.ecatholic.com/,Diocese of Fargo,Sunday Mass Schedule,https://www.fargodiocese.org/parishfinder
St. Cecilia & Sts. Peter and Paul,"Velva, ND",https://5663pa.sites.ecatholic.com/,Diocese of Fargo,Sunday Mass Schedule,https://www.fargodiocese.org/parishfinder
St. George & Missions,"Cooperstown, ND",https://yq6pva.sites.ecatholic.com/,Diocese of Fargo,Sunday Mass Schedule,https://www.fargodiocese.org/parishfinder
St. Leo's Catholic Church,"Casselton, ND",https://y1ox7a.sites.ecatholic.com/,Diocese of Fargo,Sunday Mass Schedule,https://www.fargodiocese.org/parishfinder
Holy Trinity Church,"419 1st Ave, Fingal, ND, 58031",http://www.enderlinfingalsheldon.org,Diocese of Fargo,Deanery 1: South-East,https://www.fargodiocese.org/parishfinder
Our Lady of the Scapular Church,"6 Crosswell St, Sheldon, ND, 58068",http://www.enderlinfingalsheldon.org,Diocese of Fargo,Deanery 1: South-East,https://www.fargodiocese.org/parishfinder
St. Aloysius Church,"701 Oak St, Lisbon, ND, 58054-4256",,Diocese of Fargo,Deanery 1: South-East,https://www.fargodiocese.org/parishfinder
St. Anthony’s Church,"204 Mooreton Ave N, Mooreton, Nd, 58061-9701",https://www.mooretonmantadorcatholic.org,Diocese of Fargo,Deanery 1: South-East,https://www.fargodiocese.org/parishfinder
St. Anthony’s Church,"204 2nd St N, Fairmount, ND, 58030-0292",https://www.stphilipshankinson.org,Diocese of Fargo,Deanery 1: South-East,https://www.fargodiocese.org/parishfinder
St. Arnold’s Church,"107 3rd St, Milnor, ND, 58060",,Diocese of Fargo,Deanery 1: South-East,https://www.fargodiocese.org/parishfinder
St. Boniface Church,"230 1st St NW, Lidgerwood, ND, 58053",http://www.stboniface.net,Diocese of Fargo,Deanery 1: South-East,https://www.fargodiocese.org/parishfinder
St. Charles Borromeo,"410 7th St N, Oakes, ND, 58474-1002",https://stcharlesoakes.org/,Diocese of Fargo,Deanery 1: South-East,https://www.fargodiocese.org/parishfinder
St. John the Baptist Church,"630 6th St, Wyndmere, ND, 58081-4135",,Diocese of Fargo,Deanery 1: South-East,https://www.fargodiocese.org/parishfinder
St. John's Church,"115 N 2nd St, Wahpeton, ND, 58075-4505",https://stjohns-wahpeton.org/,Diocese of Fargo,Deanery 1: South-East,https://www.fargodiocese.org/parishfinder
St. Martin’s Church,"413 Main St, Geneseo, ND, 58053",https://www.stboniface.net,Diocese of Fargo,Deanery 1: South-East,https://www.fargodiocese.org/parishfinder
St. Mary’s Church,"484 4th St SW, Forman, ND, 58032-4209",https://www.stcharlesoakes.org,Diocese of Fargo,Deanery 1: South-East,https://www.fargodiocese.org/parishfinder
"St. Patrick's, Holy Trinity, Our Lady of the Scapular","Enderlin, ND",https://enderlinfingalsheldon.org/,Diocese of Fargo,Deanery 1: South-East,https://www.fargodiocese.org/parishfinder
St. Patrick’s Church,"302 Bluff St, Enderlin, ND, 58027-1330",https://www.enderlinfingalsheldon.org,Diocese of Fargo,Deanery 1: South-East,https://www.fargodiocese.org/parishfinder
St. Philip's Church,"615 Main Ave So, Hankinson, North Dakota, 58041",https://www.stphilipshankinson.org,Diocese of Fargo,Deanery 1: South-East,https://www.fargodiocese.org/parishfinder
St. Vincent’s Church,"302 Hwy 13 E, Gwinner, ND, 58054-4256",,Diocese of Fargo,Deanery 1: South-East,https://www.fargodiocese.org/parishfinder
Sts. Peter and Paul’s Church,"609 Cty Rd 25, Mantador, ND, 58058-0025",http://mooretonmantadorcatholic.org,Diocese of Fargo,Deanery 1: South-East,https://www.fargodiocese.org/parishfinder
Sts. Peter and Paul’s Church,"229 Franklin Ave W, Cayuga, ND, 58053",https://www.stboniface.net,Diocese of Fargo,Deanery 1: South-East,https://www.fargodiocese.org/parishfinder
Blessed Sacrament Church,"210 5th Ave W, West Fargo, ND, 58078-1747",http://www.bscwf.org,Diocese of Fargo,Deanery 2: Fargo,https://www.fargodiocese.org/parishfinder
Holy Cross Catholic Church,"2711 7th St E, West Fargo, ND, 58078",https://holycrosswestfargo.com/,Diocese of Fargo,Deanery 2: Fargo,https://www.fargodiocese.org/parishfinder
Holy Spirit Catholic Church,"1420 7th St N, Fargo, ND, 58102-2606",https://holyspiritfargo.com/,Diocese of Fargo,Deanery 2: Fargo,https://www.fargodiocese.org/parishfinder
Nativity Church,"1825 11th St S, Fargo, ND, 58103-4915",http://www.nativitycatholicchurch.net,Diocese of Fargo,Deanery 2: Fargo,https://www.fargodiocese.org/parishfinder
Saint Maurice Catholic Church,"5313 165th Ave SE, Kindred, ND, 58051-0272",https://stmaurices.org/,Diocese of Fargo,Deanery 2: Fargo,https://www.fargodiocese.org/parishfinder
St. Anthony of Padua Catholic Church,"710 10th St S, Fargo, ND, 58103-2606",https://stanthonyfargo.org/,Diocese of Fargo,Deanery 2: Fargo,https://www.fargodiocese.org/parishfinder
St. Benedict Church,"8547 Front Street, Horace, ND, 58047",https://stbensnd.org/,Diocese of Fargo,Deanery 2: Fargo,https://www.fargodiocese.org/parishfinder
St. Leo’s Church,"211 Langer Ave N, Casselton, ND, 58012-0340",https://www.stleosnd.org,Diocese of Fargo,Deanery 2: Fargo,https://www.fargodiocese.org/parishfinder
St. Mary's Cathedral,"604 N. Broadway, Fargo, ND, 58102-4405",https://cathedralofstmary.com/,Diocese of Fargo,Deanery 2: Fargo,https://www.fargodiocese.org/parishfinder
St. Paul's Newman Center,"1141 N University Dr, Fargo, ND, 58102",https://bisoncatholic.org/,Diocese of Fargo,Deanery 2: Fargo,https://www.fargodiocese.org/parishfinder
St. Thomas Church,"401 3rd St N, Buffalo, ND, Buffalo, ND, 58012-0340",,Diocese of Fargo,Deanery 2: Fargo,https://www.fargodiocese.org/parishfinder
Sts. Anne and Joachim Church,"5202 25th St S, Fargo, ND, 58104-7119",http://www.stsaaj.org/,Diocese of Fargo,Deanery 2: Fargo,https://www.fargodiocese.org/parishfinder
Holy Family Church,"1018 18th Ave S, Grand Forks, ND, 58201-6828",http://www.holyfamilygf.org,Diocese of Fargo,Deanery 3: Grand Forks,https://www.fargodiocese.org/parishfinder
Our Lady of Peace Church,"846 5th St SE, Mayville, ND, 58257-1827",https://www.olpstagnes.org,Diocese of Fargo,Deanery 3: Grand Forks,https://www.fargodiocese.org/parishfinder
Our Lady of Perpetual Help,"424 5th St, Reynolds, ND, 58275-0068",https://olphsj.org/,Diocese of Fargo,Deanery 3: Grand Forks,https://www.fargodiocese.org/parishfinder
St. Jude’s Church,"329 Broadway St, Thompson, ND, 58278-0305",http://www.olphsj.org,Diocese of Fargo,Deanery 3: Grand Forks,https://www.fargodiocese.org/parishfinder
St. Mary’s Church,"216 Belmont Rd, Grand Forks, ND, 58201-4620",http://www.stmarysgfnd.com,Diocese of Fargo,Deanery 3: Grand Forks,https://www.fargodiocese.org/parishfinder
St. Michael’s Church,"524 5th Ave N, Grand Forks, ND, 58203",http://www.stmichaelschurchgf.com,Diocese of Fargo,Deanery 3: Grand Forks,https://www.fargodiocese.org/parishfinder
St. Olaf - Finley,"100 Taft St, Finley, ND, 58230",https://www.olp-stagnes.org,Diocese of Fargo,Deanery 3: Grand Forks,https://www.fargodiocese.org/parishfinder
St. Rose of Lima Catholic Church,"503 3rd St SE, Hillsboro, ND, 58045-0459",https://strosehillsboro.church/,Diocese of Fargo,Deanery 3: Grand Forks,https://www.fargodiocese.org/parishfinder
St. Stephen’s Church,"311 W Front St, Larimore, Nd, 58251-0778",https://larimoreststephens.weebly.com/,Diocese of Fargo,Deanery 3: Grand Forks,https://www.fargodiocese.org/parishfinder
St. Thomas Newman Center,"410 Cambridge St, Grand Forks, 58203-2837, ND",http://www.undcatholic.org,Diocese of Fargo,Deanery 3: Grand Forks,https://www.fargodiocese.org/parishfinder
St. Timothy’s Church,"1207 Oldham Ave, Manvel, ND, 58256-4335",https://www.stmanvel.org/,Diocese of Fargo,Deanery 3: Grand Forks,https://www.fargodiocese.org/parishfinder
St. William's Church,"107 Drake Ave, Argusville, ND, 58005",https://stwilliamschurch.org/,Diocese of Fargo,Deanery 3: Grand Forks,https://www.fargodiocese.org/parishfinder
Assumption Church,"143 Hayden St, Pembina, ND, 58271",https://stedsassumption.com,Diocese of Fargo,Deanery 4: North-East,https://www.fargodiocese.org/parishfinder
Sacred Heart Church,"7010 Cty Rd 4, Oakwood, ND, 58237",https://www.stjohnsgrafton.com,Diocese of Fargo,Deanery 4: North-East,https://www.fargodiocese.org/parishfinder
Sacred Heart Church,"621 3rd St, Minto, ND, 58261-0316",http://www.sh-ss.org,Diocese of Fargo,Deanery 4: North-East,https://www.fargodiocese.org/parishfinder
Saint Johns Catholic Church,"344 15th St W, Grafton, ND, 58237-2023",https://stjohnsgrafton.com/,Diocese of Fargo,Deanery 4: North-East,https://www.fargodiocese.org/parishfinder
St Alphonsus Church,"LANGDON, ND",https://stalphonsuslangdon.com/,Diocese of Fargo,,https://www.fargodiocese.org/parishfinder
St. Alphonsus Church,"1010 3rd St, Langdon, ND, 58249-2415",https://www.stalphonsuslangdon.com,Diocese of Fargo,,https://www.fargodiocese.org/parishfinder
St. Brigid’s Church,"107 West 1st Ave S, Cavalier, 58220-0280, ND",https://25417.sites.ecatholic.com/,Diocese of Fargo,,https://www.fargodiocese.org/parishfinder
St. Edward Catholic Church,"211 N Main, Drayton, ND, 58225-0215",https://stedsassumption.com/,Diocese of Fargo,,https://www.fargodiocese.org/parishfinder
St. Edward’s Church,"323 Main, Nekoma, ND, 58249-2415",https://stalphonsuslangdon.com/,Diocese of Fargo,,https://www.fargodiocese.org/parishfinder
St. John Nepomucene Church,"167 Newton Ave, Pisek, ND, 58273-0027",https://www.plbnd.org,Diocese of Fargo,,https://www.fargodiocese.org/parishfinder
St. Joseph’s Church,"506 4th Ave, Lankin, ND, 58250",https://www.plbnd.org,Diocese of Fargo,,https://www.fargodiocese.org/parishfinder
St. Luke’s Church,"14207 63rd St NE, Veseleyville, ND, 58237-9170",https://www.saintsml.org,Diocese of Fargo,,https://www.fargodiocese.org/parishfinder
St. Mary's,"Park River, ND",https://saintsml.org/,Diocese of Fargo,,https://www.fargodiocese.org/parishfinder
St. Mary’s Church,"505 Park St E, Park River, ND, 58270-0110",https://www.saintsml.org,Diocese of Fargo,,https://www.fargodiocese.org/parishfinder
St. Patrick’s Church,"4th & Garfield,, Crystal, ND, 58220-0280",,Diocese of Fargo,,https://www.fargodiocese.org/parishfinder
St. Stanislaus Church,"6098 Cty Rd 4, Warsaw, ND, 58261-0316",http://www.sh-ss.org,Diocese of Fargo,,https://www.fargodiocese.org/parishfinder
Sts. Nereus and Achilleus Church,"6th St, Neche, ND, 58282-0228",,Diocese of Fargo,,https://www.fargodiocese.org/parishfinder
Sts. Peter and Paul’s Church,"11951 County Rd 19, Bechyne, ND, 58250",https://www.plbnd.org,Diocese of Fargo,,https://www.fargodiocese.org/parishfinder
Assumption Church,"502 Main, Starkweather, ND, 58352-0159",,Diocese of Fargo,Deanery 5: Devils Lake,https://www.fargodiocese.org/parishfinder
Christ the King Church,"134 2nd St, Tokio, ND, 58335-0299",,Diocese of Fargo,Deanery 5: Devils Lake,https://www.fargodiocese.org/parishfinder
Sacred Heart Church,"304 3rd Ave, Cando, ND, 58324-0399",,Diocese of Fargo,Deanery 5: Devils Lake,https://www.fargodiocese.org/parishfinder
Seven Dolors Mission,"213 Dakotah Rd, Fort Totten, ND, 58335-0299",,Diocese of Fargo,Deanery 5: Devils Lake,https://www.fargodiocese.org/parishfinder
St. Jerome’s Church,"3971 69th Ave NE, Crow Hill, ND, 58335-0299",,Diocese of Fargo,Deanery 5: Devils Lake,https://www.fargodiocese.org/parishfinder
St. John’s Church,"116 1st Ave N, New Rockford, Nd, 58356",,Diocese of Fargo,Deanery 5: Devils Lake,https://www.fargodiocese.org/parishfinder
St. Joseph Church,"501 4th St NE, Devils Lake, ND, 58301-0898",https://stjosephdlnd.com/,Diocese of Fargo,Deanery 5: Devils Lake,https://www.fargodiocese.org/parishfinder
St. Joseph’s Church,"220 Main St, Tolna, ND, 58344-0509",,Diocese of Fargo,Deanery 5: Devils Lake,https://www.fargodiocese.org/parishfinder
St. Lawrence O’Toole’s Catholic Church,"214 Broadway N, Michigan, ND, 58259",,Diocese of Fargo,Deanery 5: Devils Lake,https://www.fargodiocese.org/parishfinder
St. Mary’s Catholic Church,"109 East Ave E, Lakota, ND, 58344-0509",,Diocese of Fargo,Deanery 5: Devils Lake,https://www.fargodiocese.org/parishfinder
St. Mary’s Catholic Church,"607 Main, Munich, ND, 58352",,Diocese of Fargo,Deanery 5: Devils Lake,https://www.fargodiocese.org/parishfinder
St. Michael’s Mission,"136 1st St, St. Michael, ND, 58370",,Diocese of Fargo,Deanery 5: Devils Lake,https://www.fargodiocese.org/parishfinder
St. Vincent de Paul’s Catholic Church,"Central Ave, Leeds, ND, 58346",,Diocese of Fargo,Deanery 5: Devils Lake,https://www.fargodiocese.org/parishfinder
Sts. Peter and Paul’s Catholic Church,"391 Conn St, McHenry, ND, 58464",,Diocese of Fargo,Deanery 5: Devils Lake,https://www.fargodiocese.org/parishfinder
Holy Family Church,"409 Ave B East, McClusky, ND, 58463",https://www.stfxnd.org,Diocese of Fargo,Deanery 6: North-West,https://www.fargodiocese.org/parishfinder
Holy Rosary Church,"304 3rd Ave W, Bisbee, ND, 58317-0155",,Diocese of Fargo,Deanery 6: North-West,https://www.fargodiocese.org/parishfinder
Immaculate Heart of Mary Church,"54 Eller Avenue, Rock Lake, ND, 58367-0788",,Diocese of Fargo,Deanery 6: North-West,https://www.fargodiocese.org/parishfinder
Notre Dame Church,"215 1st St, Willow City, ND, 58384-0115",,Diocese of Fargo,Deanery 6: North-West,https://www.fargodiocese.org/parishfinder
Our Lady of Mt. Carmel Church,"301 Main St N, Balta, ND, 58368-1814",http://www.littleflowerrugby.org/,Diocese of Fargo,Deanery 6: North-West,https://www.fargodiocese.org/parishfinder
Sacred Heart Church,"505 Main, Rolette, ND, 58366-0127",,Diocese of Fargo,Deanery 6: North-West,https://www.fargodiocese.org/parishfinder
St. Andrew’s Church,"260 1st Ave E, Westhope, ND, 58793-0365",http://www.stmark-standrew.org,Diocese of Fargo,Deanery 6: North-West,https://www.fargodiocese.org/parishfinder
St. Ann's Catholic Church,"Belcourt, ND",https://stannsmission.org/,Diocese of Fargo,Deanery 6: North-West,https://www.fargodiocese.org/parishfinder
St. Ann’s Church,"Highway 5, St. Ann's Rd, Belcourt, ND, 58316-2000",https://www.stannsmission.org,Diocese of Fargo,Deanery 6: North-West,https://www.fargodiocese.org/parishfinder
St. Anthony’s Church,"29 Girard St, Selz, ND, 58341-7316",https://www.stceciliaharvey.org,Diocese of Fargo,Deanery 6: North-West,https://www.fargodiocese.org/parishfinder
St. Anthony’s Church,"10 Miles West on Hwy #5, Alcide, ND, 58316-2000",https://www.stannsmission.org,Diocese of Fargo,Deanery 6: North-West,https://www.fargodiocese.org/parishfinder
St. Augustine’s Church,"105 7th Ave S, Fessenden, ND, 58438-7404",http://www.feesmacatholic.com,Diocese of Fargo,Deanery 6: North-West,https://www.fargodiocese.org/parishfinder
St. Benedict’s Church,"3821 BIA Rd 6, Belcourt, ND, 58369-0170",,Diocese of Fargo,Deanery 6: North-West,https://www.fargodiocese.org/parishfinder
St. Cecilia’s Church,"503 1st St SW, Towner, ND, 58788-0267",,Diocese of Fargo,Deanery 6: North-West,https://www.fargodiocese.org/parishfinder
St. Cecilia’s Church,"201 2nd Ave W, Velva, ND, 58790-0496",http://www.stceciliavelvand.org,Diocese of Fargo,Deanery 6: North-West,https://www.fargodiocese.org/parishfinder
St. Cecilia’s Church,"413 Brewster St E, Harvey, ND, 58341-1606",http://www.stceciliaharvey.org,Diocese of Fargo,Deanery 6: North-West,https://www.fargodiocese.org/parishfinder
St. Francis Xavier’s Church,"605 1st St W, Anamoose, ND, 58710-0049",https://www.stfxnd.org,Diocese of Fargo,Deanery 6: North-West,https://www.fargodiocese.org/parishfinder
St. Joachim’s Church,"210 2nd St NE, Rolla, ND, 58367-0788",,Diocese of Fargo,Deanery 6: North-West,https://www.fargodiocese.org/parishfinder
St. John’s Church,"107 St Ann St SE, St. John, ND, 58369-0170",,Diocese of Fargo,Deanery 6: North-West,https://www.fargodiocese.org/parishfinder
St. Margaret Mary’s Church,"605 Main St, Drake, ND, 58736-0197",https://www.stfxnd.org,Diocese of Fargo,Deanery 6: North-West,https://www.fargodiocese.org/parishfinder
St. Mark's Catholic Church,"322 Sinclair St, Bottineau, ND, 58318-1024",https://stmark-standrew.org/,Diocese of Fargo,Deanery 6: North-West,https://www.fargodiocese.org/parishfinder
St. Mary’s Church,"129 Morgan, Knox, ND, 58368-1814",http://www.littleflowerrugby.org,Diocese of Fargo,Deanery 6: North-West,https://www.fargodiocese.org/parishfinder
St. Michael’s Church,"112 1st St NW, Dunseith, ND, 58329-0160",https://www.stannsmission.org,Diocese of Fargo,Deanery 6: North-West,https://www.fargodiocese.org/parishfinder
St. Therese Church,"218 3rd St SE, Rugby, ND, 58368-1814",http://www.littleflowerrugby.org,Diocese of Fargo,Deanery 6: North-West,https://www.fargodiocese.org/parishfinder
St. William’s Church,"204 Roosevelt Ave, Maddock, ND, 58438-7404",http://www.feesmacatholic.com,Diocese of Fargo,Deanery 6: North-West,https://www.fargodiocese.org/parishfinder
Sts. Peter and Paul’s Church,"401 North Main St, Karlsruhe, ND, 58744",http://www.stceciliavelvand.org,Diocese of Fargo,Deanery 6: North-West,https://www.fargodiocese.org/parishfinder
Sacred Heart Catholic Church,"663 1st Street So., Carrington, ND, 58421",https://www.sacredheartcarrington.org,Diocese of Fargo,Deanery 7: Jamestown-Valley City,https://www.fargodiocese.org/parishfinder
Sacred Heart Catholic Church,"Carrington, ND",https://sacredheartcarrington.org/,Diocese of Fargo,Deanery 7: Jamestown-Valley City,https://www.fargodiocese.org/parishfinder
Sacred Heart Church,"711 4th St, Sanborn, ND, 58480",,Diocese of Fargo,Deanery 7: Jamestown-Valley City,https://www.fargodiocese.org/parishfinder
Sacred Heart Church,"307 1st St N, Aneta, ND, 58425-0217",https://www.stgeorgecooper.com,Diocese of Fargo,Deanery 7: Jamestown-Valley City,https://www.fargodiocese.org/parishfinder
St. Agatha’s Church,"604 Steele Ave, Hope, ND, 58063-4103",https://www.stgeorgecooper.com,Diocese of Fargo,Deanery 7: Jamestown-Valley City,https://www.fargodiocese.org/parishfinder
St. Boniface Church,"401 3rd Ave., Wimbledon, ND, 58492-5500",,Diocese of Fargo,Deanery 7: Jamestown-Valley City,https://www.fargodiocese.org/parishfinder
St. Catherine of Alexandria,"540 3rd Ave NE, Valley City, ND, 58072-2628",https://catherineofalexandria.org/,Diocese of Fargo,Deanery 7: Jamestown-Valley City,https://www.fargodiocese.org/parishfinder
St. Elizabeth’s Church,"130 Anson Ave NE, Sykeston, ND, 58486-0312",https://www.sacredheartcarrington.org,Diocese of Fargo,Deanery 7: Jamestown-Valley City,https://www.fargodiocese.org/parishfinder
St. George’s Church,"804 Foster Ave NW, Cooperstown, ND, 58425-0217",https://www.stgeorgecooper.com/,Diocese of Fargo,Deanery 7: Jamestown-Valley City,https://www.fargodiocese.org/parishfinder
St. James Basilica,"622 1st Ave S, Jamestown, ND, 58401-4648",http://www.stjamesbasilica.org,Diocese of Fargo,Deanery 7: Jamestown-Valley City,https://www.fargodiocese.org/parishfinder
St. John’s Church,"407 Pleasant St, Kensal, ND, 58455",https://sacredheartcarrington.org/,Diocese of Fargo,Deanery 7: Jamestown-Valley City,https://www.fargodiocese.org/parishfinder
St. Lawrence Church,"105 Dewey St, Jessie, ND, 58425-0217",https://www.stgeorgecooper.com,Diocese of Fargo,Deanery 7: Jamestown-Valley City,https://www.fargodiocese.org/parishfinder
St. Margaret Mary’s Church,"410 Main St, Buchanan, ND, 58401-4648",http://www.stjamesbasilica.org/,Diocese of Fargo,Deanery 7: Jamestown-Valley City,https://www.fargodiocese.org/parishfinder
St. Mary’s Church,"1624 115th Ave SE, Dazey, ND, 58429-0009",,Diocese of Fargo,Deanery 7: Jamestown-Valley City,https://www.fargodiocese.org/parishfinder
St. Mathias Church,"207 Washington Ave, Windsor, ND, 58401-4648",,Diocese of Fargo,Deanery 7: Jamestown-Valley City,https://www.fargodiocese.org/parishfinder
St. Olaf’s Church,"100 Taft St, Finley, ND, 58425-0217",https://olpstagnes.org/,Diocese of Fargo,Deanery 7: Jamestown-Valley City,https://www.fargodiocese.org/parishfinder
Assumption Church,"106 Main St, Dickey, ND, 58458-0217",http://www.holyrosarylamoure.org,Diocese of Fargo,Deanery 8: South-West,https://www.fargodiocese.org/parishfinder
Holy Rosary Catholic Church,LaMoure,https://holyrosarylamoure.org/,Diocese of Fargo,Deanery 8: South-West,https://www.fargodiocese.org/parishfinder
Holy Rosary Church,"209 1st SE, LaMoure, ND, 58458-0217",http://www.holyrosarylamoure.org,Diocese of Fargo,Deanery 8: South-West,https://www.fargodiocese.org/parishfinder
Holy Spirit Church,"201 5th Ave, Nortonville, ND, 58433-0347",,Diocese of Fargo,Deanery 8: South-West,https://www.fargodiocese.org/parishfinder
St. Andrew’s Church,"301 1st Ave SE, Zeeland, ND, 58495-0293",,Diocese of Fargo,Deanery 8: South-West,https://www.fargodiocese.org/parishfinder
St. David’s Church,"601 2nd Ave NE, Ashley, ND, 58495-0293",,Diocese of Fargo,Deanery 8: South-West,https://www.fargodiocese.org/parishfinder
St. Francis Church,"318 2nd St SW, Steele, ND, 58482-0087",https://www.steeletappenmedina.org/,Diocese of Fargo,Deanery 8: South-West,https://www.fargodiocese.org/parishfinder
St. Helena's Catholic Church,"Ellendale, ND",https://sthelenascatholicparish.org/,Diocese of Fargo,Deanery 8: South-West,https://www.fargodiocese.org/parishfinder
St. Helena’s Church,"421 N 2nd St, Ellendale, ND, 58436-0796",http://www.sthelenascatholicparish.org,Diocese of Fargo,Deanery 8: South-West,https://www.fargodiocese.org/parishfinder
St. Mary’s Church,"105 3rd Ave SE, Medina, ND, 58482-0087",https://www.steeletappenmedina.org/,Diocese of Fargo,Deanery 8: South-West,https://www.fargodiocese.org/parishfinder
St. Patrick’s Church,"207 Monroe St N, Fullerton, ND, 58436-0796",http://www.sthelenascatholicparish.org,Diocese of Fargo,Deanery 8: South-West,https://www.fargodiocese.org/parishfinder
St. Patrick’s Church,"322 Centennial St S, Wishek, ND, 58495-0293",,Diocese of Fargo,Deanery 8: South-West,https://www.fargodiocese.org/parishfinder
St. Paul’s Church,"218 1st St NE, Tappen, ND, 58482-0087",https://www.steeletappenmedina.org/,Diocese of Fargo,Deanery 8: South-West,https://www.fargodiocese.org/parishfinder
St. Philip Neri,"612 Main Ave S, Napoleon, ND, 58041-0419",https://stphilipnerinapoleonnd.org/,Diocese of Fargo,Deanery 8: South-West,https://www.fargodiocese.org/parishfinder
Transfiguration Church,"205 Main St, Edgeley, ND, 58433-0347",,Diocese of Fargo,Deanery 8: South-West,https://www.fargodiocese.org/parishfinder
Carmel of Mary Monastery,"17765 78th St. SE, Wahpeton, ND, 58075-9310",https://carmelofmary.org/,Diocese of Fargo,Other Institutions,https://www.fargodiocese.org/parishfinder
Holy Resurrection Monastery,"300 South 2nd Ave, Saint Nazianz, WI, WI, 54232",http://www.hrmonline.org/,Eparchy of St. George in Canton for the Romanians,Monastic Communities,https://www.romaniancatholic.org/parishfinder
Holy Theophany Monastery,"10220 66th Avenue, NE, Olympia, WA, WA, 98513-9027",http://www.holytheophanymonastery.org,Eparchy of St. George in Canton for the Romanians,Monastic Communities,https://www.romaniancatholic.org/parishfinder
Annunciation Byzantine Romanian Catholic Mission,"78 Clifton Rd, Toronto, ON-Canada, M4T 2G2",http://www.bunavestire.org,Eparchy of St. George in Canton for the Romanians,Parishes (Maps),https://www.romaniancatholic.org/parishfinder
Blessed Martyr Bishops Mission,"109 Holt Hills Rd, Nashville, TN, 37211",,Eparchy of St. George in Canton for the Romanians,Parishes (Maps),https://www.romaniancatholic.org/parishfinder
Most Holy Trinity Church,"8549 Mayfield Road, Chesterland, OH, 44026-2625",http://www.geaugatrinity.org,Eparchy of St. George in Canton for the Romanians,Parishes (Maps),https://www.romaniancatholic.org/parishfinder
Presentation of Mary Romanian Catholic Church,"5329 Sepulvada Blvd., Sherman Oaks, CA, 91411",,Eparchy of St. George in Canton for the Romanians,Parishes (Maps),https://www.romaniancatholic.org/parishfinder
Saint Helena Romanian Catholic Church,"1367 West 65th Street, Cleveland, OH, 44102-2109",,Eparchy of St. George in Canton for the Romanians,Parishes (Maps),https://www.romaniancatholic.org/parishfinder
Ss. Peter and Paul Church,"3107 W Fullerton Ave, Chicago, IL, 60506-1396",,Eparchy of St. George in Canton for the Romanians,Parishes (Maps),https://www.romaniancatholic.org/parishfinder
St. Basil Church,"238 Adeline Street, Trenton, NJ, 08611-2420",,Eparchy of St. George in Canton for the Romanians,Parishes (Maps),https://www.romaniancatholic.org/parishfinder
St. George Cathedral,"1123 44th St NE, Canton, OH, 44714",https://www.stgeorgeoh.org,Eparchy of St. George in Canton for the Romanians,Parishes (Maps),https://www.romaniancatholic.org/parishfinder
St. George Church,"720 Rural Street, Aurora, IL, 60505-2551",,Eparchy of St. George in Canton for the Romanians,Parishes (Maps),https://www.romaniancatholic.org/parishfinder
St. John the Baptist Church,"2371 Woodstock Drive, Detroit, MI, 48203-1060",,Eparchy of St. George in Canton for the Romanians,Parishes (Maps),https://www.romaniancatholic.org/parishfinder
St. John the Baptist Mission,"16791 East Main St., Tustin, CA, 92780",http://www.sfioan.org/,Eparchy of St. George in Canton for the Romanians,Parishes (Maps),https://www.romaniancatholic.org/parishfinder
St. Joseph Mission,"3 Norwood Avenue, Rockport, MA, 01966",,Eparchy of St. George in Canton for the Romanians,Parishes (Maps),https://www.romaniancatholic.org/parishfinder
St. Mary Church,"823 South Military Avenue, Dearborn, MI, 48124-2109",,Eparchy of St. George in Canton for the Romanians,Parishes (Maps),https://www.romaniancatholic.org/parishfinder
St. Mary Church,"181 Norman Avenue, Roebling, NJ, 08554-1125",,Eparchy of St. George in Canton for the Romanians,Parishes (Maps),https://www.romaniancatholic.org/parishfinder
St. Mary Church,"318 26th Street, McKeesport, PA, 15132-7014",http://www.StMaryChurch.us,Eparchy of St. George in Canton for the Romanians,Parishes (Maps),https://www.romaniancatholic.org/parishfinder
St. Mary Mission,"31-12 30th Street, Astonia, NY, 11415-1309",,Eparchy of St. George in Canton for the Romanians,Parishes (Maps),https://www.romaniancatholic.org/parishfinder
St. Michael Church,"609 N Lincoln Ave, Aurora, IL, 60505-2112",,Eparchy of St. George in Canton for the Romanians,Parishes (Maps),https://www.romaniancatholic.org/parishfinder
St. Nicholas Church,"4309 Olcott Avenue, East Chicago,, IN, 46312-2649",,Eparchy of St. George in Canton for the Romanians,Parishes (Maps),https://www.romaniancatholic.org/parishfinder
St. Theodore Church,"820 Linden Avenue, Alliance, OH, 44601",,Eparchy of St. George in Canton for the Romanians,Parishes (Maps),https://www.romaniancatholic.org/parishfinder
The Nativity of the Mother of God Mission,"2310 Rue Denonville, Ville Emard, Montreal, QC - Canada, H4E1M8",http://www.sfantamariamica.org,Eparchy of St. George in Canton for the Romanians,Parishes (Maps),https://www.romaniancatholic.org/parishfinder
Assumption of the Blessed Virgin Mary,"306 West Main Street, Barnesville, OH, 43713",,Diocese of Steubenville,Parishes/Missions,https://www.diosteub.org/parishfinder
Basilica of St. Mary of the Assumption,"506 Fourth Street, Marietta, OH, 45750",http://www.stmarysmarietta.org/,Diocese of Steubenville,Parishes/Missions,https://www.diosteub.org/parishfinder
Blessed Sacrament,"852 Main Street, Wintersville, OH, 43953",http://www.wintersvilleparishes.org/,Diocese of Steubenville,Parishes/Missions,https://www.diosteub.org/parishfinder
Christ Our Light (St. Benedict Church),"714 Gomber Avenue, Cambridge, OH, 43725",https://www.colcatholic.org,Diocese of Steubenville,Parishes/Missions,https://www.diosteub.org/parishfinder
Christ Our Light (Sts. Peter and Paul Oratory),"136 East High Avenue, Lore City, OH, 43755",https://www.colcatholic.org,Diocese of Steubenville,Parishes/Missions,https://www.diosteub.org/parishfinder
Christ the King University Parish,"75 Stewart Street, Athens, OH, 45701",https://athenscatholic.org/,Diocese of Steubenville,Parishes/Missions,https://www.diosteub.org/parishfinder
Corpus Christi,"221 Main Street, Belle Valley, OH, 43717",https://nccchurches.org,Diocese of Steubenville,Parishes/Missions,https://www.diosteub.org/parishfinder
Holy Cross,"31 Republic Avenue, Glouster, OH, 45732-1214",https://athenscatholic.org,Diocese of Steubenville,Parishes/Missions,https://www.diosteub.org/parishfinder
Holy Family,"2608 Hollywood Boulevard, Steubenville, OH, 43952",https://www.holyfamilysteubenville.com,Diocese of Steubenville,Parishes/Missions,https://www.diosteub.org/parishfinder
Our Lady of Lourdes,"1521 Bantam Ridge Road, Wintersville, OH, 43953",http://www.wintersvilleparishes.org/,Diocese of Steubenville,Parishes/Missions,https://www.diosteub.org/parishfinder
Our Lady of Mercy,"748 Roswell Road SW, Carrollton, OH, 44615",http://www.olmcarrollton.org/,Diocese of Steubenville,Parishes/Missions,https://www.diosteub.org/parishfinder
Our Lady of Mercy,"5001 Lowell Hill Road, Lowell, OH, 45744",,Diocese of Steubenville,Parishes/Missions,https://www.diosteub.org/parishfinder
Sacred Heart,"161 Mulberry Street, Pomeroy, OH, 45769",https://www.stlouiscatholicchurchgallia.org,Diocese of Steubenville,Parishes/Missions,https://www.diosteub.org/parishfinder
Sacred Heart,"209 Cross Street, Hopedale, OH, 43976",http://www.harrisoncountycatholicchurches.org/,Diocese of Steubenville,Parishes/Missions,https://www.diosteub.org/parishfinder
St. Adalbert,"39 Smithfield Street, Dillonvale, OH, 43917-0577",,Diocese of Steubenville,Parishes/Missions,https://www.diosteub.org/parishfinder
St. Agnes,"204 St. Clair Avenue, Mingo Junction, OH, 43938",http://www.stagnesmingo.org/,Diocese of Steubenville,Parishes/Missions,https://www.diosteub.org/parishfinder
St. Ambrose,"5080 School House Road, Little Hocking, OH, 45742-5250",http://www.stambroseohio.org/,Diocese of Steubenville,Parishes/Missions,https://www.diosteub.org/parishfinder
St. Ann,"310 Third Avenue, Chesapeake, OH, 45619",https://www.lawcocatholic.org,Diocese of Steubenville,Parishes/Missions,https://www.diosteub.org/parishfinder
St. Anthony of Padua,"630 Main Street, Bridgeport, OH, 43912",,Diocese of Steubenville,Parishes/Missions,https://www.diosteub.org/parishfinder
St. Bernard,"307 Seventh Street, Beverly, OH, 45715",http://www.stbernardbeverly.org,Diocese of Steubenville,Parishes/Missions,https://www.diosteub.org/parishfinder
St. Casimir,"221 Hanna Avenue, Adena, OH, 43901-7953",,Diocese of Steubenville,Parishes/Missions,https://www.diosteub.org/parishfinder
St. Frances Cabrini,"72581 U.S. Route 250, Colerain, OH, 43916",https://www.stmaryschurchstc.com,Diocese of Steubenville,Parishes/Missions,https://www.diosteub.org/parishfinder
St. Francis of Assisi,"601 Loretta Avenue, Toronto, OH, 43964",http://www.sfsjtoronto.com/,Diocese of Steubenville,Parishes/Missions,https://www.diosteub.org/parishfinder
St. Francis Xavier,"125 Carrollton Street, Malvern, OH, 44644",http://stgabriel-stfrancis.org/,Diocese of Steubenville,Parishes/Missions,https://www.diosteub.org/parishfinder
St. Gabriel,"400 West High Street, Minerva, OH, 44657",http://www.stgabriel-stfrancis.org,Diocese of Steubenville,Parishes/Missions,https://www.diosteub.org/parishfinder
St. Henry (Harriettsville),"36575 Church St., County Road 47, Lower Salem, OH, 45745",,Diocese of Steubenville,Parishes/Missions,https://www.diosteub.org/parishfinder
St. James,"257 East Bell Avenue, McConnelsville, OH, 43756",http://www.stjamesmcconnelsville.org/,Diocese of Steubenville,Parishes/Missions,https://www.diosteub.org/parishfinder
St. John,"3745 Tallman Avenue, Bellaire, OH, 43906",http://bnspcatholic.org,Diocese of Steubenville,Parishes/Missions,https://www.diosteub.org/parishfinder
St. John Fisher,"7457 State Route 152, Richmond, OH, 43944",,Diocese of Steubenville,Parishes/Missions,https://www.diosteub.org/parishfinder
St. John the Baptist (Churchtown),"17784 State Route 676, Marietta, OH, 45750-6529",http://www.stjohnchurchtown.com/,Diocese of Steubenville,Parishes/Missions,https://www.diosteub.org/parishfinder
St. John the Baptist (Miltonsburg),"35560 Miltonsburg-Calais Road, Woodsfield, OH, 43793",http://monroecountycatholic.org,Diocese of Steubenville,Parishes/Missions,https://www.diosteub.org/parishfinder
St. Joseph,"204 Mound Street, Tiltonsville, OH, 43963",https://www.stjosephtiltonsville.org,Diocese of Steubenville,Parishes/Missions,https://www.diosteub.org/parishfinder
St. Joseph,"333 North Main Street, Amsterdam, OH, 43903",,Diocese of Steubenville,Parishes/Missions,https://www.diosteub.org/parishfinder
St. Joseph,"1225 North River Avenue, Toronto, OH, 43964",http://www.sfsjtoronto.com/,Diocese of Steubenville,Parishes/Missions,https://www.diosteub.org/parishfinder
St. Joseph,"501 Chestnut Street, Ironton, OH, 45638",https://www.lawcocatholic.org,Diocese of Steubenville,Parishes/Missions,https://www.diosteub.org/parishfinder
St. Joseph,"68210 Neola Avenue, Bridgeport, OH, 43912-1555",,Diocese of Steubenville,Parishes/Missions,https://www.diosteub.org/parishfinder
St. Lawrence O'Toole,"611 Center Street, Ironton, OH, 45638",https://www.lawcocatholic.org,Diocese of Steubenville,Parishes/Missions,https://www.diosteub.org/parishfinder
St. Louis,"85 State Street, Gallipolis, OH, 45631",http://www.stlouiscatholicchurchgallia.org/,Diocese of Steubenville,Parishes/Missions,https://www.diosteub.org/parishfinder
St. Mary,"20 North Fourth Street, Martins Ferry, OH, 43935",https://www.stmarysmf.com,Diocese of Steubenville,Parishes/Missions,https://www.diosteub.org/parishfinder
St. Mary,"212 West Main Street, St. Clairsville, OH, 43950",https://stmaryschurchstc.com,Diocese of Steubenville,Parishes/Missions,https://www.diosteub.org/parishfinder
St. Mary,"240 East 40th Street, Shadyside, OH, 43947",http://bnspcatholic.org,Diocese of Steubenville,Parishes/Missions,https://www.diosteub.org/parishfinder
St. Mary (Pine Grove),"1059 County Road 26, Ironton, OH, 45638",https://www.lawcocatholic.org,Diocese of Steubenville,Parishes/Missions,https://www.diosteub.org/parishfinder
St. Mary (Temperanceville),"55699 Marietta Street, Barnesville, OH, 43713",,Diocese of Steubenville,Parishes/Missions,https://www.diosteub.org/parishfinder
St. Mary of the Immaculate Conception (Fulda),"43700 Fulda Road, Caldwell, OH, 43724",https://nccchurches.org,Diocese of Steubenville,Parishes/Missions,https://www.diosteub.org/parishfinder
St. Mary of the Immaculate Conception (Morges),"8012 Bachelor Road NW, Waynesburg, OH, OH 44688",,Diocese of Steubenville,Parishes/Missions,https://www.diosteub.org/parishfinder
St. Matthias,"115 West Main Street, Freeport, OH, 43973",http://www.harrisoncountycatholicchurches.org/,Diocese of Steubenville,Parishes/Missions,https://www.diosteub.org/parishfinder
St. Michael (Carlisle),"44935 Carlisle Road, Caldwell, OH, 43724",https://nccchurches.org,Diocese of Steubenville,Parishes/Missions,https://www.diosteub.org/parishfinder
St. Paul,"38 North College Street, Athens, OH, 45701",https://athenscatholic.org/,Diocese of Steubenville,Parishes/Missions,https://www.diosteub.org/parishfinder
St. Peter,"425 North Fourth Street, Steubenville, OH, 43952",http://www.stpetersteub.com,Diocese of Steubenville,Parishes/Missions,https://www.diosteub.org/parishfinder
St. Stephen,"1036 Belford Street, Caldwell, OH, 43724",https://nccchurches.org,Diocese of Steubenville,Parishes/Missions,https://www.diosteub.org/parishfinder
St. Sylvester,"334 South Main Street, Woodsfield, OH, 43793",http://monroecountycatholic.org/,Diocese of Steubenville,Parishes/Missions,https://www.diosteub.org/parishfinder
St. Teresa of Avila,"143 East South Street, Cadiz, OH, 43907",http://www.harrisoncountycatholicchurches.org/,Diocese of Steubenville,Parishes/Missions,https://www.diosteub.org/parishfinder
Triumph of the Cross (Holy Name Cathedral),"411 South 5th Street, Steubenville, OH, 43952",http://www.triumphofthecross.org,Diocese of Steubenville,Parishes/Missions,https://www.diosteub.org/parishfinder
Triumph of the Cross (Holy Rosary Church),"204 Rosemont Avenue, Steubenville, OH, 43952",http://www.triumphofthecross.org,Diocese of Steubenville,Parishes/Missions,https://www.diosteub.org/parishfinder
Assumption of the Blessed Virgin Mary Church,"711 W. Hickory Ave., Duncan, OK, 73533",http://assumptionduncanok.com/,Archdiocese of Oklahoma City,Parishes,https://archokc.org/parishfinder
Blessed Sacrament Church,"12 SW 7th Street, Lawton, OK, 73501",https://www.lawtoncatholic.com,Archdiocese of Oklahoma City,Parishes,https://archokc.org/parishfinder
Blessed Stanley Rother Shrine,"700 SE 89 St., Oklahoma City, OK, 73149",https://rothershrine.org/,Archdiocese of Oklahoma City,Parishes,https://archokc.org/parishfinder
Cathedral of Our Lady of Perpetual Help,"3214 North Lake Avenue, Oklahoma City, Oklahoma, 73118",https://cathedralokc.org/,Archdiocese of Oklahoma City,Parishes,https://archokc.org/parishfinder
Christ the King Catholic Church,"8005 Dorset Dr., Oklahoma City, OK, 73120",https://ckokc.org/,Archdiocese of Oklahoma City,Parishes,https://archokc.org/parishfinder
Church of the Good Shepherd,"200 South Ellis Street, Boise City, OK",http://www.panhandlecatholic.org/,Archdiocese of Oklahoma City,Parishes,https://archokc.org/parishfinder
Corpus Christi Church,"1616 North Kelley Avenue, Oklahoma City, OK, 73117",https://corpuschristiokc.org/,Archdiocese of Oklahoma City,Parishes,https://archokc.org/parishfinder
Epiphany of the Lord Catholic Church,"7336 W. Britton Road, Oklahoma City, OK, 73132",https://epiphanyokc.org/,Archdiocese of Oklahoma City,Parishes,https://archokc.org/parishfinder
Epiphany of the Lord Catholic Church,"7336 W. Britton Road, Oklahoma City, OK, 73132",https://n114a.sites.ecatholic.com/,Archdiocese of Oklahoma City,Parishes,https://archokc.org/parishfinder
Good Shepherd Church,"700 W Broadway St.  , Marietta, OK, 73448",,Archdiocese of Oklahoma City,Parishes,https://archokc.org/parishfinder
Holy Cross Church,"1010 South 5th Avenue, Madill, OK, 73446",,Archdiocese of Oklahoma City,Parishes,https://archokc.org/parishfinder
Holy Family Church,"1010 NW 82nd Street, Lawton, OK, 73505",http://holyfamilylawton.org/,Archdiocese of Oklahoma City,Parishes,https://archokc.org/parishfinder
Holy Family Church (Syro-Malabar),"3901 SW 29th St., Oklahoma City, OK, 73119",http://holyfamilyok.org/,Archdiocese of Oklahoma City,Parishes,https://archokc.org/parishfinder
Holy Name Church,"600 S Main Street, Shattuck, OK, 73858",,Archdiocese of Oklahoma City,Parishes,https://archokc.org/parishfinder
Holy Name of Jesus Church,"210 South 7th Street, Chickasha, OK, 73018",https://holynamechickasha.org/,Archdiocese of Oklahoma City,Parishes,https://archokc.org/parishfinder
Holy Spirit Catholic Church,"1100 North Sara Road, Mustang, OK, 73064",https://holyspiritmustang.org/,Archdiocese of Oklahoma City,Parishes,https://archokc.org/parishfinder
Holy Trinity Church,"211 West Missouri, Okarche, OK, 73762",https://www.holytrinityok.org/,Archdiocese of Oklahoma City,Parishes,https://archokc.org/parishfinder
Immaculate Conception Church,"4th and Comanche, Marlow, OK, 73055",,Archdiocese of Oklahoma City,Parishes,https://archokc.org/parishfinder
Immaculate Conception Church,"811 West Wrangler Boulevard, Seminole, OK, 74868.",,Archdiocese of Oklahoma City,Parishes,https://archokc.org/parishfinder
Immaculate Heart of Mary Church,"107 Freehoma St., Calumet, OK, 73014",,Archdiocese of Oklahoma City,Parishes,https://archokc.org/parishfinder
Korean Martyrs Church,"2600 SW 74th Street, Oklahoma City, OK, 73159",,Archdiocese of Oklahoma City,Parishes,https://archokc.org/parishfinder
Mother of Sorrows Church,"521 E Wallace, Apache, OK, 73006",,Archdiocese of Oklahoma City,Parishes,https://archokc.org/parishfinder
Our Lady of Guadalupe Church,"523 E Chestnut St, Hollis, OK, 73550",,Archdiocese of Oklahoma City,Parishes,https://archokc.org/parishfinder
Our Lady of Lebanon (Maronite Rite),"500 Alameda St, Norman, OK, 73071",http://www.maroniteok.org/,Archdiocese of Oklahoma City,Parishes,https://archokc.org/parishfinder
Our Lady of Mt. Carmel and Saint Therese,"1125 S Walker Ave, Oklahoma, OK, 73109",https://littleflowerparishokc.org/,Archdiocese of Oklahoma City,Parishes,https://archokc.org/parishfinder
Our Lady of Perpetual Help Church,"220 North ""A"" Street, Sterling, OK, 73567",,Archdiocese of Oklahoma City,Parishes,https://archokc.org/parishfinder
Our Lady of Sorrows Church,"409 Price Avenue, Chandler, OK, 74834",http://www.ourladyofsorrowschandler.org,Archdiocese of Oklahoma City,Parishes,https://archokc.org/parishfinder
Our Lady of the Rosary Church,"Highway 152, Binger, OK, 73009",,Archdiocese of Oklahoma City,Parishes,https://archokc.org/parishfinder
Our Lady of Victory,"307 West Jefferson Street, Purcell, OK, 73080",https://olvpurcell.org/,Archdiocese of Oklahoma City,Parishes,https://archokc.org/parishfinder
Our Mother of Mercy Church,"1325 Main St, Waynoka, OK, 73860",,Archdiocese of Oklahoma City,Parishes,https://archokc.org/parishfinder
Prince of Peace Church,"1500 Falcon Rd, Altus, OK, 73521",http://www.princeofpeacealtus.org/,Archdiocese of Oklahoma City,Parishes,https://archokc.org/parishfinder
Queen of All Saints Church,"914 N 5th St, Sayre, OK, 73662",,Archdiocese of Oklahoma City,Parishes,https://archokc.org/parishfinder
Sacred Heart Church,"627 12th St., Alva, OK, 73717",https://www.sacredheartalva.org/,Archdiocese of Oklahoma City,Parishes,https://archokc.org/parishfinder
Sacred Heart Church,"204 N Clark, Hinton, OK, 73047",,Archdiocese of Oklahoma City,Parishes,https://archokc.org/parishfinder
Sacred Heart Church,"409 N Byers Ave, Mangum, OK, 73554",,Archdiocese of Oklahoma City,Parishes,https://archokc.org/parishfinder
Sacred Heart Church,"106 Albright St, Hooker, OK, 73945",http://www.panhandlecatholic.org,Archdiocese of Oklahoma City,Parishes,https://archokc.org/parishfinder
Sacred Heart Church,"47943 Abbey Rd, Konawa, Ok, 74849",,Archdiocese of Oklahoma City,Parishes,https://archokc.org/parishfinder
Sacred Heart Church,"301 N Main St, Mooreland, OK, 73852",,Archdiocese of Oklahoma City,Parishes,https://archokc.org/parishfinder
Sacred Heart Church,"208 S Evans, El Reno, OK, 73036",http://sacredheartelreno.com/,Archdiocese of Oklahoma City,Parishes,https://archokc.org/parishfinder
Sacred Heart Church,"2706 S Shartel Ave, Oklahoma City, OK, 73109",http://www.sacredheartokc.org/,Archdiocese of Oklahoma City,Parishes,https://archokc.org/parishfinder
Sacred Heart Church,"Broadway and Lowe, Billings, OK",,Archdiocese of Oklahoma City,Parishes,https://archokc.org/parishfinder
Saint Andrew Dung-Lac Church,"3115 SW 59th St, Oklahoma City, OK, 73159",,Archdiocese of Oklahoma City,Parishes,https://archokc.org/parishfinder
Saint Ann Church,"424 S 6th Street, Fairview, OK, 73737",,Archdiocese of Oklahoma City,Parishes,https://archokc.org/parishfinder
Saint Ann Church,"8492 State HWY 17, Elgin, OK, 73538",http://www.triparishok.com,Archdiocese of Oklahoma City,Parishes,https://archokc.org/parishfinder
Saint Ann Church,"522 East 3rd, Cordell, OK, 73632",https://stmarysclintonok.org/,Archdiocese of Oklahoma City,Parishes,https://archokc.org/parishfinder
Saint Anthony of Padua Church,"211 S 5th St, Okeene, OK, 73763",,Archdiocese of Oklahoma City,Parishes,https://archokc.org/parishfinder
Saint Benedict Church,"632 N. Kickapoo Ave., Shawnee, OK, 74801",https://www.stbenedict.us/,Archdiocese of Oklahoma City,Parishes,https://archokc.org/parishfinder
Saint Catherine of Siena,"205 W. Bert Street, Pauls Valley, OK, 73075",https://stcatherinepaulsvalley.org/,Archdiocese of Oklahoma City,Parishes,https://archokc.org/parishfinder
Saint Cornelius Church,"404 S Massachusetts Ave, Cherokee, OK, 73728",,Archdiocese of Oklahoma City,Parishes,https://archokc.org/parishfinder
Saint Damien of Molokai Church - Latin Mass Community (Tridentine),"8455 NW 234th St., Edmond, OK, 73025",http://www.stdamiens.com,Archdiocese of Oklahoma City,Parishes,https://archokc.org/parishfinder
Saint Eugene Church,"704 North Bryan Street, Weatherford, OK, 73096",http://www.steugenewf.com/,Archdiocese of Oklahoma City,Parishes,https://archokc.org/parishfinder
Saint Frances Cabrini Church,"701 Avenue C., Beaver, OK, 73932",http://www.panhandlecatholic.org/,Archdiocese of Oklahoma City,Parishes,https://archokc.org/parishfinder
Saint Francis of Assisi Church,"610 West 9th Street, Newkirk, OK, 73106",http://www.stmarypc.com,Archdiocese of Oklahoma City,Parishes,https://archokc.org/parishfinder
Saint Francis Xavier Church,"700 East Oklahoma Avenue Highway 7, Sulphur, OK, 73086",https://stjosephada.com/,Archdiocese of Oklahoma City,Parishes,https://archokc.org/parishfinder
Saint Francis Xavier Church,"110 North Madison, Enid, OK, 73701",https://stfrancisenid.com/,Archdiocese of Oklahoma City,Parishes,https://archokc.org/parishfinder
Saint Gregory the Great Church,"1924 West Willow Rd, Enid, OK, 73703",http://www.stgregoryenid.com/,Archdiocese of Oklahoma City,Parishes,https://archokc.org/parishfinder
Saint Helen Church,"507 E Highview Ave, Frederick, OK, 73542",http://sthelenok.org/,Archdiocese of Oklahoma City,Parishes,https://archokc.org/parishfinder
Saint James the Greater Church,"4201 S. McKinley Ave, Oklahoma City, OK, 73109",http://www.stjames-catholic.org/,Archdiocese of Oklahoma City,Parishes,https://archokc.org/parishfinder
Saint John Nepomuk Church,"600 South Garth Brooks Boulevard, Yukon, OK, 73099",https://sjnok.org/,Archdiocese of Oklahoma City,Parishes,https://archokc.org/parishfinder
Saint John the Baptist Church,"900 S. Littler Avenue, Edmond, OK, 73034",https://stjohn-catholic.org/,Archdiocese of Oklahoma City,Parishes,https://archokc.org/parishfinder
Saint Joseph Church,"South of town on Highway 81, Pond Creek, OK, 73766",,Archdiocese of Oklahoma City,Parishes,https://archokc.org/parishfinder
Saint Joseph Church,"403 Kate Boevers, Union City, OK, 73090",https://www.facebook.com/altarsocietykofc/?rf=111572045546519,Archdiocese of Oklahoma City,Parishes,https://archokc.org/parishfinder
Saint Joseph Church,"320 West North Street, Tonkawa, OK, 74653",,Archdiocese of Oklahoma City,Parishes,https://archokc.org/parishfinder
Saint Joseph Church,"421 E. Acres St., Norman, OK, 73071",https://stjosephsok.org/,Archdiocese of Oklahoma City,Parishes,https://archokc.org/parishfinder
Saint Joseph Church,"315 West Blackwell Avenue, Blackwell, OK, 74631",,Archdiocese of Oklahoma City,Parishes,https://archokc.org/parishfinder
Saint Joseph Church,"324 SW 2nd St, Buffalo, OK, 73834",,Archdiocese of Oklahoma City,Parishes,https://archokc.org/parishfinder
Saint Joseph Church,"1300 East Beverly Street, Ada, OK, 74820",https://stjosephada.com/,Archdiocese of Oklahoma City,Parishes,https://archokc.org/parishfinder
Saint Joseph Church,"101 First Street, Bison, OK, 73720",,Archdiocese of Oklahoma City,Parishes,https://archokc.org/parishfinder
Saint Joseph Church,"211 N. Cherokee St., Hennessey, OK, 73742",http://stjosephhennesseyok.com/,Archdiocese of Oklahoma City,Parishes,https://archokc.org/parishfinder
Saint Joseph Old Cathedral,"307 NW 4th Street, Oklahoma City, OK, 73102",https://www.sjocokc.org/,Archdiocese of Oklahoma City,Parishes,https://archokc.org/parishfinder
Saint Louis Church,"417 N 8th Ave, Stroud, OK, 74079",,Archdiocese of Oklahoma City,Parishes,https://archokc.org/parishfinder
Saint Margaret Mary Church,".02 mi. north on H-74 from Highway 74/74C Jct., Crescent, OK, 73044",https://stmaryguthrie.com/,Archdiocese of Oklahoma City,Parishes,https://archokc.org/parishfinder
Saint Mark the Evangelist Church,"3939 W. Tecumseh Rd., Norman, OK, 73072",http://www.saintmarknorman.org/,Archdiocese of Oklahoma City,Parishes,https://archokc.org/parishfinder
Saint Mary Assumption Church,"Main and Birch, Wakita, OK, 73771",,Archdiocese of Oklahoma City,Parishes,https://archokc.org/parishfinder
Saint Mary Catholic Church,"125 E Street SW, Ardmore, OK, 73401",https://stmaryardmore.org/,Archdiocese of Oklahoma City,Parishes,https://archokc.org/parishfinder
Saint Mary Catholic Church,"707 E Ponca Ave, Ponca City, OK, 74601",https://www.stmarypc.com/,Archdiocese of Oklahoma City,Parishes,https://archokc.org/parishfinder
Saint Mary Church,"1 Block North of Main Street, Wanette, OK, 74878",,Archdiocese of Oklahoma City,Parishes,https://archokc.org/parishfinder
Saint Mary Church,"1218 Knox Avenue, Clinton, OK, 73601",http://www.stmarysclintonok.org/,Archdiocese of Oklahoma City,Parishes,https://archokc.org/parishfinder
Saint Mary Church,"214 West Cherokee Street, Medford, OK, 73759",,Archdiocese of Oklahoma City,Parishes,https://archokc.org/parishfinder
Saint Mary Church,"411 North Elm St., Guthrie, OK, 73044",https://stmaryguthrie.com/,Archdiocese of Oklahoma City,Parishes,https://archokc.org/parishfinder
Saint Matthew Church,"3001 East Highway 66, Elk City, OK, 73644",http://www.stmatthew.weconnect.com/,Archdiocese of Oklahoma City,Parishes,https://archokc.org/parishfinder
Saint Michael Church,"Highway. 62-2 blocks South on Koonce, Meeker, OK, 74855",,Archdiocese of Oklahoma City,Parishes,https://archokc.org/parishfinder
Saint Monica Church,"2001 N Western Avenue, Edmond, OK, 73012",https://www.stmonica-edmond.org/,Archdiocese of Oklahoma City,Parishes,https://archokc.org/parishfinder
Saint Patrick Church,"3rd and Ohio, Walters, OK, 73572",,Archdiocese of Oklahoma City,Parishes,https://archokc.org/parishfinder
Saint Patrick Church,"2121 North Portland Avenue, Oklahoma City, OK, 73107",https://www.saintpatrickokc.org/,Archdiocese of Oklahoma City,Parishes,https://archokc.org/parishfinder
Saint Patrick Church,"1115 W Petree Rd, Anadarko, OK, 73005",http://www.stpatrickanadarko.org,Archdiocese of Oklahoma City,Parishes,https://archokc.org/parishfinder
Saint Paul the Apostle Church,"3901 S. Sunnylane Rd, Del City, OK, 73115",http://stpaulscatholic.org/,Archdiocese of Oklahoma City,Parishes,https://archokc.org/parishfinder
Saint Peter Church,"2020 Oklahoma Avenue, Woodward, OK, 73801",http://www.stpeternwok.org,Archdiocese of Oklahoma City,Parishes,https://archokc.org/parishfinder
Saint Peter Church,"East 2 and Quapaw, Lindsay, OK, 73052",,Archdiocese of Oklahoma City,Parishes,https://archokc.org/parishfinder
Saint Peter the Apostle Church,"1220 N. Quinn St., Guymon, OK, 73942",,Archdiocese of Oklahoma City,Parishes,https://archokc.org/parishfinder
Saint Philip Neri Church,"1107 Felix Pl, Midwest City, OK, 73110",http://stphilipnerimwc.org/,Archdiocese of Oklahoma City,Parishes,https://archokc.org/parishfinder
Saint Richard Church,"427 South Highland, Carnegie, OK",,Archdiocese of Oklahoma City,Parishes,https://archokc.org/parishfinder
Saint Rose of Lima Church,"421 9th Street, Perry, OK, 73077",http://www.stroseperry.com/,Archdiocese of Oklahoma City,Parishes,https://archokc.org/parishfinder
Saint Rose of Lima Church,"900 North Clarence Nash Boulevard, Watonga, OK, 73772",,Archdiocese of Oklahoma City,Parishes,https://archokc.org/parishfinder
Saint Teresa of Avila Church,"1576 N. Tim Holt Dr., Harrah, OK, 73045",http://www.stteresaharrah.org/,Archdiocese of Oklahoma City,Parishes,https://archokc.org/parishfinder
Saint Thomas Apostle Church,"105 W McAlister, Seiling, Ok, 73663",,Archdiocese of Oklahoma City,Parishes,https://archokc.org/parishfinder
Saint Thomas More University Parish And Student Center,"100 E Stinson, Norman, OK, 73072",https://www.stm-ou.org/,Archdiocese of Oklahoma City,Parishes,https://archokc.org/parishfinder
Saint Vincent de Paul Church,"123 S 9th St,, Mcloud, OK, 74851",,Archdiocese of Oklahoma City,Parishes,https://archokc.org/parishfinder
Saint Wenceslaus Church,"304 Jim Thorpe Boulevard, Prague, OK, 74864",https://www.shrineofinfantjesus.com/,Archdiocese of Oklahoma City,Parishes,https://archokc.org/parishfinder
Saints Peter And Paul Church,"309 South Main Street, Kingfisher, OK, 73750",https://www.stspeterandpaul.org/,Archdiocese of Oklahoma City,Parishes,https://archokc.org/parishfinder
Saints Peter And Paul Church,"324 S Randlett St, Hobart, OK, 73651",,Archdiocese of Oklahoma City,Parishes,https://archokc.org/parishfinder
St Robert Bellarmine,"121 NW 1st Street , Jones, OK, 73049",https://strobertjones.org/,Archdiocese of Oklahoma City,Parishes,https://archokc.org/parishfinder
St. Andrew Catholic Church,"800 N.W. 5th, Moore, OK, 73160",https://standrewmoore.com/,Archdiocese of Oklahoma City,Parishes,https://archokc.org/parishfinder
St. Charles Borromeo Catholic Church,"5024 North Grove, Oklahoma City, OK, 73122",https://stcharlesokc.org/,Archdiocese of Oklahoma City,Parishes,https://archokc.org/parishfinder
St. Eugene Catholic Church - OKC,"2400 W. Hefner Road, Oklahoma City, OK, 73120",https://steugenes.org/,Archdiocese of Oklahoma City,Parishes,https://archokc.org/parishfinder
St. Francis of Assisi Catholic Church,"1901 N.W. 18th Street, Oklahoma City, OK, 73106",https://stfrancisokc.com/,Archdiocese of Oklahoma City,Parishes,https://archokc.org/parishfinder
** No Parish Registration,,,Diocese of Tulsa,Sunday Mass Schedule,https://www.dioceseoftulsa.org/parishfinder
Blessed Sacrament Chapel-Oratory,"4 South Broadway, Coalgate, OK, 74538",,Diocese of Tulsa,Sunday Mass Schedule,https://www.dioceseoftulsa.org/parishfinder
Christ the King Parish,"1520 S. Rockford Ave., Tulsa, OK, 74120",http://www.christthekingcatholic.church/,Diocese of Tulsa,Sunday Mass Schedule,https://www.dioceseoftulsa.org/parishfinder
Church of Saint Benedict (Broken Arrow),"2200 W. Ithica St., Broken Arrow, OK, 74012-7455",http://www.saintben.com,Diocese of Tulsa,Sunday Mass Schedule,https://www.dioceseoftulsa.org/parishfinder
Church of Saint Mary (Tulsa),"1347 E. 49th Place, Tulsa, OK, 74105",http://www.churchofsaintmary.com,Diocese of Tulsa,Sunday Mass Schedule,https://www.dioceseoftulsa.org/parishfinder
Church of the Madalene (Tulsa),"3188 E. 22nd St., Tulsa, OK, 74114",http://www.madalenetulsa.org,Diocese of Tulsa,Sunday Mass Schedule,https://www.dioceseoftulsa.org/parishfinder
Church of the Resurrection (Tulsa),"4804 S. Fulton Ave., Tulsa, OK, 74135",http://www.resurrection-tulsa.org,Diocese of Tulsa,Sunday Mass Schedule,https://www.dioceseoftulsa.org/parishfinder
Holy Cross Parish (Wagoner),"708 SW 15th Street, Wagoner, OK, 74477",https://holycross-wagoner.org/,Diocese of Tulsa,Sunday Mass Schedule,https://www.dioceseoftulsa.org/parishfinder
Holy Family Cathedral (Tulsa),"820 S. Boulder, Tulsa, OK, 74119",http://www.holyfamilycathedralparish.com,Diocese of Tulsa,Sunday Mass Schedule,https://www.dioceseoftulsa.org/parishfinder
Holy Ghost Parish (Vinita),"120 W. Sequoyah Ave., Vinita, OK, 74301",https://www.holyghostvinita.org/,Diocese of Tulsa,Sunday Mass Schedule,https://www.dioceseoftulsa.org/parishfinder
Holy Rosary Parish (Hartshorne),"912 Cherokee Ave., Hartshorne, OK, 74547",https://www.facebook.com/holyrosaryhartshorne,Diocese of Tulsa,Sunday Mass Schedule,https://www.dioceseoftulsa.org/parishfinder
Immaculate Conception Parish (Hugo),"196 Bearden Springs Rd., Hugo, OK, 74743",https://oksoutheastcatholic.com/,Diocese of Tulsa,Sunday Mass Schedule,https://www.dioceseoftulsa.org/parishfinder
Immaculate Conception Parish (Pawhuska),"1314 Lynn Ave., Pawhuska, OK, 74056",,Diocese of Tulsa,Sunday Mass Schedule,https://www.dioceseoftulsa.org/parishfinder
Immaculate Conception Parish (Poteau),"410 N. Bagwell St., Poteau, OK, 74953",http://www.immaculateconception-poteau.org,Diocese of Tulsa,Sunday Mass Schedule,https://www.dioceseoftulsa.org/parishfinder
Our Lady of Guadalupe Parish (Dewey),"400 W. 9th St., Dewey, OK, 74029-2104",https://www.facebook.com/OLGDewey/,Diocese of Tulsa,Sunday Mass Schedule,https://www.dioceseoftulsa.org/parishfinder
Our Lady of the Lake Parish (Mannford),"450 E. Cimarron, Mannford, OK, 74044",,Diocese of Tulsa,Sunday Mass Schedule,https://www.dioceseoftulsa.org/parishfinder
Parish of the Most Precious Blood (Tulsa),"3029 S. 57th West Ave, Tulsa, OK, 74107",http://www.mpbptulsa.com,Diocese of Tulsa,Sunday Mass Schedule,https://www.dioceseoftulsa.org/parishfinder
Sacred Heart Mission (Heavener),"515 E. First St., Heavener, OK, 74937",,Diocese of Tulsa,Sunday Mass Schedule,https://www.dioceseoftulsa.org/parishfinder
Sacred Heart Parish (Fairfax),"333 S. 8th St., Fairfax, OK, 74637",,Diocese of Tulsa,Sunday Mass Schedule,https://www.dioceseoftulsa.org/parishfinder
Sacred Heart Parish (Miami),"2515 N. Main, Miami, OK, 74354",https://www.sacredheartmiami.org/,Diocese of Tulsa,Sunday Mass Schedule,https://www.dioceseoftulsa.org/parishfinder
Sacred Heart Parish (Sapulpa),"1777 E. Grayson Ave., Sapulpa, OK, 74066-4913",http://www.sacredheartsapulpa.com,Diocese of Tulsa,Sunday Mass Schedule,https://www.dioceseoftulsa.org/parishfinder
Sacred Heart Parish (Skiatook),"109 W. 5th St., Skiatook, OK, 74070",http://www.sacredheartskiatook.org,Diocese of Tulsa,Sunday Mass Schedule,https://www.dioceseoftulsa.org/parishfinder
Sacred Heart Parish (Wilburton),"102 Center Point Rd., Wilburton, OK, 74578",,Diocese of Tulsa,Sunday Mass Schedule,https://www.dioceseoftulsa.org/parishfinder
San Juan Diego Mission (Stilwell),"23 W. Division Street, Stilwell, OK, 74960",,Diocese of Tulsa,Sunday Mass Schedule,https://www.dioceseoftulsa.org/parishfinder
St. Agnes Parish (Antlers),"501 East Main, Antlers, OK, 74523",https://oksoutheastcatholic.com/,Diocese of Tulsa,Sunday Mass Schedule,https://www.dioceseoftulsa.org/parishfinder
St. Ann Parish (Shidler),"Gypsy and Taylor Streets, Shidler, OK, 74652",,Diocese of Tulsa,Sunday Mass Schedule,https://www.dioceseoftulsa.org/parishfinder
St. Ann Parish (Welch),"450 S. Jefferson St., Welch, OK, 74369",,Diocese of Tulsa,Sunday Mass Schedule,https://www.dioceseoftulsa.org/parishfinder
St. Anne Parish (Broken Arrow),"301 S. 9th St., Broken Arrow, OK, 74012",http://www.stanneba.org,Diocese of Tulsa,Sunday Mass Schedule,https://www.dioceseoftulsa.org/parishfinder
St. Anthony of Padua Parish (Okmulgee),"515 S. Morton Ave., Okmulgee, OK, 74447",,Diocese of Tulsa,Sunday Mass Schedule,https://www.dioceseoftulsa.org/parishfinder
St. Augustine Parish (Tulsa),"1728 E. Apache St., Tulsa, OK, 74110",http://www.staugustine-tulsa.org,Diocese of Tulsa,Sunday Mass Schedule,https://www.dioceseoftulsa.org/parishfinder
St. Bernard of Clairvaux Parish (Tulsa),"4001 E. 101st St. South, Tulsa, OK, 74137",http://www.stbernardstulsa.org,Diocese of Tulsa,Sunday Mass Schedule,https://www.dioceseoftulsa.org/parishfinder
St. Brigid Parish & Catholic Student Center (Tahlequah),"807 Crafton St., Tahlequah, OK, 74464-7100",,Diocese of Tulsa,Sunday Mass Schedule,https://www.dioceseoftulsa.org/parishfinder
St. Catherine of Alexandria Parish (Tulsa),"4532 S. 25th W. Ave., Tulsa, OK, 74107-6635",http://www.saintcatherinechurch.org,Diocese of Tulsa,Sunday Mass Schedule,https://www.dioceseoftulsa.org/parishfinder
St. Catherine of Siena Parish (Talihina),"501 2nd Street, Talihina, OK, 74571",,Diocese of Tulsa,Sunday Mass Schedule,https://www.dioceseoftulsa.org/parishfinder
St. Catherine Parish (Nowata),"217 W. Modoc, Nowata, OK, 74048",,Diocese of Tulsa,Sunday Mass Schedule,https://www.dioceseoftulsa.org/parishfinder
St. Cecilia Parish (Claremore),"1304 N. Dorothy, Claremore, OK, 74017-4405",,Diocese of Tulsa,Sunday Mass Schedule,https://www.dioceseoftulsa.org/parishfinder
St. Clement Parish (Bixby),"15501 S. Memorial, Bixby, OK, 74008",http://www.stcbixby.org,Diocese of Tulsa,Sunday Mass Schedule,https://www.dioceseoftulsa.org/parishfinder
St. Elizabeth Ann Seton Parish (Spiro),"16526 US Highway 271, Spiro, OK, 74959",https://www.occok.org/,Diocese of Tulsa,Sunday Mass Schedule,https://www.dioceseoftulsa.org/parishfinder
St. Elizabeth Parish (Grove),"1653 113th St. NW, Grove, OK, 74344-4504",,Diocese of Tulsa,Sunday Mass Schedule,https://www.dioceseoftulsa.org/parishfinder
St. Frances of Rome Parish (Langley),"13286 Oklahoma 28, Langley, OK, 74350",,Diocese of Tulsa,Sunday Mass Schedule,https://www.dioceseoftulsa.org/parishfinder
St. Francis de Sales Parish (Idabel),"13 SE Jefferson, Idabel, OK, 74745-4865",http://www.stfrancisidabel.org/,Diocese of Tulsa,Sunday Mass Schedule,https://www.dioceseoftulsa.org/parishfinder
St. Francis Xavier Parish (Sallisaw),"2110 N. Dogwood, Sallisaw, OK, 74955-1831",,Diocese of Tulsa,Sunday Mass Schedule,https://www.dioceseoftulsa.org/parishfinder
St. Francis Xavier Parish (Stillwater),"711 N. Country Club Road, Stillwater, OK, 74075",http://www.sfxstillwater.org,Diocese of Tulsa,Sunday Mass Schedule,https://www.dioceseoftulsa.org/parishfinder
St. Francis Xavier Parish (Tulsa),"2434 East Admiral Boulevard, Tulsa, OK, 74110",https://www.facebook.com/pages/St-Francis-Xavier-Church/111576732215598,Diocese of Tulsa,Sunday Mass Schedule,https://www.dioceseoftulsa.org/parishfinder
St. Henry Parish (Owasso),"8500 N. Owasso Expressway, Owasso, OK, 74055-0181",http://www.sthenryowasso.org/,Diocese of Tulsa,Sunday Mass Schedule,https://www.dioceseoftulsa.org/parishfinder
St. James Parish (Bartlesville),"5500 Douglas Lane, Bartlesville, OK, 74006-5907",http://www.saintjamescatholicparish.org,Diocese of Tulsa,Sunday Mass Schedule,https://www.dioceseoftulsa.org/parishfinder
St. John Before the Latin Gate Parish (Bartlesville),"715 S. Johnstone Ave., Bartlesville, OK, 74003",https://www.stjohn-bartlesville.org,Diocese of Tulsa,Sunday Mass Schedule,https://www.dioceseoftulsa.org/parishfinder
St. John Parish (McAlester),"300 E. Washington, McAlester, OK, 74501",,Diocese of Tulsa,Sunday Mass Schedule,https://www.dioceseoftulsa.org/parishfinder
St. John the Evangelist Parish (Cookson),"32136 Highway 82, Cookson, OK, 74427",,Diocese of Tulsa,Sunday Mass Schedule,https://www.dioceseoftulsa.org/parishfinder
St. John the Evangelist Parish (Pawnee),"Corner of 8th St. and Oak, Pawnee, OK, 74058",http://www.skally.net/sj/,Diocese of Tulsa,Sunday Mass Schedule,https://www.dioceseoftulsa.org/parishfinder
St. John University Parish & Student Center (Stillwater),"201 N. Knoblock, Stillwater, OK, 74075-7510",http://www.catholicpokes.com,Diocese of Tulsa,Sunday Mass Schedule,https://www.dioceseoftulsa.org/parishfinder
St. Joseph Parish (Bristow),"302 N. Elm St., Bristow, OK, 74010",http://www.saintjosephbristow.org/,Diocese of Tulsa,Sunday Mass Schedule,https://www.dioceseoftulsa.org/parishfinder
St. Joseph Parish (Cleveland),"205 South C Ave, Cleveland, Oklahoma, 74020",,Diocese of Tulsa,Sunday Mass Schedule,https://www.dioceseoftulsa.org/parishfinder
St. Joseph Parish (Hominy),"421 South Pettit, Hominy, Oklahoma, 74035",,Diocese of Tulsa,Sunday Mass Schedule,https://www.dioceseoftulsa.org/parishfinder
St. Joseph Parish (Krebs),"290 N.W. Church Street, Krebs, OK, 74554",https://stjoseph-krebs.org/,Diocese of Tulsa,Sunday Mass Schedule,https://www.dioceseoftulsa.org/parishfinder
St. Joseph Parish (Muskogee),"321 N. Virginia, Muskogee, OK, 74403",https://stjosephok.com,Diocese of Tulsa,Sunday Mass Schedule,https://www.dioceseoftulsa.org/parishfinder
St. Joseph Parish (Stigler),"1204 NW 7th St., Stigler, OK, 74462",https://www.occok.org/,Diocese of Tulsa,Sunday Mass Schedule,https://www.dioceseoftulsa.org/parishfinder
St. Joseph Parish (Webbers Falls),"109 Smith St., Webbers Falls, OK, 74470",,Diocese of Tulsa,Sunday Mass Schedule,https://www.dioceseoftulsa.org/parishfinder
St. Joseph Vietnamese Parish (Tulsa),"14905 E. 21st St. S., Tulsa, OK, 74134",http://www.gxgiusetulsa.net/,Diocese of Tulsa,Sunday Mass Schedule,https://www.dioceseoftulsa.org/parishfinder
St. Jude Parish (Boswell),"70 E. 11th Street, Boswell, OK, 74743",https://oksoutheastcatholic.com/,Diocese of Tulsa,Sunday Mass Schedule,https://www.dioceseoftulsa.org/parishfinder
St. Kateri Tekakwitha (Roland),"110841 S. 4760 Road, Muldrow, OK, 74948",,Diocese of Tulsa,Sunday Mass Schedule,https://www.dioceseoftulsa.org/parishfinder
St. Mark Parish (Pryor),"1507 S. Vann, Pryor, OK, 74361",,Diocese of Tulsa,Sunday Mass Schedule,https://www.dioceseoftulsa.org/parishfinder
St. Mary Parish (Barnsdall),"204-298 W Chestnut Ave, Barnsdall, OK, 74002",,Diocese of Tulsa,Sunday Mass Schedule,https://www.dioceseoftulsa.org/parishfinder
St. Mary Parish (Drumright),"Corner of Cimarron Ave & Wood St., Drumright, OK, 74030",,Diocese of Tulsa,Sunday Mass Schedule,https://www.dioceseoftulsa.org/parishfinder
St. Michael Parish (Henryetta),"1004 W. Gentry, Henryetta, OK, 74437",,Diocese of Tulsa,Sunday Mass Schedule,https://www.dioceseoftulsa.org/parishfinder
St. Monica Parish (Tulsa),"633 E. Marshall Place, Tulsa, OK, 74106",http://www.stmonica-tulsa.org,Diocese of Tulsa,Sunday Mass Schedule,https://www.dioceseoftulsa.org/parishfinder
St. Patrick Parish (Atoka),"2103 S. Mississippi Ave., Atoka, OK, 74525",,Diocese of Tulsa,Sunday Mass Schedule,https://www.dioceseoftulsa.org/parishfinder
St. Patrick Parish (Sand Springs),"204 E. 4th St., Sand Springs, OK, 74063",,Diocese of Tulsa,Sunday Mass Schedule,https://www.dioceseoftulsa.org/parishfinder
St. Paul Parish (Eufaula),"502 S. 6th Street, Eufaula, OK, 74432",https://stpaul-eufaula.org/,Diocese of Tulsa,Sunday Mass Schedule,https://www.dioceseoftulsa.org/parishfinder
St. Philip Neri University Parish,"440 S. Florence Ave., Tulsa, OK, 74104",http://www.tu-catholic.org,Diocese of Tulsa,Sunday Mass Schedule,https://www.dioceseoftulsa.org/parishfinder
St. Pius X Parish (Tulsa),"1727 S. 75th E. Ave., Tulsa, OK, 74112",https://church.spxtulsa.org/,Diocese of Tulsa,Sunday Mass Schedule,https://www.dioceseoftulsa.org/parishfinder
St. Stephen Parish (Holdenville),"515 E. Highway St., Holdenville, OK, 74848",,Diocese of Tulsa,Sunday Mass Schedule,https://www.dioceseoftulsa.org/parishfinder
St. Teresa Parish (Okemah),"718 W. Broadway, Okemah, OK, 74859",,Diocese of Tulsa,Sunday Mass Schedule,https://www.dioceseoftulsa.org/parishfinder
St. Therese of the Child Jesus - Maronite Rite (Tulsa),"8315 S. 107 E. Ave, Tulsa, OK, 74133",http://www.saintherese.org,Diocese of Tulsa,Sunday Mass Schedule,https://www.dioceseoftulsa.org/parishfinder
St. Therese Parish (Collinsville),"1007 N 19th St, Collinsville, OK, 74021-0297",https://www.stthereseok.org/,Diocese of Tulsa,Sunday Mass Schedule,https://www.dioceseoftulsa.org/parishfinder
St. Thomas More Parish (Tulsa),"2720 S. 129th E. Ave, Tulsa, OK, 74134",https://www.stthomasmoretulsa.com,Diocese of Tulsa,Sunday Mass Schedule,https://www.dioceseoftulsa.org/parishfinder
St. Vincent de Paul Parish (Coweta),"15842 S. 297th E. Ave., Coweta, OK, 74429",http://www.stvincentdepaul-coweta.org,Diocese of Tulsa,Sunday Mass Schedule,https://www.dioceseoftulsa.org/parishfinder
St. William Parish & Catholic Student Center (Durant),"802 University Boulevard, Durant, OK, 74701",http://www.stwilliamdurant.com/,Diocese of Tulsa,Sunday Mass Schedule,https://www.dioceseoftulsa.org/parishfinder
Sts. Peter and Paul Parish (Cushing),"405 E. Oak, Cushing, OK, 74023",,Diocese of Tulsa,Sunday Mass Schedule,https://www.dioceseoftulsa.org/parishfinder
Sts. Peter and Paul Parish (Tulsa),"1419 N. 67th E. Ave., Tulsa, OK, 74115-5602",http://www.stspeterandpaul-tulsa.org,Diocese of Tulsa,Sunday Mass Schedule,https://www.dioceseoftulsa.org/parishfinder
Uganda Martyrs Parish (Okmulgee),"808 E. 3rd St., Okmulgee, OK, 74447",,Diocese of Tulsa,Sunday Mass Schedule,https://www.dioceseoftulsa.org/parishfinder
St. John the Apostle,"Reedsport, OR",,Archdiocese of Portland in Oregon,Sunday Mass Schedule,https://www.archdpdx.org/parishfinder
East Clackamas Parishes Cluster,"18090 SE Langensand Road, Sandy, OR, 97055",,Archdiocese of Portland in Oregon,Sunday Mass Schedule,https://www.archdpdx.org/parishfinder
Immaculate Heart of Mary Catholic Church,"Portland, OR",,Archdiocese of Portland in Oregon,Sunday Mass Schedule,https://www.archdpdx.org/parishfinder
"Our Lady of Perpetual Help Catholic Church, Cottage Grove, Oregon","Cottage Grove, OR",,Archdiocese of Portland in Oregon,Sunday Mass Schedule,https://www.archdpdx.org/parishfinder
Our Lady of Sorrows,"5239 SE Woodstock, Portland, OR, 97206",,Archdiocese of Portland in Oregon,Sunday Mass Schedule,https://www.archdpdx.org/parishfinder
Sacred Heart Catholic Church,"Newport, OR",https://sacredheartnewport.org/,Archdiocese of Portland in Oregon,Sunday Mass Schedule,https://www.archdpdx.org/parishfinder
Saint Agatha Catholic Church,"Portland, OR",,Archdiocese of Portland in Oregon,Sunday Mass Schedule,https://www.archdpdx.org/parishfinder
St Mary Catholic Parish,"Mt Angel, OR",https://stmarymtangel.org/,Archdiocese of Portland in Oregon,Sunday Mass Schedule,https://www.archdpdx.org/parishfinder
St Rita Catholic Church,"Portland, OR",,Archdiocese of Portland in Oregon,Sunday Mass Schedule,https://www.archdpdx.org/parishfinder
St. Anthony's Catholic Church,"Waldport, OR",https://stanthonywaldport.org/,Archdiocese of Portland in Oregon,Sunday Mass Schedule,https://www.archdpdx.org/parishfinder
St. Edward Parish,"10990 NW 313th Ave., North Plains, OR, 97113",https://stedwardnp.org/,Archdiocese of Portland in Oregon,Sunday Mass Schedule,https://www.archdpdx.org/parishfinder
St. Francis of Assisi,"Portland, OR",,Archdiocese of Portland in Oregon,Sunday Mass Schedule,https://www.archdpdx.org/parishfinder
St. Joseph Parish (Salem),"721 Chemeketa St. NE, Salem, OR, 97301",,Archdiocese of Portland in Oregon,Sunday Mass Schedule,https://www.archdpdx.org/parishfinder
St. Mary Catholic Church-Shaw,"Aumsville, OR, 97325",,Archdiocese of Portland in Oregon,Sunday Mass Schedule,https://www.archdpdx.org/parishfinder
St. Vincent de Paul Parish,"1010 Columbia St. NE, Salem, OR, 97301",,Archdiocese of Portland in Oregon,Sunday Mass Schedule,https://www.archdpdx.org/parishfinder
St. Wenceslaus Catholic Church,"Scappoose, OR",https://stwenceslaus-scappoose.com/,Archdiocese of Portland in Oregon,Sunday Mass Schedule,https://www.archdpdx.org/parishfinder
All Saints,"3847 NE Glisan, Portland, OR, 97232",https://allsaintsportland.org/,Archdiocese of Portland in Oregon,.Parishes,https://www.archdpdx.org/parishfinder
All Souls,"1242 NE Spruce Ave., Myrtle Creek, OR, 97457",,Archdiocese of Portland in Oregon,.Parishes,https://www.archdpdx.org/parishfinder
Ascension,"743 SE 76th Ave., Portland, OR, 97215",https://ascensionpdx.org/,Archdiocese of Portland in Oregon,.Parishes,https://www.archdpdx.org/parishfinder
Cathedral of the Immaculate Conception,"1716 N.W. Davis St., Portland, Oregon, 97209-2120",http://www.maryscathedral.com,Archdiocese of Portland in Oregon,.Parishes,https://www.archdpdx.org/parishfinder
Christ the King,"11709 SE Fuller, Milwaukie, OR, 97222",https://ctk.cc/,Archdiocese of Portland in Oregon,.Parishes,https://www.archdpdx.org/parishfinder
Church of the Korean Martyrs,"10840 SE Powell Blvd., Portland, Oregon, 97266",http://kmccp.org/,Archdiocese of Portland in Oregon,.Parishes,https://www.archdpdx.org/parishfinder
Good Shepherd,"127 NE Hill St., Sheridan, OR, 97378",http://stjamesmac.com/goodshepherd/,Archdiocese of Portland in Oregon,.Parishes,https://www.archdpdx.org/parishfinder
Holy Cross,"7455 N. Hodge Ave, Portland, OR, 97203",https://church.holycrosspdx.org/,Archdiocese of Portland in Oregon,.Parishes,https://www.archdpdx.org/parishfinder
Holy Family,"7525 SE Cesar Chavez Blvd., Portland, OR, 97202",https://parish.holyfamilyportland.org/,Archdiocese of Portland in Oregon,.Parishes,https://www.archdpdx.org/parishfinder
Holy Redeemer Parish,"2250 16th St., North Bend, OR, 97459",https://holyredeemernb.org/,Archdiocese of Portland in Oregon,.Parishes,https://www.archdpdx.org/parishfinder
Holy Redeemer Parish,"25 N Rosa Parks Way, Portland, OR, 97217",https://holyredeemerpdxchurch.org/,Archdiocese of Portland in Oregon,.Parishes,https://www.archdpdx.org/parishfinder
Holy Rosary Parish,"375 NE Clackamas St., Portland, Oregon, 97232",http://www.holyrosarypdx.org,Archdiocese of Portland in Oregon,.Parishes,https://www.archdpdx.org/parishfinder
Holy Trinity Parish,"13715 SW Walker Rd, Beaverton, OR, 97005",https://h-t.org/,Archdiocese of Portland in Oregon,.Parishes,https://www.archdpdx.org/parishfinder
Holy Trinity Parish,"355 Oregon Ave., Bandon, OR, 97411",https://holytrinitybandon.org/,Archdiocese of Portland in Oregon,.Parishes,https://www.archdpdx.org/parishfinder
Holy Trinity Parish,"13715 SW Walker Rd, Beaverton, OR, 97005",https://4e7ka.sites.ecatholic.com/,Archdiocese of Portland in Oregon,.Parishes,https://www.archdpdx.org/parishfinder
Immaculate Conception Parish,"1077 N Sixth Ave, Stayton, OR, 97383",http://www.immacstayton.org/,Archdiocese of Portland in Oregon,.Parishes,https://www.archdpdx.org/parishfinder
Immaculate Heart of Mary Parish,"2910 N Williams Ave., Portland, Oregon, 97227",https://immaculateheartchurch.archdpdx.org/,Archdiocese of Portland in Oregon,.Parishes,https://www.archdpdx.org/parishfinder
Nativity of the Blessed Virgin Mary Parish,"315 E. Second St. ""C"", Rainier, OR, 97048",http://nativityofbvm.org/,Archdiocese of Portland in Oregon,.Parishes,https://www.archdpdx.org/parishfinder
Our Lady of Fatima Parish,"56 Williams Lane, Shady Cove, OR, 97539",http://www.fatimacatholic.com/,Archdiocese of Portland in Oregon,.Parishes,https://www.archdpdx.org/parishfinder
Our Lady of Lavang Parish,"11731 SE Stevens Rd, Happy Valley, Oregon, 97086",http://www.gxlavangoregon.com/,Archdiocese of Portland in Oregon,.Parishes,https://www.archdpdx.org/parishfinder
Our Lady of Lourdes Parish,"39043 Jordan Rd., Scio, OR, 97374",,Archdiocese of Portland in Oregon,.Parishes,https://www.archdpdx.org/parishfinder
Our Lady of Perpetual Help,"1025 N. 19th St, Cottage Grove, OR, 97424",https://k74zpa.sites.ecatholic.com/,Archdiocese of Portland in Oregon,.Parishes,https://www.archdpdx.org/parishfinder
Our Lady of Sorrows,"5239 SE Woodstock Blvd, Portland, OR, 97206",https://olspdx.org/,Archdiocese of Portland in Oregon,.Parishes,https://www.archdpdx.org/parishfinder
Our Lady of the Lake Parish,"650 A. Ave., Lake Oswego, OR, 97034",http://www.ollparish.com/,Archdiocese of Portland in Oregon,.Parishes,https://www.archdpdx.org/parishfinder
Our Lady of the Mountain Parish,"987 Hillview Dr., Ashland, OR, 97520",https://ourladymt.org/,Archdiocese of Portland in Oregon,.Parishes,https://www.archdpdx.org/parishfinder
Our Lady of Victory Parish,"120 Oceanway, Seaside, OR, 97138",http://www.ourladyofvictoryseaside.org,Archdiocese of Portland in Oregon,.Parishes,https://www.archdpdx.org/parishfinder
Queen of Peace Parish,"4227 Lone Oak Road SE, Salem, OR, 97302",https://20lla.sites.ecatholic.com/,Archdiocese of Portland in Oregon,.Parishes,https://www.archdpdx.org/parishfinder
Resurrection Parish,"21060 SW Stafford Rd., Tualatin, OR, 97062",http://www.rcparish.org/,Archdiocese of Portland in Oregon,.Parishes,https://www.archdpdx.org/parishfinder
Sacred Heart Parish,"2411 Fifth St., Tillamook, OR, 97141",,Archdiocese of Portland in Oregon,.Parishes,https://www.archdpdx.org/parishfinder
Sacred Heart Parish,"3926 SE 11th Ave., Portland, Oregon, 97202",http://www.sacredheartportland.org,Archdiocese of Portland in Oregon,.Parishes,https://www.archdpdx.org/parishfinder
Sacred Heart Parish,"927 North Coast Hwy., Newport, OR, 97365",http://www.sacredheartnewport.org,Archdiocese of Portland in Oregon,.Parishes,https://www.archdpdx.org/parishfinder
Sacred Heart Parish,"517 W. 10th, Medford, OR, 97501",http://www.sacredheartmedford.org/,Archdiocese of Portland in Oregon,.Parishes,https://www.archdpdx.org/parishfinder
Sacred Heart-St. Louis Parish,"605 Seventh Street, Gervais, OR, 97026",https://shstl.org/,Archdiocese of Portland in Oregon,.Parishes,https://www.archdpdx.org/parishfinder
Shepherd of the Valley,"600 Beebe Rd., Central Point, OR, 97502",https://shepherdcatholic.com/,Archdiocese of Portland in Oregon,.Parishes,https://www.archdpdx.org/parishfinder
St Charles Borromeo Parish,"Portland, OR",https://stcharlespdx.org/,Archdiocese of Portland in Oregon,.Parishes,https://www.archdpdx.org/parishfinder
St Peter Parish,"Newberg, OR, 97132",https://stpeternewbergor.org/,Archdiocese of Portland in Oregon,.Parishes,https://www.archdpdx.org/parishfinder
St. Agatha Parish,"7983 SE 15th Ave, Portland, Oregon, 97202",http://www.stagathaportland.com/,Archdiocese of Portland in Oregon,.Parishes,https://www.archdpdx.org/parishfinder
St. Alexander Parish,"170 N. 10th Ave, Cornelius, OR, 97113",https://stalexandercornelius.org/,Archdiocese of Portland in Oregon,.Parishes,https://www.archdpdx.org/parishfinder
St. Alice Parish,"1520 E Street, Springfield, OR, 97477",https://stalice.org/,Archdiocese of Portland in Oregon,.Parishes,https://www.archdpdx.org/parishfinder
St. Andre Bessette,"601 W. Burnside St., Portland, OR, 97209",https://saintandrebessettepdx.org/,Archdiocese of Portland in Oregon,.Parishes,https://www.archdpdx.org/parishfinder
St. Andrew Parish,"806 NE Alberta St., Portland, Oregon, 97211",http://www.standrewchurch.com,Archdiocese of Portland in Oregon,.Parishes,https://www.archdpdx.org/parishfinder
St. Anne Parish,"1131 NE 10th St., Grants Pass, OR, 97526",http://www.stannegp.com,Archdiocese of Portland in Oregon,.Parishes,https://www.archdpdx.org/parishfinder
St. Anne Parish,"1015 SE 182nd. Ave., Portland, OR, 97233",https://stannechurchingresham.org/,Archdiocese of Portland in Oregon,.Parishes,https://www.archdpdx.org/parishfinder
St. Anthony Parish,"1660 Elm St., Forest Grove, OR, 97116",http://www.safg.org/,Archdiocese of Portland in Oregon,.Parishes,https://www.archdpdx.org/parishfinder
St. Anthony Parish,"685 Broadway, Waldport, OR, 97394",https://stanthonywaldport.org/,Archdiocese of Portland in Oregon,.Parishes,https://www.archdpdx.org/parishfinder
St. Anthony Parish,"3720 SE 79th Ave., Portland, Oregon, 97206",http://www.stanthonypdx.com,Archdiocese of Portland in Oregon,.Parishes,https://www.archdpdx.org/parishfinder
St. Anthony Parish,"9905 SW McKenzie St., Tigard, OR, 97223",http://www.satigard.org/,Archdiocese of Portland in Oregon,.Parishes,https://www.archdpdx.org/parishfinder
St. Augustine Parish,"1139 NW Hwy 101, Lincoln City, OR, 97367",https://staugustinelincolncity.com/,Archdiocese of Portland in Oregon,.Parishes,https://www.archdpdx.org/parishfinder
St. Bernard Parish,"38810 Cherry St., Scio, OR, 97374",,Archdiocese of Portland in Oregon,.Parishes,https://www.archdpdx.org/parishfinder
St. Birgitta Parish,"11820 NW St. Helens Road, Portland, OR, 97231",https://www.stbirgittapdx.com/,Archdiocese of Portland in Oregon,.Parishes,https://www.archdpdx.org/parishfinder
St. Boniface Catholic Parish,"375 SE Church St, Sublimity, OR, 97385",https://saintboniface.net/,Archdiocese of Portland in Oregon,.Parishes,https://www.archdpdx.org/parishfinder
St. Catherine of Siena Parish,"25181 E. Broadway, Veneta, OR, 97487",https://stcveneta.com/,Archdiocese of Portland in Oregon,.Parishes,https://www.archdpdx.org/parishfinder
St. Cecilia Parish,"5105 SW Franklin Ave, Beaverton, OR, 97005",https://stceciliachurch.org/,Archdiocese of Portland in Oregon,.Parishes,https://www.archdpdx.org/parishfinder
St. Charles Parish,"5310 NE 42nd Ave., Portland, Oregon, 97218",http://www.stcharlespdx.org,Archdiocese of Portland in Oregon,.Parishes,https://www.archdpdx.org/parishfinder
St. Clare Parish,"8535 SW 19th Ave., Portland, Oregon, 97219",http://www.saintclarechurch.org,Archdiocese of Portland in Oregon,.Parishes,https://www.archdpdx.org/parishfinder
St. Cyril Parish,"9205 SW Fifth St., Wilsonville, OR, 97070",https://stcyrilparish.org/,Archdiocese of Portland in Oregon,.Parishes,https://www.archdpdx.org/parishfinder
St. Edward Parish,"100 Main St., Lebanon, OR, 97355",http://stedwardlebanon.org/,Archdiocese of Portland in Oregon,.Parishes,https://www.archdpdx.org/parishfinder
St. Edward Parish,"5303 River Rd. N., Keizer, OR, 97303",http://www.sainteds.com/,Archdiocese of Portland in Oregon,.Parishes,https://www.archdpdx.org/parishfinder
St. Edward Parish,"10990 NW 313th Ave, North Plains, OR, 97133",,Archdiocese of Portland in Oregon,.Parishes,https://www.archdpdx.org/parishfinder
St. Elizabeth Ann Seton Parish,"3145 SW 192nd, Aloha, OR, 97006",https://seas-aloha.org/,Archdiocese of Portland in Oregon,.Parishes,https://www.archdpdx.org/parishfinder
St. Elizabeth of Hungary Parish,"4112 SW Sixth Ave. Dr., Portland, Oregon, 97239",http://stelizabethportland.net/,Archdiocese of Portland in Oregon,.Parishes,https://www.archdpdx.org/parishfinder
St. Francis of Assisi Parish,"15651 SW Oregon St, Sherwood, OR, 97140",https://stfrancissherwood.org/,Archdiocese of Portland in Oregon,.Parishes,https://www.archdpdx.org/parishfinder
St. Francis of Assisi Parish,"39135 NW Harrington Rd, Banks, OR, 97106",https://sfaroyparish.org/,Archdiocese of Portland in Oregon,.Parishes,https://www.archdpdx.org/parishfinder
St. Francis of Assisi Parish,"1131 SE Oak St., Portland, Oregon, 97214",http://www.stfrancispdx.org,Archdiocese of Portland in Oregon,.Parishes,https://www.archdpdx.org/parishfinder
St. Francis Xavier Parish,"323 N. Comstock Rd, Sutherlin, OR, 97479",https://sjfx-church.org/,Archdiocese of Portland in Oregon,.Parishes,https://www.archdpdx.org/parishfinder
St. Frederic Catholic Parish,"175 South 13th Street , St. Helens, OR, 97051",https://stfredericchurch.org/,Archdiocese of Portland in Oregon,.Parishes,https://www.archdpdx.org/parishfinder
St. Helen Catholic Parish,"600 Fifth Ave., Sweet Home, OR, 97386",https://sweethomecatholicchurch.com/,Archdiocese of Portland in Oregon,.Parishes,https://www.archdpdx.org/parishfinder
St. Helen Parish,"1350 W. Sixth Ave., Junction City, OR, 97448",https://www.strosesthelen.org/,Archdiocese of Portland in Oregon,.Parishes,https://www.archdpdx.org/parishfinder
St. Henry Catholic Parish,"346 NW First Street, Gresham, OR, 97030-7220",https://sthenrygresham.org/,Archdiocese of Portland in Oregon,.Parishes,https://www.archdpdx.org/parishfinder
St. Ignatius Parish,"3400 SE 43rd St., Portland, Oregon, 97206",https://www.sipdx.org,Archdiocese of Portland in Oregon,.Parishes,https://www.archdpdx.org/parishfinder
St. James Parish,"301 Frances St., Molalla, OR, 97038",http://www.stjamesmolalla.org/,Archdiocese of Portland in Oregon,.Parishes,https://www.archdpdx.org/parishfinder
St. James Parish,"1145 NE First St., McMinnville, OR, 97128",http://www.stjamesmac.com/,Archdiocese of Portland in Oregon,.Parishes,https://www.archdpdx.org/parishfinder
St. John Fisher Catholic Church,"Portland, OR",https://johnfisher.org/,Archdiocese of Portland in Oregon,.Parishes,https://www.archdpdx.org/parishfinder
St. John Fisher Parish,"4567 SW Nevada St., Portland, OR, 97219",http://www.johnfisher.org/,Archdiocese of Portland in Oregon,.Parishes,https://www.archdpdx.org/parishfinder
St. John Parish,"445 N. Maple St., Yamhill, OR, 97148",https://stjohnyamhill.org/,Archdiocese of Portland in Oregon,.Parishes,https://www.archdpdx.org/parishfinder
St. John the Apostle Parish,"417 Washington St., Oregon City, OR, 97045",http://www.sja-catholicchurch.com/,Archdiocese of Portland in Oregon,.Parishes,https://www.archdpdx.org/parishfinder
St. John the Apostle Parish,"12 Saint John's Way, Reedsport, OR, 97467",,Archdiocese of Portland in Oregon,.Parishes,https://www.archdpdx.org/parishfinder
St. John the Baptist Parish,"10956 SE 25th Ave, Milwaukie, OR, 97222",https://sjbcatholicchurch.org/,Archdiocese of Portland in Oregon,.Parishes,https://www.archdpdx.org/parishfinder
St. Joseph Parish,"721 Chemeketa St. NE, Salem, Oregon, 97301",http://www.stjosephchurch.com,Archdiocese of Portland in Oregon,.Parishes,https://www.archdpdx.org/parishfinder
St. Joseph Parish,"800 W. Stanton St, Roseburg, OR, 97471",https://x7j9a.sites.ecatholic.com/,Archdiocese of Portland in Oregon,.Parishes,https://www.archdpdx.org/parishfinder
St. Joseph the Worker Parish,"2310 SE 148th Ave., Portland, OR, 97233",https://stjosephtheworkerpdx.org/,Archdiocese of Portland in Oregon,.Parishes,https://www.archdpdx.org/parishfinder
St. Juan Diego Parish,"5995 NW 178th Ave., Portland, Oregon, 97229",http://www.stjuandiego.org,Archdiocese of Portland in Oregon,.Parishes,https://www.archdpdx.org/parishfinder
St. Jude Catholic Church,,https://stjudeeugene.org/,Archdiocese of Portland in Oregon,.Parishes,https://www.archdpdx.org/parishfinder
St. Jude Parish,"4330 Willamette St., Eugene, OR, 97405",,Archdiocese of Portland in Oregon,.Parishes,https://www.archdpdx.org/parishfinder
St. Luke Parish,"417 Harrison St, Woodburn, Oregon, 97071",https://www.stlukewoodburn.net/,Archdiocese of Portland in Oregon,.Parishes,https://www.archdpdx.org/parishfinder
St. Mary by the Sea Parish,"275 S. Pacific St., Rockaway, OR, 97136",,Archdiocese of Portland in Oregon,.Parishes,https://www.archdpdx.org/parishfinder
St. Mary Magdalene Parish,"3123 NE 24th Ave., Portland, Oregon, 97212",http://www.themadeleine.edu,Archdiocese of Portland in Oregon,.Parishes,https://www.archdpdx.org/parishfinder
St. Mary Parish,"1062 Charnelton St., Eugene, OR, 97401",http://www.stmaryeugene.com/,Archdiocese of Portland in Oregon,.Parishes,https://www.archdpdx.org/parishfinder
St. Mary Parish,"501 NW 25th St., Corvallis, OR, 97330",http://www.stmarycorvallis.org,Archdiocese of Portland in Oregon,.Parishes,https://www.archdpdx.org/parishfinder
St. Mary Parish,"575 E. College St., Mt. Angel, OR, 97362",http://www.stmarymtangel.org/,Archdiocese of Portland in Oregon,.Parishes,https://www.archdpdx.org/parishfinder
St. Mary Parish,"9168 Silver Falls Hwy, SE, Aumsville, OR, 97325",https://www.stmaryshaw.com/,Archdiocese of Portland in Oregon,.Parishes,https://www.archdpdx.org/parishfinder
St. Mary Parish,"960 Missouri Ave., Vernonia, OR, 97064",,Archdiocese of Portland in Oregon,.Parishes,https://www.archdpdx.org/parishfinder
St. Mary Star of the Sea Parish,"1465 Grand Ave., Astoria, OR, 97103",http://www.stmaryastoria.com/,Archdiocese of Portland in Oregon,.Parishes,https://www.archdpdx.org/parishfinder
"St. Mary, Our Lady of Perpetual Help","822 Ellsworth St. SW, Albany, OR, 97321",http://www.stmarysalbany.com/,Archdiocese of Portland in Oregon,.Parishes,https://www.archdpdx.org/parishfinder
"St. Mary, Our Lady of the Dunes","85060 Hwy 101 S., Florence, OR, 97439",https://ourladyofthedunes.org/,Archdiocese of Portland in Oregon,.Parishes,https://www.archdpdx.org/parishfinder
St. Matthew Parish,"475 SE Third Ave., Hillsboro, OR, 97123",http://www.stmatthewhillsboro.org/,Archdiocese of Portland in Oregon,.Parishes,https://www.archdpdx.org/parishfinder
St. Michael Parish,"76387 Crestview St., Oakridge, OR, 97463",,Archdiocese of Portland in Oregon,.Parishes,https://www.archdpdx.org/parishfinder
St. Michael Parish,"48520 Hebo Rd, Grand Ronde, OR, 97347",http://stjamesmac.com/stmichael/,Archdiocese of Portland in Oregon,.Parishes,https://www.archdpdx.org/parishfinder
St. Michael the Archangel Parish,"18090 SE Langensand Rd., Sandy, OR, 97055",http://www.stmichaelsandy.org/,Archdiocese of Portland in Oregon,.Parishes,https://www.archdpdx.org/parishfinder
St. Michael the Archangel Parish,"1701 SW Fourth Ave, Portland, OR, 97201",https://www.stmichaelportland.org/,Archdiocese of Portland in Oregon,.Parishes,https://www.archdpdx.org/parishfinder
St. Monica Parish,"357 S 6th St, Coos Bay, OR, 97420",https://stmonicacb.org/,Archdiocese of Portland in Oregon,.Parishes,https://www.archdpdx.org/parishfinder
St. Patrick Parish,"1623 NW 19th Ave., Portland, Oregon, 97209",http://www.stpatrickpdx.org,Archdiocese of Portland in Oregon,.Parishes,https://www.archdpdx.org/parishfinder
St. Patrick Parish,"1275 E. Street, Independence, OR, 97351",https://stpatrickindependence.org/,Archdiocese of Portland in Oregon,.Parishes,https://www.archdpdx.org/parishfinder
St. Patrick Parish,"498 NW Ninth Ave, Canby, OR, 97013",https://stpatcanby.org/,Archdiocese of Portland in Oregon,.Parishes,https://www.archdpdx.org/parishfinder
St. Paul Parish,"1201 Satre Street, Eugene, OR, 97401",https://saintpaulparish.com/,Archdiocese of Portland in Oregon,.Parishes,https://www.archdpdx.org/parishfinder
St. Paul Parish,"20217 Christie St. NE, St. Paul, OR, 97137",,Archdiocese of Portland in Oregon,.Parishes,https://www.archdpdx.org/parishfinder
St. Paul Parish,"1410 Pine St., Silverton, OR, 97381",https://stpaulsilverton.com/,Archdiocese of Portland in Oregon,.Parishes,https://www.archdpdx.org/parishfinder
St. Peter & St. Mark Parish,"1760 Echo Hollow Rd, Eugene, OR, 97402",https://stpeterstmarkeugene.org/,Archdiocese of Portland in Oregon,.Parishes,https://www.archdpdx.org/parishfinder
St. Peter Parish,"1150 Maxwell Rd, Eugene, OR, 97404",http://www.stpetereugene.org/,Archdiocese of Portland in Oregon,.Parishes,https://www.archdpdx.org/parishfinder
St. Peter Parish,"5905 SE 87th Ave, Portland, OR, 97266",https://stpeterpdx.org/,Archdiocese of Portland in Oregon,.Parishes,https://www.archdpdx.org/parishfinder
St. Peter Parish,"2315 N. Main St., Newberg, OR, 97132",http://stpeternewbergor.org,Archdiocese of Portland in Oregon,.Parishes,https://www.archdpdx.org/parishfinder
St. Philip Benizi Parish,"18211 S. Henrici Rd., Oregon City, OR, 97045",http://www.philipbenizi.com,Archdiocese of Portland in Oregon,.Parishes,https://www.archdpdx.org/parishfinder
St. Philip Neri Parish,"2408 SE 16th Ave., Portland, OR, 97214",http://www.stphilipneripdx.org,Archdiocese of Portland in Oregon,.Parishes,https://www.archdpdx.org/parishfinder
St. Philip Parish,"825 SW Mill St., Dallas, OR, 97338",https://stphilorg.org/,Archdiocese of Portland in Oregon,.Parishes,https://www.archdpdx.org/parishfinder
St. Pius X Parish,"1280 NW Saltzman Rd., Portland, Oregon, 97229",http://www.stpius.org,Archdiocese of Portland in Oregon,.Parishes,https://www.archdpdx.org/parishfinder
St. Rita Parish,"10029 NE Prescott, Portland, OR, 97220",http://www.stritapdx.org,Archdiocese of Portland in Oregon,.Parishes,https://www.archdpdx.org/parishfinder
St. Rose of Lima Church,"2727 NE 54th Ave., Portland, OR, 97213",https://strosepdxparish.org/,Archdiocese of Portland in Oregon,.Parishes,https://www.archdpdx.org/parishfinder
St. Rose of Lima Parish,"470 S. Fifth St., Monroe, OR, 97456",,Archdiocese of Portland in Oregon,.Parishes,https://www.archdpdx.org/parishfinder
St. Stanislaus Parish,"3916 N Interstate Ave., Portland, OR, 97227",http://www.ststanislausparish.com,Archdiocese of Portland in Oregon,.Parishes,https://www.archdpdx.org/parishfinder
St. Stephen Parish,"1112 SE 41st Ave., Portland, OR, 97214",http://www.saintstephenpdx.com,Archdiocese of Portland in Oregon,.Parishes,https://www.archdpdx.org/parishfinder
St. Therese Parish,"1260 NE 132 Ave., Portland, OR, 97230",http://www.stthereseor.org/,Archdiocese of Portland in Oregon,.Parishes,https://www.archdpdx.org/parishfinder
St. Thomas More Newman Center,"1850 Emerald, Eugene, OR, 97403",http://www.uonewman.org/,Archdiocese of Portland in Oregon,.Parishes,https://www.archdpdx.org/parishfinder
St. Thomas More Parish,"3525 SW Patton Rd., Portland, OR, 97221",http://www.stmpdx.org/,Archdiocese of Portland in Oregon,.Parishes,https://www.archdpdx.org/parishfinder
St. Vincent De Paul Parish,"1010 Columbia St. NE, Salem, OR, 97301",https://www.svdpchurchsalem.org/,Archdiocese of Portland in Oregon,.Parishes,https://www.archdpdx.org/parishfinder
St. Wenceslaus Parish,"51555 Old Portland Rd., Scappoose, OR, 97056",http://www.stwenceslaus-scappoose.com/,Archdiocese of Portland in Oregon,.Parishes,https://www.archdpdx.org/parishfinder
Star of the Sea Parish,"820 Old County Rd., Brookings, OR, 97415",https://staroftheseastcharles.org/,Archdiocese of Portland in Oregon,.Parishes,https://www.archdpdx.org/parishfinder
Visitation Parish,"4285 Visitation Rd, Forest Grove, OR, 97116",https://5qd1oa.sites.ecatholic.com/,Archdiocese of Portland in Oregon,.Parishes,https://www.archdpdx.org/parishfinder
Holy Family Mission,"243 Marshall Ave., Glendale, OR, 97442",,Archdiocese of Portland in Oregon,Missions,https://www.archdpdx.org/parishfinder
Holy Name Catholic Church,"50 S Dean St., Coquille, OR, 97423",https://holynamecq.org/,Archdiocese of Portland in Oregon,Missions,https://www.archdpdx.org/parishfinder
Holy Trinity Mission,"104 Blakely Ave., Brownsville, OR, 97327",,Archdiocese of Portland in Oregon,Missions,https://www.archdpdx.org/parishfinder
Our Lady of Guadalupe Mission,"231 E Logsden Rd, Siletz, OR, 97380",,Archdiocese of Portland in Oregon,Missions,https://www.archdpdx.org/parishfinder
Our Lady of the River Mission,"3625 N. River Rd, Gold Hill, OR, 97525",http://www.stannegp.com/our-lady-of-the-river,Archdiocese of Portland in Oregon,Missions,https://www.archdpdx.org/parishfinder
San Martin De Porres Mission,"Dayton, OR",https://stmartindayton.org/,Archdiocese of Portland in Oregon,Missions,https://www.archdpdx.org/parishfinder
St. Agnes Mission,"3052 D St, Hubbard, OR, 97032",http://stlukewoodburn.org/saint-agnes-mission,Archdiocese of Portland in Oregon,Missions,https://www.archdpdx.org/parishfinder
St. Aloysius Mission,"3rd Ave. and NW Zobrist St., Estacada, OR, 97503",https://mjaparishescluster.org/contact-st-aloysius,Archdiocese of Portland in Oregon,Missions,https://www.archdpdx.org/parishfinder
St. Andrew Dung-Lac Mission,"7390 SW Grabhorn Road, Aloha, OR, 97007",,Archdiocese of Portland in Oregon,Missions,https://www.archdpdx.org/parishfinder
St. Catherine of Siena Mission,"716 S. First Ave., Mill City, OR, 97360",https://immacstayton.org/st-catherine-of-siena,Archdiocese of Portland in Oregon,Missions,https://www.archdpdx.org/parishfinder
St. Charles Borromeo Mission,"94323 Guantlett St., Gold Beach, OR, 97444",,Archdiocese of Portland in Oregon,Missions,https://www.archdpdx.org/parishfinder
St. Francis de Sales Mission,"867 Fifth Ave., Hammond, OR, 97103",http://www.stmaryastoria.com/,Archdiocese of Portland in Oregon,Missions,https://www.archdpdx.org/parishfinder
St. Henry Mission,"38925 Dexter Rd., Dexter, OR, 97431",,Archdiocese of Portland in Oregon,Missions,https://www.archdpdx.org/parishfinder
St. John Mission,"24905 Woodsey Way, Welches, OR, 97067",http://www.stjohnwelches.org,Archdiocese of Portland in Oregon,Missions,https://www.archdpdx.org/parishfinder
St. John the Baptist Mission,"1476 Oregon St., Port Orford, OR, 97465",http://www.holytrinitybandon.org/stjohns.html,Archdiocese of Portland in Oregon,Missions,https://www.archdpdx.org/parishfinder
St. John the Baptist Mission,"100 SW High Street, Clatskanie, OR, 97016",http://stjohnclatskanie.org/,Archdiocese of Portland in Oregon,Missions,https://www.archdpdx.org/parishfinder
St. Joseph Mission,"34560 Parkway Dr., Cloverdale, OR, 97112",,Archdiocese of Portland in Oregon,Missions,https://www.archdpdx.org/parishfinder
St. Patrick Mission,"362 7th St, Lyons, OR, 97358",,Archdiocese of Portland in Oregon,Missions,https://www.archdpdx.org/parishfinder
St. Patrick of the Forest Mission,"407 W. River St., Cave Junction, OR, 97523",http://www.stpatrickoftheforest.com/,Archdiocese of Portland in Oregon,Missions,https://www.archdpdx.org/parishfinder
St. Peter the Fisherman Mission,"79441 Hwy 101, Arch Cape, OR, 97102",http://ourladyofvictoryseaside.org,Archdiocese of Portland in Oregon,Missions,https://www.archdpdx.org/parishfinder
St. Thomas Mission St. Bernard,"647 Third St., Jefferson, OR, 97374",,Archdiocese of Portland in Oregon,Missions,https://www.archdpdx.org/parishfinder
Sts. Ann & Michael Mission,"209 Second St., Myrtle Point, OR, 97458",,Archdiocese of Portland in Oregon,Missions,https://www.archdpdx.org/parishfinder
Natitivity of the Mother of God (Ukranian Rite),"704 Aspen St., Springfield, OR, 97477",http://www.nativityukr.org,Archdiocese of Portland in Oregon,Other,https://www.archdpdx.org/parishfinder
St. Irene (Byzantine Rite),"4630 N. Maryland Ave., Portland, OR, 97056",http://www.saintirene.org/,Archdiocese of Portland in Oregon,Other,https://www.archdpdx.org/parishfinder
St. Sharbel (Maronite Rite),"1804 SE 16th Ave., Portland, Oregon, 97214",https://www.stsharbel.org/,Archdiocese of Portland in Oregon,Other,https://www.archdpdx.org/parishfinder
The Grotto (Natl. Sanctuary of Our Sorrowful Mother),"8840 NE Skidmore St., Portland, OR, 97220",https://thegrotto.org/,Archdiocese of Portland in Oregon,Other,https://www.archdpdx.org/parishfinder
Adel - St. Richard Catholic Church,"12 N G Street, OR",http://stpatricklakeview.com/contact.php,Diocese of Baker,City: A-F,https://dioceseofbaker.org/parishfinder
Arlington - St. Francis Catholic Church,"1275 Main St , Arlington, OR, 97812",,Diocese of Baker,City: A-F,https://dioceseofbaker.org/parishfinder
Arock - Holy Family Catholic Church,OR,,Diocese of Baker,City: A-F,https://dioceseofbaker.org/parishfinder
Athena - Sacred Heart Catholic Church,"5th and College, OR",,Diocese of Baker,City: A-F,https://dioceseofbaker.org/parishfinder
Baker City - St. Francis de Sales Cathedral,"2235 First St, OR, 97814",http://www.saintfranciscathedral.com/,Diocese of Baker,City: A-F,https://dioceseofbaker.org/parishfinder
Bend - St. Francis of Assisi Catholic Church,"2450 NE 27th St, OR, 97701",http://www.stfrancisbend.org/,Diocese of Baker,City: A-F,https://dioceseofbaker.org/parishfinder
Bly - St. James Catholic Church,OR,,Diocese of Baker,City: A-F,https://dioceseofbaker.org/parishfinder
Boardman - Our Lady of Guadalupe Catholic Church,"78922 Olson Rd, OR, 97818",,Diocese of Baker,City: A-F,https://dioceseofbaker.org/parishfinder
Bonanza - St. Frances Cabrini Catholic Church,"31400 Hwy 70, OR, 97633",,Diocese of Baker,City: A-F,https://dioceseofbaker.org/parishfinder
Burns - Holy Family Catholic Church,"678 N Egan Ave, OR, 97720",http://jmjparish.org,Diocese of Baker,City: A-F,https://dioceseofbaker.org/parishfinder
Chiloquin - Our Lady of Mount Carmel Catholic Church,"503 W Chocktoot St, OR, 97624",,Diocese of Baker,City: A-F,https://dioceseofbaker.org/parishfinder
Condon - St. John Catholic Church,"412 W Walnut St, OR, 97823",http://stjohncondon.org/,Diocese of Baker,City: A-F,https://dioceseofbaker.org/parishfinder
Crane - St. Thomas Aquinas Catholic Church,"64302 Main Street, OR, 97732",,Diocese of Baker,City: A-F,https://dioceseofbaker.org/parishfinder
Drewsey - Our Lady of Loretto Catholic Church,"78884 Drewsey Road, OR, 97904",,Diocese of Baker,City: A-F,https://dioceseofbaker.org/parishfinder
Dufur - St. Alphonsus Catholic Church,"425 NE 2nd Street, OR, 97021",,Diocese of Baker,City: A-F,https://dioceseofbaker.org/parishfinder
Elgin - St. Mary Catholic Church,"12th and Alder, OR, 97827",,Diocese of Baker,City: A-F,https://dioceseofbaker.org/parishfinder
Enterprise - St. Katherine of Siena Catholic Church,"301 E Garfield St, OR, 97828",http://www.stkatherineenterprise.org/,Diocese of Baker,City: A-F,https://dioceseofbaker.org/parishfinder
Fort Rock/Christmas Valley - Holy Family Catholic Church,"57255 Fort Rock Road, OR",,Diocese of Baker,City: A-F,https://dioceseofbaker.org/parishfinder
Fossil - St. Catherine Catholic Church,"675 Washington St, Fossil, OR, 97830",,Diocese of Baker,City: A-F,https://dioceseofbaker.org/parishfinder
Gilchrist - Our Lady of the Snows Catholic Church,"120 Mississippi Drive, OR, 97739",,Diocese of Baker,G-L,https://dioceseofbaker.org/parishfinder
Grass Valley - St. John the Baptist Catholic Church,"402 N. Mills St. , OR, 97029",,Diocese of Baker,G-L,https://dioceseofbaker.org/parishfinder
Halfway - St. Thérèse of Lisieux Catholic Church,"135 Bell St, OR, 97834",,Diocese of Baker,G-L,https://dioceseofbaker.org/parishfinder
Heppner - St. Patrick Catholic Church,"525 Gale St, OR, 97836",http://www.saintpatschurch.com/,Diocese of Baker,G-L,https://dioceseofbaker.org/parishfinder
Hermiston - Our Lady of Angels Catholic Church,"565 W Hermiston Ave, OR, 97838",http://www.ourladyofangelscc.org/,Diocese of Baker,G-L,https://dioceseofbaker.org/parishfinder
Hood River - St. Mary Catholic Church,"1501 Belmont, OR, 97031",http://www.stmaryshr.org/,Diocese of Baker,G-L,https://dioceseofbaker.org/parishfinder
Ione - St. William Catholic Church,"110 Main St, OR, 97843",,Diocese of Baker,G-L,https://dioceseofbaker.org/parishfinder
John Day - St. Elizabeth of Hungary Catholic Church,"111 SW 2nd Avenue (East entrance has handicap access), OR, 97845",,Diocese of Baker,G-L,https://dioceseofbaker.org/parishfinder
Jordan Valley - St. Bernard Catholic Church,"208 Yturri Blvd, OR, 97910",,Diocese of Baker,G-L,https://dioceseofbaker.org/parishfinder
Juntura - St Charles Catholic Church,"2103 Gibbon Street, OR, 97911",,Diocese of Baker,G-L,https://dioceseofbaker.org/parishfinder
Klamath Falls - Sacred Heart Catholic Church,"815 High St., OR, 97601",http://www.sacredheartkf.org/,Diocese of Baker,G-L,https://dioceseofbaker.org/parishfinder
Klamath Falls - St. Pius X Catholic Church,"4880 Bristol Ave, OR, 97603",http://www.piusxkf.com/,Diocese of Baker,G-L,https://dioceseofbaker.org/parishfinder
La Grande - Our Lady of the Valley Catholic Church,"1002 L Ave, OR, 97850",http://www.olvcatholic.org/,Diocese of Baker,G-L,https://dioceseofbaker.org/parishfinder
La Pine - Holy Redeemer Catholic Church,"16137 Burgess Rd, OR, 97739",http://www.holyredeemerparish.net/,Diocese of Baker,G-L,https://dioceseofbaker.org/parishfinder
Lakeview - St. Patrick Catholic Church,"Corner of Center and “G” streets 12 N G St, OR, 97630",,Diocese of Baker,G-L,https://dioceseofbaker.org/parishfinder
Madras - St. Patrick Catholic Church,"341 SW J St (​​​​​​​Corner of Madison and J streets), OR, 97741",https://stpatmadras.com/,Diocese of Baker,M-R,https://dioceseofbaker.org/parishfinder
Merrill - St. Augustine Catholic Church,"905 E Front St, OR, 97633",,Diocese of Baker,M-R,https://dioceseofbaker.org/parishfinder
Milton-Freewater - St. Francis of Assisi Catholic Church,"925 Vining St, OR, 97862",,Diocese of Baker,M-R,https://dioceseofbaker.org/parishfinder
Monument - St. Anne Catholic Church,OR,,Diocese of Baker,M-R,https://dioceseofbaker.org/parishfinder
North Powder - St. Anthony Catholic Church,"500 E Street, OR, 97867",,Diocese of Baker,M-R,https://dioceseofbaker.org/parishfinder
Nyssa - St. Bridget of Kildare Catholic Church,"504 Locust Ave, OR, 97913",,Diocese of Baker,M-R,https://dioceseofbaker.org/parishfinder
Ontario - Blessed Sacrament Catholic Church,"829 SW Second Avenue, OR, 97914-2695",http://www.blessedsacramentontario.org/,Diocese of Baker,M-R,https://dioceseofbaker.org/parishfinder
Paisley - St. John Catholic Church,OR,,Diocese of Baker,M-R,https://dioceseofbaker.org/parishfinder
Pendleton - St. Andrew's Mission (Umatilla Indian Reservation),"48022 St. Andrew’s Rd, OR, 97801",,Diocese of Baker,M-R,https://dioceseofbaker.org/parishfinder
Pendleton - St. Mary Catholic Church,"800 SE Court Ave, OR, 97801",http://www.stmaryspendleton.com,Diocese of Baker,M-R,https://dioceseofbaker.org/parishfinder
Pilot Rock - St. Helen Catholic Church,"740 SW Birch, OR, 97868",,Diocese of Baker,M-R,https://dioceseofbaker.org/parishfinder
Plush - St. Thomas Catholic Church,OR,,Diocese of Baker,M-R,https://dioceseofbaker.org/parishfinder
Prineville - St. Joseph Catholic Church,"150 E First (First and Main), OR, 97754",http://www.stjosephsprineville.org/,Diocese of Baker,M-R,https://dioceseofbaker.org/parishfinder
Redmond - St. Thomas the Apostle Catholic Church,"1720 NW 19th St, OR, 97756",http://www.stthomasredmond.com/,Diocese of Baker,M-R,https://dioceseofbaker.org/parishfinder
Sisters - St. Edward the Martyr Catholic Church,"123 Trinity Way, OR, 97759",http://www.stedwardsisters.org/,Diocese of Baker,S-Z,https://dioceseofbaker.org/parishfinder
Sunriver - Holy Trinity Catholic Church,"18160 Cottonwood #763, OR, 97707",,Diocese of Baker,S-Z,https://dioceseofbaker.org/parishfinder
The Dalles - St. Peter Catholic Church,"1222 West 10th St (West 10th and Cherry Heights), OR, 97058",https://www.stpeterstd.org/,Diocese of Baker,S-Z,https://dioceseofbaker.org/parishfinder
Union - Sacred Heart Catholic Church,"340 S 10th Avenue, OR, 97883",,Diocese of Baker,S-Z,https://dioceseofbaker.org/parishfinder
Unity - St. Joseph Catholic Church,"PO Box J, OR, 97918",,Diocese of Baker,S-Z,https://dioceseofbaker.org/parishfinder
Vale - St. Patrick Catholic Church,"690 A St W, OR, 97918",,Diocese of Baker,S-Z,https://dioceseofbaker.org/parishfinder
Wallowa - St. Pius X Catholic Church,"407 S Pine, OR, 97885",,Diocese of Baker,S-Z,https://dioceseofbaker.org/parishfinder
Warm Springs - St. Katerie Tekakwitha Catholic Church (Native American Ministry),OR,,Diocese of Baker,S-Z,https://dioceseofbaker.org/parishfinder
Wasco - St. Mary Catholic Church,"807 Barnett St, OR, 97065",,Diocese of Baker,S-Z,https://dioceseofbaker.org/parishfinder
*Away from home? Find a Catholic Mass near you - https://masstimes.org/,,,Diocese of Providence,Sunday Mass Schedule,https://www.dioceseofprovidence.org/parishfinder
"*Please contact each parish directly for updated Holy Mass times, etc. Click for more.",,,Diocese of Providence,Sunday Mass Schedule,https://www.dioceseofprovidence.org/parishfinder
*Please email any updates for the parish listings below to [email protected] . Thank you!,,,Diocese of Providence,Sunday Mass Schedule,https://www.dioceseofprovidence.org/parishfinder
"*Please note: Sacramental Records (i.e., baptismal and marriage certificates) are maintained at the individual parishes and not in the diocesan Archives. Contact the parish directly for more. Parish info below.",,,Diocese of Providence,Sunday Mass Schedule,https://www.dioceseofprovidence.org/parishfinder
All Saints (permanently closed),"323 Rathburn St., Woonsocket, RI, 02895-3398",https://www.stjosephwoonsocket.com/,Diocese of Providence,Sunday Mass Schedule,https://www.dioceseofprovidence.org/parishfinder
Assumption of the Blessed Virgin Mary,"791 Potters Ave., Providence, RI, 02907-3066",http://assumptionparishpro.faith,Diocese of Providence,Sunday Mass Schedule,https://www.dioceseofprovidence.org/parishfinder
Blessed Sacrament,"179 Academy Ave., Providence, RI, 02908-4530",http://www.blessedsacramentpvd.org,Diocese of Providence,Sunday Mass Schedule,https://www.dioceseofprovidence.org/parishfinder
Cathedral of SS. Peter and Paul,"Cathedral Square, Providence, RI, 02903-3603",http://www.providencecathedral.org,Diocese of Providence,Sunday Mass Schedule,https://www.dioceseofprovidence.org/parishfinder
Christ the King,"180 Old North Rd., South Kingstown, RI, 02881-1415",http://www.ctkri.org,Diocese of Providence,Sunday Mass Schedule,https://www.dioceseofprovidence.org/parishfinder
Christ the King,"124 Legris Ave., West Warwick, RI, 02893-2944",http://www.ctkwwri.org,Diocese of Providence,Sunday Mass Schedule,https://www.dioceseofprovidence.org/parishfinder
Holy Angels,"341 Maple Ave., Barrington, RI, 02806-3419",https://www.holyangelschurchri.org/,Diocese of Providence,Sunday Mass Schedule,https://www.dioceseofprovidence.org/parishfinder
Holy Apostles Church,"800 Pippin Orchard Rd., Cranston, RI, 02921-3603",http://www.holyapostles.com,Diocese of Providence,Sunday Mass Schedule,https://www.dioceseofprovidence.org/parishfinder
Holy Cross (closed),"645 Hartford Ave., Providence, RI, 02909-5717",http://www.sainthomaschurchofprovidenceri.com/,Diocese of Providence,Sunday Mass Schedule,https://www.dioceseofprovidence.org/parishfinder
"Holy Family (church building is a mission of Holy Trinity, Woonsocket)","414 South Main St., Woonsocket, RI, 02895-5193",https://www.holytrinityri.com/,Diocese of Providence,Sunday Mass Schedule,https://www.dioceseofprovidence.org/parishfinder
"Holy Family (merged into St. John Paul II Parish, Pawtucket)","195 Walcott St., Pawtucket, RI, 02860-3228",http://www.saintjohnpaulri.com,Diocese of Providence,Sunday Mass Schedule,https://www.dioceseofprovidence.org/parishfinder
Holy Ghost,"1 Knight St., Providence, RI, 02909-1047",http://www.holy-ghost-church.org,Diocese of Providence,Sunday Mass Schedule,https://www.dioceseofprovidence.org/parishfinder
Holy Ghost,"311 East Hooper St., Tiverton, RI, 02878-1209",http://www.HolyGhostCC.org,Diocese of Providence,Sunday Mass Schedule,https://www.dioceseofprovidence.org/parishfinder
Holy Name of Jesus,"99 Camp St., Providence, RI, 02906-1740",http://www.holynameprovidence.org,Diocese of Providence,Sunday Mass Schedule,https://www.dioceseofprovidence.org/parishfinder
Holy Spirit Parish,"1030 Dexter St., Central Falls, RI, 02863-1717",https://discovermass.com/church/holy-spirit-central-falls-ri/,Diocese of Providence,Sunday Mass Schedule,https://www.dioceseofprovidence.org/parishfinder
Holy Trinity (CLOSED),"325 Cowden Street, Central Falls, RI",https://discovermass.com/church/holy-spirit-central-falls-ri/,Diocese of Providence,Sunday Mass Schedule,https://www.dioceseofprovidence.org/parishfinder
"Holy Trinity (formerly Our Lady, Queen of Martyrs)","1371 Park Ave., Woonsocket, RI, 02895-6597",https://www.holytrinityri.com/,Diocese of Providence,Sunday Mass Schedule,https://www.dioceseofprovidence.org/parishfinder
Immaculate Conception,"111 High St., Westerly, RI, 02891-1822",http://www.immcon.org,Diocese of Providence,Sunday Mass Schedule,https://www.dioceseofprovidence.org/parishfinder
Immaculate Conception,"237 Garden Hills Dr, Cranston, RI, 02920-3429",http://www.iccatholicchurch.com/,Diocese of Providence,Sunday Mass Schedule,https://www.dioceseofprovidence.org/parishfinder
Immaculate Heart of Mary,"291 High St., Pawtucket, RI, 02863-3118","http://masstimes.org/map?lat=41.878711&lng=-71.38255579999998&SearchQueryTerm=Pawtucket,%20RI,%20USA",Diocese of Providence,Sunday Mass Schedule,https://www.dioceseofprovidence.org/parishfinder
Jesus Saviour,"1 Vernon Ave., Newport, RI, 02840-1431",http://www.jsaviournewportri.org/,Diocese of Providence,,https://www.dioceseofprovidence.org/parishfinder
"Mary, Mother of Mankind","25 Fourth St., North Providence, RI, 02911-1409",http://www.marymotherofmankind.org,Diocese of Providence,,https://www.dioceseofprovidence.org/parishfinder
Notre Dame (CLOSED),"668 Broad Street, Central Falls, RI",https://discovermass.com/church/holy-spirit-central-falls-ri/,Diocese of Providence,,https://www.dioceseofprovidence.org/parishfinder
"Our Lady of Consolation (see Holy Family Parish, Pawtucket)","Sabin St., Pawtucket, Rhode Island",http://www.saintjohnpaulri.com,Diocese of Providence,,https://www.dioceseofprovidence.org/parishfinder
Our Lady of Czenstochowa,"445 Washington St., Coventry, RI, 02816-5464",http://olcsvp.org,Diocese of Providence,,https://www.dioceseofprovidence.org/parishfinder
Our Lady of Fatima,"1 Fatima Drive, Cumberland (Valley Falls), RI, 02864-8229",https://olfchurch.org/index.php/about-us/,Diocese of Providence,,https://www.dioceseofprovidence.org/parishfinder
"Our Lady of Good Counsel (merged into St. Joseph, West Warwick)","60 Pleasant St., West Warwick, RI, 02893-5695",https://stjosephww.org/,Diocese of Providence,,https://www.dioceseofprovidence.org/parishfinder
Our Lady of Good Help & St. Theresa Shrine,"1063 Victory Hwy., Mapleville (Burrillville) , RI, 02839-1183",https://burrillvillecatholic.org/,Diocese of Providence,,https://www.dioceseofprovidence.org/parishfinder
Our Lady of Grace,"4 Lafayette Ave., Johnston, RI, 02919-2712",http://ourladyofgraceri.org,Diocese of Providence,,https://www.dioceseofprovidence.org/parishfinder
Our Lady of Loreto,"346 Waterman Ave., East Providence, RI, 02914-2637",https://ourladyofloretoep.org/,Diocese of Providence,,https://www.dioceseofprovidence.org/parishfinder
Our Lady of Lourdes,"901 Atwells Ave., Providence, RI, 02909-3120","http://masstimes.org/map?lat=41.8239891&lng=-71.41283429999999&SearchQueryTerm=Providence,%20RI,%20USA",Diocese of Providence,,https://www.dioceseofprovidence.org/parishfinder
Our Lady of Mercy,"65 Third St., East Greenwich, RI, 02818-3525",http://www.olmparish.org,Diocese of Providence,,https://www.dioceseofprovidence.org/parishfinder
Our Lady of Mount Carmel,"141 State St., Bristol, RI, 02809-2205",http://www.olmcbristol.org/,Diocese of Providence,,https://www.dioceseofprovidence.org/parishfinder
Our Lady of Mt. Carmel (CLOSED),"472 Atwells Ave., Providence, RI, 02909-1047",http://www.holy-ghost-church.org/,Diocese of Providence,,https://www.dioceseofprovidence.org/parishfinder
Our Lady of the Rosary,"21 Taverse St., Providence, RI, 02903-4302",http://www.rosary463.com,Diocese of Providence,,https://www.dioceseofprovidence.org/parishfinder
Our Lady of Victories (CLOSED),"120 Prospect Street, Woonsocket, RI",http://www.saintjosephwoonsocket.org/,Diocese of Providence,,https://www.dioceseofprovidence.org/parishfinder
Our Lady of Victory,"169 Main St., Hopkinton (Ashaway), RI, 02804-2243",http://www.saint-joseph-hope-valley.org/,Diocese of Providence,,https://www.dioceseofprovidence.org/parishfinder
Our Lady Queen of Martyrs (closed 07.01.18 - is the location of Holy Trinity Parish),"1371 Park Ave., Woonsocket, RI, 02895-6597",https://www.holytrinityri.com/,Diocese of Providence,,https://www.dioceseofprovidence.org/parishfinder
Precious Blood,"34 Joffre Avenue, Woonsocket, RI, 02895",https://sapbwoonsocket.weebly.com/,Diocese of Providence,,https://www.dioceseofprovidence.org/parishfinder
"Presentation of the Blessed Virgin Mary (merged into St. Anthony, North Prov.)","5 Gibbs Street, North Providence, RI, 02904-4503",https://saintanthonychurch.org,Diocese of Providence,,https://www.dioceseofprovidence.org/parishfinder
Sacred Heart,"820 Providence St., West Warwick, RI, 02893-1135","http://masstimes.org/map?lat=41.70367110000001&lng=-71.52150240000003&SearchQueryTerm=West%20Warwick,%20RI,%20USA",Diocese of Providence,,https://www.dioceseofprovidence.org/parishfinder
Sacred Heart,"118 Taunton Ave., East Providence, RI, 02914-4550",https://www.sacredheartepri.com/,Diocese of Providence,,https://www.dioceseofprovidence.org/parishfinder
Sacred Heart (merged with Holy Trinity),"415 Olo St., Woonsocket, RI, 02895-4035",https://www.holytrinityri.com/,Diocese of Providence,,https://www.dioceseofprovidence.org/parishfinder
"Sacred Heart of Jesus (closed - see Holy Family Parish, Pawtucket)","38 Park St., Pawtucket, Rhode Island",http://www.saintjohnpaulri.com,Diocese of Providence,,https://www.dioceseofprovidence.org/parishfinder
SS. Brendan and Martha Parish,"East Providence, RI",http://www.stbren.com,Diocese of Providence,,https://www.dioceseofprovidence.org/parishfinder
SS. John and James,"20 Washington St., West Warwick, RI, 02893-4919",http://www.ssjohnandjames.com,Diocese of Providence,,https://www.dioceseofprovidence.org/parishfinder
SS. John and Paul,"341 South Main St., Coventry, RI, 02816-5911",http://www.stsjohnpaulri.com,Diocese of Providence,,https://www.dioceseofprovidence.org/parishfinder
"SS. Peter and Paul (merged into St. Joseph, West Warwick)","48 Highland St., West Warwick, RI, 02893-2198",https://stjosephww.org/,Diocese of Providence,,https://www.dioceseofprovidence.org/parishfinder
SS. Rose and Clement,"111 Long St., Warwick, RI, 02886-7725",https://ssrcri.com/,Diocese of Providence,,https://www.dioceseofprovidence.org/parishfinder
St. Adalbert,"866 Atwells Ave., Providence, RI, 02909-2523",http://www.stadalberts.us,Diocese of Providence,,https://www.dioceseofprovidence.org/parishfinder
St. Agatha,"34 Joffre Ave., Woonsocket, RI, 02895-5596",https://sapbwoonsocket.weebly.com/,Diocese of Providence,,https://www.dioceseofprovidence.org/parishfinder
"St. Agnes (merged into St. Ann, Prov.)","100 Chatham St., Providence, RI, 02904-2542",http://www.stannri.org/,Diocese of Providence,,https://www.dioceseofprovidence.org/parishfinder
St. Aidan (merged into St. Aidan-St. Patrick),"1460 Diamond Hill Rd., Cumberland, RI, 02864-5510",http://saintaidanparish.weconnect.com/,Diocese of Providence,,https://www.dioceseofprovidence.org/parishfinder
St. Aidan & St. Patrick,"1460 Diamond Hill Rd., Cumberland, RI, 02864-5510",https://www.staidan-patrick.org/,Diocese of Providence,,https://www.dioceseofprovidence.org/parishfinder
St. Alexander,"218 Main St., Warren, RI, 02885-4304",https://stmaryofthebay.org/,Diocese of Providence,,https://www.dioceseofprovidence.org/parishfinder
St. Aloysius (CLOSED),"323 Rathbun Street, Woonsocket, RI",http://www.saintjosephwoonsocket.org/,Diocese of Providence,,https://www.dioceseofprovidence.org/parishfinder
St. Ambrose,"191 School St., Lincoln (Albion), RI, 02802-0067",http://www.stambrosechurchri.org,Diocese of Providence,,https://www.dioceseofprovidence.org/parishfinder
St. Andrew,"Spring St., New Shoreham(Block Island), RI, 02807-0279",http://www.angelfire.com/ex/standrewschurch,Diocese of Providence,,https://www.dioceseofprovidence.org/parishfinder
St. Ann,"2 Russo Street, Providence, RI, 02904-1243",http://www.stannri.org,Diocese of Providence,,https://www.dioceseofprovidence.org/parishfinder
St. Ann (CLOSED),"1493 Cranston Street, Cranston, RI, 02920",https://www.stgeorgemaronitecatholicchurch.com/,Diocese of Providence,,https://www.dioceseofprovidence.org/parishfinder
St. Ann (CLOSED),"82 Cumberland Street, Woonsocket, RI",http://www.saintjosephwoonsocket.org/,Diocese of Providence,,https://www.dioceseofprovidence.org/parishfinder
St. Anthony,"128 Green St., Woonsocket, RI, 02895-4565",http://www.saintanthonywoonsocket.org,Diocese of Providence,,https://www.dioceseofprovidence.org/parishfinder
St. Anthony,"10 Sunset Ave., West Warwick, RI, 02893-4516",http://www.stanthonysww.com,Diocese of Providence,,https://www.dioceseofprovidence.org/parishfinder
St. Anthony,"2836 East Main Rd, Portsmouth, RI, 02871-2608","http://masstimes.org/map?lat=41.60232449999999&lng=-71.25032569999996&SearchQueryTerm=Portsmouth,%20RI,%20USA",Diocese of Providence,,https://www.dioceseofprovidence.org/parishfinder
St. Anthony,"1413 Mineral Spring Ave., North Providence, RI, 02904-4503",http://www.saintanthonychurch.org,Diocese of Providence,,https://www.dioceseofprovidence.org/parishfinder
St. Anthony,"32 Lawn St., Pawtucket, RI, 02860-3523",https://www.parishesonline.com/find/st-anthonys-church-02860,Diocese of Providence,,https://www.dioceseofprovidence.org/parishfinder
"St. Anthony (mission church of Assumption of the Blessed Virgin Mary, Prov.)","549 Plainfield St., Providence, RI, 02909-4645",http://assumptionparishpro.faith,Diocese of Providence,,https://www.dioceseofprovidence.org/parishfinder
St. Augustin,"2 Eastnor Rd., Newport, RI, 02840-3840",http://www.staugustinnewport.org,Diocese of Providence,,https://www.dioceseofprovidence.org/parishfinder
St. Augustine,"639 Mount Pleasant Avenue, Providence, RI, 02908-1937",http://www.churchofsaintaugustineprov.com,Diocese of Providence,,https://www.dioceseofprovidence.org/parishfinder
St. Barnabas,"1697 East Main Rd., Portsmouth, RI, 02871-2427",https://www.sbchurchri.com/,Diocese of Providence,,https://www.dioceseofprovidence.org/parishfinder
St. Bartholomew,"305 Laurel Hill Ave., Providence, RI, 02909-3834",https://www.stbartschurchri.org/,Diocese of Providence,,https://www.dioceseofprovidence.org/parishfinder
St. Basil (Melkite),"15 Skyview Dr., Lincoln, RI, 02865-3005",https://www.stbasilthegreatchurch.com/,Diocese of Providence,,https://www.dioceseofprovidence.org/parishfinder
St. Benedict (church building closed permanently; merged into St. Kevin),"135 Beach Ave., Warwick, RI, 02889-2729",https://stkevin-stbenedict.org/,Diocese of Providence,,https://www.dioceseofprovidence.org/parishfinder
St. Bernard,"275 Tower Hill Rd., North Kingstown (Wickford), RI, 02852-4811",http://www.stbernardnk.org,Diocese of Providence,,https://www.dioceseofprovidence.org/parishfinder
St. Brendan,"60 Turner Ave., East Providence (Riverside), RI, 02915-3200",http://www.stbren.com,Diocese of Providence,,https://www.dioceseofprovidence.org/parishfinder
St. Brigid (CLOSED),"1231 Plainfiled St., Johnston, RI, 02919-6922",https://churchofsaintrocco.org/,Diocese of Providence,,https://www.dioceseofprovidence.org/parishfinder
St. Casimir (CLOSED),"348 Smith St., Providence, RI, 02908-3726",,Diocese of Providence,,https://www.dioceseofprovidence.org/parishfinder
"St. Catherine (CLOSED; merged with SS Rose and Clement, Warw.)","3252 Post Rd., Warwick, RI, 02886-7131",https://ssrcri.com/,Diocese of Providence,,https://www.dioceseofprovidence.org/parishfinder
St. Catherine of Siena,"74 Simmons Ave., Little Compton, RI, 02837-0208",https://saintcatherinesiena.com/,Diocese of Providence,,https://www.dioceseofprovidence.org/parishfinder
"St. Cecilia (merged into St. John Paul II, Pawtucket)","1253 Newport Avenue, Pawtucket, RI",http://www.saintjohnpaulri.com/,Diocese of Providence,,https://www.dioceseofprovidence.org/parishfinder
St. Charles Borromeo,"178 Dexter St., Providence, RI, 02907-2463",https://stcharleschurchprovidence.com/,Diocese of Providence,,https://www.dioceseofprovidence.org/parishfinder
St. Charles Borromeo,"190 North Main St., Woonsocket, RI, 02895-3140",https://www.stjosephwoonsocket.com/,Diocese of Providence,,https://www.dioceseofprovidence.org/parishfinder
St. Christopher,"265 Stafford Road, Tiverton, RI, 02878",http://www.sstandctiverton.org,Diocese of Providence,,https://www.dioceseofprovidence.org/parishfinder
St. Clare (Misquamicut),"4 Saint Clare Way, Westerly, RI, 02891-5214",https://www.saintclarewesterly.site/,Diocese of Providence,,https://www.dioceseofprovidence.org/parishfinder
"St. Edward (CLOSED - a mission of St. Mary of the Immaculate Conception, Pawtucket)","58 Hancock St., Pawtucket, RI, 02860-2629",http://www.saintmaryri.org/,Diocese of Providence,,https://www.dioceseofprovidence.org/parishfinder
"St. Edward (merged into St. Anthony, Prov.)","997 Branch Ave., Providence, RI, 02904-1008",https://saintanthonychurch.org/,Diocese of Providence,,https://www.dioceseofprovidence.org/parishfinder
St. Elizabeth,"577 Wood St., Bristol, RI, 02809-2326",https://www.stelizabethri.com/,Diocese of Providence,,https://www.dioceseofprovidence.org/parishfinder
St. Eugene,"1247 Putnam Pike, Glocester (Chepachet), RI, 02814-1100",http://www.sainteugeneschurch.com,Diocese of Providence,,https://www.dioceseofprovidence.org/parishfinder
St. Francis de Sales,"381 School St., North Kingstown, RI, 02852-1845",http://www.saintfds.org,Diocese of Providence,,https://www.dioceseofprovidence.org/parishfinder
St. Francis of Assisi,"128 High St., South Kingstown, RI, 02871-3141",http://www.stfranciswakefield.com,Diocese of Providence,,https://www.dioceseofprovidence.org/parishfinder
"St. Francis of Assisi (CLOSED; merged with SS Rose and Clement, Warw.)","618 Jefferson Blvd., Warwick, RI, 02886-1387",https://ssrcri.com/,Diocese of Providence,,https://www.dioceseofprovidence.org/parishfinder
St. Francis Xavier,"81 North Carpenter St., East Providence, RI, 02914-4501",http://www.saintfrancisxavierchurch.com,Diocese of Providence,,https://www.dioceseofprovidence.org/parishfinder
St. George (Maronite),"1493 Cranston St., Cranston, RI, 02920-6740",https://www.stgeorgeri.com/,Diocese of Providence,,https://www.dioceseofprovidence.org/parishfinder
St. Gregory the Great,"360 Cowesett Rd., Warwick, RI, 02886-8530",http://www.stgregorychurchri.com,Diocese of Providence,,https://www.dioceseofprovidence.org/parishfinder
St. James,"33 Division St., Lincoln (Manville), RI, 02838-1321",http://www.saintjamesmanville.org,Diocese of Providence,,https://www.dioceseofprovidence.org/parishfinder
"St. James Chapel (part of St. Mary, Carolina)","2079 Matunuck Schoolhouse Rd., Charlestown, RI, 02813-0000",http://www.stmjparish.org,Diocese of Providence,,https://www.dioceseofprovidence.org/parishfinder
St. Jean Baptiste (CLOSED),"324 Main Street, Warren, RI",http://www.stmaryofthebay.org/,Diocese of Providence,,https://www.dioceseofprovidence.org/parishfinder
St. Joan of Arc,"3357 Mendon Rd., Cumberland, RI, 02864-2112",http://www.stjoanschurchri.org,Diocese of Providence,,https://www.dioceseofprovidence.org/parishfinder
St. John Paul II,"755 Central Ave., Pawtucket, RI, 02861-2101",http://www.saintjohnpaulri.com,Diocese of Providence,,https://www.dioceseofprovidence.org/parishfinder
St. John the Baptist,"69 Quincy Ave., Pawtucket, RI, 02860-2830",http://www.churchofstjohnthebaptist.org,Diocese of Providence,,https://www.dioceseofprovidence.org/parishfinder
St. John the Evangelist (Slatersville),"63 Church St., North Smithfield (Slatersville), RI, 02876-0266",https://www.stjohnslatersville.org/,Diocese of Providence,,https://www.dioceseofprovidence.org/parishfinder
St. John Vianney,"3587 Diamond Hill Rd., Cumberland, RI, 02864-1601",http://www.sjvparish.org,Diocese of Providence,,https://www.dioceseofprovidence.org/parishfinder
St. Joseph,"5 Mann Ave., Newport, RI, 02840-2708",http://www.stjosephsnewport.org,Diocese of Providence,,https://www.dioceseofprovidence.org/parishfinder
St. Joseph,"1200 Mendon Rd., Woonsocket, RI, 02895-3999",https://www.stjosephwoonsocket.com/,Diocese of Providence,,https://www.dioceseofprovidence.org/parishfinder
St. Joseph,"1303 Mendon Rd., Cumberland (Ashton), RI, 02864-0892",http://www.stjosephashtonri.org,Diocese of Providence,,https://www.dioceseofprovidence.org/parishfinder
St. Joseph,"Danielson Pike, Scituate, RI, 02857-0236",http://www.saintjosephschurch.net,Diocese of Providence,,https://www.dioceseofprovidence.org/parishfinder
St. Joseph,"391 High St., Central Falls, RI, 02863-3109",https://www.facebook.com/stjoespolishchurchcf/,Diocese of Providence,,https://www.dioceseofprovidence.org/parishfinder
St. Joseph,"92 Hope St., Providence, RI, 02906-2030",http://stjosephprovidence.org,Diocese of Providence,,https://www.dioceseofprovidence.org/parishfinder
St. Joseph,"1105 Main St., Hopkinton (Hope Valley), RI, 02832-0388",http://www.saint-joseph-hope-valley.org/,Diocese of Providence,,https://www.dioceseofprovidence.org/parishfinder
St. Joseph,"854 Providence St., West Warwick, RI, 02893-1191",http://www.stjosephww.org,Diocese of Providence,,https://www.dioceseofprovidence.org/parishfinder
St. Joseph,"183 Sayles Ave., Box 188, Pascoag (Burrillville), RI, 02859-0188",http://www.stjosephri.org,Diocese of Providence,,https://www.dioceseofprovidence.org/parishfinder
"St. Joseph (see Holy Family, Pawtucket)","195 Walcott Street, Pawtucket, RI, 02860",http://www.saintjohnpaulri.com,Diocese of Providence,,https://www.dioceseofprovidence.org/parishfinder
St. Jude,"301 Front St., Lincoln, RI, 02865-2421",https://saintjuderi.com/,Diocese of Providence,,https://www.dioceseofprovidence.org/parishfinder
St. Kateri Tekakwitha Catholic Community (canonically suppressed 05-11-26),"84 Exeter Rd., Exeter, RI, 02822-0000",https://www.stbernardnk.org/,Diocese of Providence,,https://www.dioceseofprovidence.org/parishfinder
St. Kevin,"333 Sandy Lane, Warwick, RI, 02889-4325",https://stkevin-stbenedict.org/,Diocese of Providence,,https://www.dioceseofprovidence.org/parishfinder
St. Lawrence (CLOSED),"624 Woonasquatucket Ave., North Providence, RI, 02911",http://www.marymotherofmankind.org/,Diocese of Providence,,https://www.dioceseofprovidence.org/parishfinder
St. Leo the Great (CLOSED),"Pawtucket, RI, 02861",http://www.saintjohnpaulri.com/,Diocese of Providence,,https://www.dioceseofprovidence.org/parishfinder
St. Lucy,"909 West Main Rd., Middletown, RI, 02842-6390",http://www.stlucy.org,Diocese of Providence,,https://www.dioceseofprovidence.org/parishfinder
St. Luke,"108 Washington Rd., Barrington, RI, 02806-1133",http://www.stlukesparish.com/,Diocese of Providence,,https://www.dioceseofprovidence.org/parishfinder
St. Madeleine Sophie,"35 Lake Rd., Tiverton, RI, 02878-3405",https://saintcatherinesiena.com/%E2%80%8B%E2%80%8B%E2%80%8B%E2%80%8B%E2%80%8B%E2%80%8B%E2%80%8B,Diocese of Providence,,https://www.dioceseofprovidence.org/parishfinder
St. Margaret,"1098 Pawtucket Ave., East Providence, RI, 02916-1845",http://www.stmargaretchurch.org,Diocese of Providence,,https://www.dioceseofprovidence.org/parishfinder
St. Maria Goretti (CLOSED),,,Diocese of Providence,,https://www.dioceseofprovidence.org/parishfinder
St. Mark,"9 Garden Ct., Cranston, RI, 02920-5701",http://www.stmarkri.org,Diocese of Providence,,https://www.dioceseofprovidence.org/parishfinder
St. Mark,"60 Narragansett Ave., Jamestown, RI, 02835-1174",http://www.stmarkjtn.org,Diocese of Providence,,https://www.dioceseofprovidence.org/parishfinder
St. Martha,"2595 Pawtucket Ave., East Providence, RI, 02914-3224",https://www.stmarthaschurch.com/,Diocese of Providence,,https://www.dioceseofprovidence.org/parishfinder
St. Mary,"437 Carolina Back Rd., Charlestown (Carolina), RI, 02812-0475",http://www.stmjparish.org,Diocese of Providence,,https://www.dioceseofprovidence.org/parishfinder
St. Mary,"538 Broadway, Providence, RI, 02909-1895",http://stmarypvdri.org/,Diocese of Providence,,https://www.dioceseofprovidence.org/parishfinder
St. Mary,"330 Wood St., Bristol, RI, 02809-3208",http://www.stmarybristolri.org,Diocese of Providence,,https://www.dioceseofprovidence.org/parishfinder
St. Mary,"12 William St., Newport, RI, 02840-3307",http://www.stmarynewportri.org,Diocese of Providence,,https://www.dioceseofprovidence.org/parishfinder
St. Mary,"1525 Cranston St., Cranston, RI, 02920-6740",http://www.saintmarycranston.org,Diocese of Providence,,https://www.dioceseofprovidence.org/parishfinder
"St. Mary (mission church of SS. John & James Parish, West Warwick)","68 Church St., West Warwick, RI, 02893-3105",https://www.ssjohnandjames.com/,Diocese of Providence,,https://www.dioceseofprovidence.org/parishfinder
St. Mary of the Bay,"645 Main St., Warren, RI, 02885-4318",http://www.stmaryofthebay.org,Diocese of Providence,,https://www.dioceseofprovidence.org/parishfinder
St. Mary of the Immaculate Conception (merged into Saint John the Baptist Parish),"103 Pine St., Pawtucket, RI, 02860-3848",https://www.churchofstjohnthebaptist.org/,Diocese of Providence,,https://www.dioceseofprovidence.org/parishfinder
"St. Mary, Star of the Sea","864 Point Judith Rd., Narragansett, RI, 02882-5524",http://www.stmarystaroftheseari.org/,Diocese of Providence,,https://www.dioceseofprovidence.org/parishfinder
St. Matthew,"15 Frances Ave., Cranston, RI, 02910-2209",http://www.stmatthewri.org,Diocese of Providence,,https://www.dioceseofprovidence.org/parishfinder
St. Matthew (now Holy Spirit Church),"1030 Dexter Street, Central Falls, RI, 02863",https://discovermass.com/church/holy-spirit-central-falls-ri/,Diocese of Providence,,https://www.dioceseofprovidence.org/parishfinder
St. Michael,"80 Farnum Pike, Smithfield, RI, 02917-3399",http://www.stmichaelsmithfield.org,Diocese of Providence,,https://www.dioceseofprovidence.org/parishfinder
St. Michael (Ukrainian-Diocese of Stamford),"394 Blackstone St., Woonsocket, RI, 02895-1917",http://www.stmichaelsri.org,Diocese of Providence,,https://www.dioceseofprovidence.org/parishfinder
St. Michael the Archangel,"239 Oxford St., Providence, RI, 02905-2096",https://www.saintmichaelprovidence.net/,Diocese of Providence,,https://www.dioceseofprovidence.org/parishfinder
St. Patrick,"45 Harrisville Main St., Burrillville (Harrisville), RI, 02830-1403",http://www.stpatrickri.org,Diocese of Providence,,https://www.dioceseofprovidence.org/parishfinder
St. Patrick,"244 Smith St., Providence, RI, 02908-4922",http://www.saintpatrickchurch.net,Diocese of Providence,,https://www.dioceseofprovidence.org/parishfinder
"St. Patrick (merged into St. Aidan, Cumberland)","301 Broad St., Cumberland (Valley Falls), RI, 02864-7802",http://saintaidanparish.weconnect.com/,Diocese of Providence,,https://www.dioceseofprovidence.org/parishfinder
St. Paul,"One St. Paul Place, Cranston, RI, 02905-3587",http://www.saintpaulcranston.org,Diocese of Providence,,https://www.dioceseofprovidence.org/parishfinder
St. Paul the Apostle,"116A Danielson Pike, Foster, RI, 02825-1468",http://www.stpaulsfoster.org,Diocese of Providence,,https://www.dioceseofprovidence.org/parishfinder
St. Peter,"350 Fair St., Warwick, RI, 02888-3799",http://www.stpeterswarwick.com,Diocese of Providence,,https://www.dioceseofprovidence.org/parishfinder
St. Philip,"622 Putnam Pike, Greenville, RI, 02828-1434",http://www.saintphilip.com,Diocese of Providence,,https://www.dioceseofprovidence.org/parishfinder
St. Pius V,"240 Eaton St., Providence, RI, 02908-2893",http://www.spvchurch.org,Diocese of Providence,,https://www.dioceseofprovidence.org/parishfinder
St. Pius X,"44 Elm St., Westerly, RI, 02891-2196",http://www.saintpiuswesterly.org,Diocese of Providence,,https://www.dioceseofprovidence.org/parishfinder
St. Raymond,"1240 North Main St., Providence, RI, 02904-1812",http://www.straymonds.com,Diocese of Providence,,https://www.dioceseofprovidence.org/parishfinder
St. Rita,"722 Oakland Beach Ave., Warwick, RI, 02889-1822",http://sstrri.com,Diocese of Providence,,https://www.dioceseofprovidence.org/parishfinder
St. Robert Bellarmine,"1804 Atwood Ave., Johnston, RI, 02919-3244",http://www.strobertsparish.org,Diocese of Providence,,https://www.dioceseofprovidence.org/parishfinder
St. Rocco,"927 Atwood Ave., Johnston, RI, 02919-6240",http://www.churchofsaintrocco.org,Diocese of Providence,,https://www.dioceseofprovidence.org/parishfinder
St. Sebastian,"67 Cole Ave., Providence, RI, 02906-4696",http://www.stsebastianri.org,Diocese of Providence,,https://www.dioceseofprovidence.org/parishfinder
St. Stanislaus Kostka,"188 Harris Ave., Woonsocket, RI, 02895-1809",https://m.facebook.com/StStanislausWoonsocket/,Diocese of Providence,,https://www.dioceseofprovidence.org/parishfinder
St. Teresa of Avila (CLOSED),"275 Manton Ave., Providence, RI",http://www.blessedsacramentpvd.org/,Diocese of Providence,,https://www.dioceseofprovidence.org/parishfinder
St. Teresa of the Child Jesus,"358 Newport Ave., Pawtucket, RI, 02861-4130",http://www.stteresari.com,Diocese of Providence,,https://www.dioceseofprovidence.org/parishfinder
St. Theresa,"265 Stafford Rd., Tiverton, RI, 02878-2498",http://www.sstandctiverton.org,Diocese of Providence,,https://www.dioceseofprovidence.org/parishfinder
St. Theresa of the Child Jesus (aka: St. Theresa Shrine),"35 Dion Dr., Burrillville (Nasonville/Harrisville), RI, 02830-1731",https://burrillvillecatholic.org/,Diocese of Providence,,https://www.dioceseofprovidence.org/parishfinder
St. Thomas,"65 Fruit Hill Ave., Providence, RI, 02909-5598",https://stthomaschurchri.org/,Diocese of Providence,,https://www.dioceseofprovidence.org/parishfinder
St. Thomas More,"53 Rockland St., Narragansett, RI, 02882-3620",http://www.stthomasmoreri.org,Diocese of Providence,,https://www.dioceseofprovidence.org/parishfinder
"St. Thomas the Apostle (merged into Saint Mary of the Bay Parish, Warren 05-11-26)","500 Metacom Ave., Warren, RI, 02885-2808",http://www.stmaryofthebay.org,Diocese of Providence,,https://www.dioceseofprovidence.org/parishfinder
St. Timothy,"1799 Warwick Ave., Warwick, RI, 02889-1700",https://sainttimothy.weconnect.com/,Diocese of Providence,,https://www.dioceseofprovidence.org/parishfinder
St. Veronica Chapel,"1035 Boston Neck Rd, Rt. 1A, Narragansett, RI, 02882-1704",https://stthomasmoreri.org/,Diocese of Providence,,https://www.dioceseofprovidence.org/parishfinder
St. Vincent de Paul,"6 St. Vincent de Paul St., Coventry (Anthony), RI, 02816-8156",http://olcsvp.org/,Diocese of Providence,,https://www.dioceseofprovidence.org/parishfinder
St. Vincent de Paul (Bradford/Westerly),"7 Church St., Westerly (Bradford), RI, 02808-1321",http://www.saint-joseph-hope-valley.org/,Diocese of Providence,,https://www.dioceseofprovidence.org/parishfinder
St. William (CLOSED),"200 Pettaconsett Ave., Warwick, RI, 02888-3249",,Diocese of Providence,,https://www.dioceseofprovidence.org/parishfinder
Basilica of Sts. Peter and Paul,"214 East 8th Street, Chattanooga, TN, 37402",https://stspeterandpaulbasilica.com/,Diocese of Knoxville,Chattanooga Deanery,https://www.dioknox.org/parishfinder
Holy Spirit Church,"10768 Dayton Pike, Soddy Daisy, TN, 37379",https://holyspiritsoddydaisy.com/,Diocese of Knoxville,Chattanooga Deanery,https://www.dioknox.org/parishfinder
Our Lady of Lourdes Church,"704 Holly Avenue, South Pittsburg, TN, 37380",https://ourladyoflourdesparish.org/,Diocese of Knoxville,Chattanooga Deanery,https://www.dioknox.org/parishfinder
Our Lady of Perpetual Help,"501 South Moore Road, Chattanooga, TN, 37412",https://olph.us/,Diocese of Knoxville,Chattanooga Deanery,https://www.dioknox.org/parishfinder
Shepherd of the Valley Church,"6191 Hwy 28, Dunlap, TN, 37327",http://www.sotvcc.weebly.com/,Diocese of Knoxville,Chattanooga Deanery,https://www.dioknox.org/parishfinder
St. Augustine Church,"1716 Anderson Pike, Signal Mountain, TN, 37377",http://www.staugustinecatholic.org,Diocese of Knoxville,Chattanooga Deanery,https://www.dioknox.org/parishfinder
St. Bridget Parish,"Dayton, TN",https://saintbridget.net/,Diocese of Knoxville,Chattanooga Deanery,https://www.dioknox.org/parishfinder
St. Catherine Laboure Church,"115 Main Street, Copperhill, TN, 37317",https://sclccopperhill.org/,Diocese of Knoxville,Chattanooga Deanery,https://www.dioknox.org/parishfinder
St. Jude Catholic Church,"930 Ashland Terrace, Chattanooga, TN, 37415",https://stjudechattanooga.org/,Diocese of Knoxville,Chattanooga Deanery,https://www.dioknox.org/parishfinder
St. Mary Parish,"1291 E. Madison Avenue, Athens, TN, 37303",https://saintmaryathens.org/,Diocese of Knoxville,Chattanooga Deanery,https://www.dioknox.org/parishfinder
St. Stephen Church,"7111 Lee Highway, Chattanooga, TN, 37421",http://www.ststephenchatt.org,Diocese of Knoxville,Chattanooga Deanery,https://www.dioknox.org/parishfinder
St. Therese of Lisieux,"900 Clingan Ridge Drive NW, Cleveland, TN, 37312",https://sttheresecatholicchurch.org/,Diocese of Knoxville,Chattanooga Deanery,https://www.dioknox.org/parishfinder
All Saints Catholic Parish,"620 North Cedar Bluff Road, Knoxville, TN",,Diocese of Knoxville,Cumberland Mountain Deanery,https://www.dioknox.org/parishfinder
Blessed Sacrament Church,"535 Margrave Drive, Harriman, TN, 37748",http://www.blessedsacramentchurchandmissions.com,Diocese of Knoxville,Cumberland Mountain Deanery,https://www.dioknox.org/parishfinder
Christ the King Church,"816 Blue Top Road, Tazewell, TN, 37879",http://www.christkingtazewell.wordpress.com/,Diocese of Knoxville,Cumberland Mountain Deanery,https://www.dioknox.org/parishfinder
Church of Divine Mercy,"10919 Carmichael Rd., Knoxville, TN, 37932",http://www.divinemercyknox.org/,Diocese of Knoxville,Cumberland Mountain Deanery,https://www.dioknox.org/parishfinder
"Our Lady of Perpetual Help Church, La Follette","1142 East Elm Street, LaFollette, TN, 37766",,Diocese of Knoxville,Cumberland Mountain Deanery,https://www.dioknox.org/parishfinder
St. Alphonsus Catholic Church,"151 St. Alphonsus Way, Crossville, TN, 38555",https://stalonline.org/,Diocese of Knoxville,Cumberland Mountain Deanery,https://www.dioknox.org/parishfinder
St. Ann Church,"198 Ridge Road, Lancing, TN, 37770",http://www.blessedsacramentchurchandmissions.com/saint-ann,Diocese of Knoxville,Cumberland Mountain Deanery,https://www.dioknox.org/parishfinder
St. Christopher Church,"160 Holt Spur Road, Jamestown, TN, 38556",https://www.blessedsacramentchurchandmissions.com/saint-christoper,Diocese of Knoxville,Cumberland Mountain Deanery,https://www.dioknox.org/parishfinder
St. Francis of Assisi Catholic Church,"7503 Peavine Road, Fairfield Glade, TN, 38588",https://saintfrancisfairfield.org/,Diocese of Knoxville,Cumberland Mountain Deanery,https://www.dioknox.org/parishfinder
St. John Neumann Church,"633 St. John Court, Farragut, TN, 37934",https://sjnknox.org/,Diocese of Knoxville,Cumberland Mountain Deanery,https://www.dioknox.org/parishfinder
St. Joseph Church,"3425 Andersonville Hwy 61, Norris, TN, 37828",http://www.sjnorris.org,Diocese of Knoxville,Cumberland Mountain Deanery,https://www.dioknox.org/parishfinder
St. Jude Church - Helenwood,"13067 Scott Highway, Helenwood, TN, 37755",,Diocese of Knoxville,Cumberland Mountain Deanery,https://www.dioknox.org/parishfinder
"St. Mary Church, Oak Ridge","327 Vermont Avenue, Oak Ridge, TN, 37830",http://www.stmarysoakridge.org,Diocese of Knoxville,Cumberland Mountain Deanery,https://www.dioknox.org/parishfinder
St. Teresa of Kolkata,"3445 Maynardville Hwy, Maynardville, TN, 37807",,Diocese of Knoxville,Cumberland Mountain Deanery,https://www.dioknox.org/parishfinder
St. Therese Church,"701 S Charles G Seivers Boulevard, Clinton, TN, 37716",http://www.saintthereseclinton.org,Diocese of Knoxville,Cumberland Mountain Deanery,https://www.dioknox.org/parishfinder
St. Thomas the Apostle Church,"1580 St. Thomas Way, Lenoir City, TN, 37772",http://www.sthomaslc.com,Diocese of Knoxville,Cumberland Mountain Deanery,https://www.dioknox.org/parishfinder
Church of the Good Shepherd,"2361 Cosby Highway, Newport, TN, 37822",https://goodshepherdtn.org/,Diocese of Knoxville,Five Rivers Deanery,https://www.dioknox.org/parishfinder
Holy Trinity Catholic Church,"475 N. Hwy 92, Jefferson City, TN, 37760",https://htjctn.org/,Diocese of Knoxville,Five Rivers Deanery,https://www.dioknox.org/parishfinder
Notre Dame Catholic Church,"212 Mount Bethel Road, Greeneville, TN, 37745",https://notredametn.org/,Diocese of Knoxville,Five Rivers Deanery,https://www.dioknox.org/parishfinder
St. Anthony of Padua Church,"833 West Main Street, Mountain City, TN, 37683",https://www.stanthonyofpaduamountaincitytn.org/,Diocese of Knoxville,Five Rivers Deanery,https://www.dioknox.org/parishfinder
St. Dominic Catholic Parish,"2517 John B Dennis Highway, Kingsport, TN, 37660",https://saintdominickpt.org/,Diocese of Knoxville,Five Rivers Deanery,https://www.dioknox.org/parishfinder
St. Elizabeth Church,"510 West C Street, Elizabethton, TN, 37644",http://www.stelizabethsparish.org/,Diocese of Knoxville,Five Rivers Deanery,https://www.dioknox.org/parishfinder
St. Henry Catholic Church,"114 Highway 70, Rogersville, TN, 37857",,Diocese of Knoxville,Five Rivers Deanery,https://www.dioknox.org/parishfinder
St. James the Apostle Church,"Highway 33, Sneedville, TN, 37869",,Diocese of Knoxville,Five Rivers Deanery,https://www.dioknox.org/parishfinder
St. John Paul II Catholic Mission,"161 Bryan Lane, Rutledge, TN, 37861",https://stjohnpaul2mission.org/,Diocese of Knoxville,Five Rivers Deanery,https://www.dioknox.org/parishfinder
"St. Mary Church, Johnson City","2211 East Lakeview Drive, Johnson City, TN, 37601",http://www.stmarysjc.org,Diocese of Knoxville,Five Rivers Deanery,https://www.dioknox.org/parishfinder
St. Michael the Archangel Catholic Parish,"657 N. Mohawk Drive, Erwin, TN, 37650",https://stmichaelthearchangeluc.org/,Diocese of Knoxville,Five Rivers Deanery,https://www.dioknox.org/parishfinder
St. Patrick Church,"2518 W Andrew Johnson Highway, Morristown, TN, 37814",http://www.stpatrickmorristowntn.org,Diocese of Knoxville,Five Rivers Deanery,https://www.dioknox.org/parishfinder
Cathedral of the Most Sacred Heart of Jesus,"711 S. Northshore Drive, Knoxville, TN, 37919",http://www.shcathedral.org,Diocese of Knoxville,Smoky Mountain Deanery,https://www.dioknox.org/parishfinder
Holy Cross Church,"144 Wears Valley Road, Pigeon Forge, TN, 37863",http://www.holycrosscatholicchurchtn.org/,Diocese of Knoxville,Smoky Mountain Deanery,https://www.dioknox.org/parishfinder
Holy Family Catholic Church,"201 Black Oak Ridge Road, Seymour, TN, 37865",https://holyfamilyseymour.org/,Diocese of Knoxville,Smoky Mountain Deanery,https://www.dioknox.org/parishfinder
Holy Ghost Catholic Church,"1041 N Central St, Knoxville, TN, 37917",https://holyghostknoxville.org/,Diocese of Knoxville,Smoky Mountain Deanery,https://www.dioknox.org/parishfinder
Immaculate Conception Church,"414 West Vine Avenue, Knoxville, TN, 37902",https://icknoxville.org/,Diocese of Knoxville,Smoky Mountain Deanery,https://www.dioknox.org/parishfinder
Our Lady of Fatima Church,"858 Louisville Road, Alcoa, TN, 37701",http://www.ourladyoffatima.org,Diocese of Knoxville,Smoky Mountain Deanery,https://www.dioknox.org/parishfinder
St John XXIII,"1710 Melrose Place, Knoxville, TN, 37916",https://john23rd.org/,Diocese of Knoxville,Smoky Mountain Deanery,https://www.dioknox.org/parishfinder
St. Albert the Great Church,"7200 Brickey Lane, Knoxville, TN, 37918",http://www.satgknox.org,Diocese of Knoxville,Smoky Mountain Deanery,https://www.dioknox.org/parishfinder
"St. Francis of Assisi Church, Townsend","7719 River Road, Townsend, TN, 37882",http://www.stfrancistownsend.org,Diocese of Knoxville,Smoky Mountain Deanery,https://www.dioknox.org/parishfinder
St. Joseph the Worker Church,"649 Old Tellico Hwy N, Madisonville, TN, 37354",https://www.sjtwrcc.org/,Diocese of Knoxville,Smoky Mountain Deanery,https://www.dioknox.org/parishfinder
St. Mary Church,"304 Airport Road, GATLINBURG, TN, 37738",,Diocese of Knoxville,Smoky Mountain Deanery,https://www.dioknox.org/parishfinder
All Saints Catholic Church,"215 E. 10th St., Houston, TX, 77008-7025",https://www.allsaintsheights.com,Archdiocese of Galveston-Houston,Churches,https://www.archgh.org/parishfinder
Annunciation Catholic Church,"1618 Texas Ave., Houston, TX, 77001-0214",http://www.annunciationcc.org,Archdiocese of Galveston-Houston,Churches,https://www.archgh.org/parishfinder
Ascension Chinese Mission,"​​4605 Jetty Lane, Houston, TX, 77072",https://www.ascensionchinesemission.org/,Archdiocese of Galveston-Houston,Churches,https://www.archgh.org/parishfinder
Assumption Catholic Church,"901 Roselane St., Houston, TX, 77037-4611",https://assumptionhouston.org/,Archdiocese of Galveston-Houston,Churches,https://www.archgh.org/parishfinder
Blessed Sacrament Church,"4015 Sherman Street, Houston, TX, 77003-2695",http://www.bsccarchgh.org,Archdiocese of Galveston-Houston,Churches,https://www.archgh.org/parishfinder
Catholic Charismatic Center,"1949 Cullen Blvd., Houston, TX, 77023",https://www.cccgh.com,Archdiocese of Galveston-Houston,Churches,https://www.archgh.org/parishfinder
Christ Our Light Catholic Church,"9677 Highway 6, Navasota, TX, 77868",https://www.christourlight.org/,Archdiocese of Galveston-Houston,Churches,https://www.archgh.org/parishfinder
Christ The Good Shepherd Church,"18511 Klein Church Rd., Spring, TX, 77379",https://www.cgscc.church/,Archdiocese of Galveston-Houston,Churches,https://www.archgh.org/parishfinder
Christ the Incarnate Word Church,"8503 S. Kirkwood, Houston, TX, 77099",http://www.giaoxungoiloi.org/,Archdiocese of Galveston-Houston,Churches,https://www.archgh.org/parishfinder
Christ the King Church,"4419 N. Main St., Houston, TX, 77009-5199",https://www.ctkcc.org,Archdiocese of Galveston-Houston,Churches,https://www.archgh.org/parishfinder
Christ the Redeemer Church,"11507 Huffmeister Road, Houston, TX, 77065",https://www.ctrcc.com/,Archdiocese of Galveston-Houston,Churches,https://www.archgh.org/parishfinder
Co-Cathedral of the Sacred Heart,"1111 St. Joseph Parkway, Houston, TX, 77002",http://www.sacredhearthouston.org,Archdiocese of Galveston-Houston,Churches,https://www.archgh.org/parishfinder
Corpus Christi Catholic Church,"9900 Stella Link Rd., Houston, TX, 77025-4718",https://www.ccparishhouston.org,Archdiocese of Galveston-Houston,Churches,https://www.archgh.org/parishfinder
Epiphany of the Lord Church,"1530 Norwalk Dr., Katy, TX, 77450",https://www.epiphanycatholic.org/,Archdiocese of Galveston-Houston,Churches,https://www.archgh.org/parishfinder
Guardian Angel Church,"5616 Gresham Street, Wallis, TX, 77485",https://www.guardianangelwallis.org/,Archdiocese of Galveston-Houston,Churches,https://www.archgh.org/parishfinder
Holy Cross Chapel,"905 Main Street, Houston, TX, 77002",http://holycrosschapel.org,Archdiocese of Galveston-Houston,Churches,https://www.archgh.org/parishfinder
Holy Family Church,"7122 Whiting Rock Dr., McNair (Baytown), TX, 77521",https://www.holyfamilycatholicchurchmcnairtx.org/,Archdiocese of Galveston-Houston,Churches,https://www.archgh.org/parishfinder
Holy Family Church,"1510 Fifth Street, Missouri City, TX, 77489",https://www.holyfamilychurch.us/,Archdiocese of Galveston-Houston,Churches,https://www.archgh.org/parishfinder
Holy Family Parish (at Holy Rosary Catholic Church),"1420 31st Street, Galveston, TX, 77550",https://www.hfpgb.org/,Archdiocese of Galveston-Houston,Churches,https://www.archgh.org/parishfinder
"Holy Family Parish (at Mary, Star of the Sea Catholic Church)","16626 San Luis Pass Road, Galveston, TX, 77554",https://www.hfpgb.org/,Archdiocese of Galveston-Houston,Churches,https://www.archgh.org/parishfinder
Holy Family Parish (at Our Lady by the Sea Catholic Church),"2400 State Highway 87, Port Bolivar, TX, 77650",https://www.hfpgb.org/,Archdiocese of Galveston-Houston,Churches,https://www.archgh.org/parishfinder
Holy Family Parish (at Sacred Heart Catholic Church),"1302 Broadway, Galveston, TX, 77550",https://www.hfpgb.org/,Archdiocese of Galveston-Houston,Churches,https://www.archgh.org/parishfinder
Holy Family Parish (at St. Mary Cathedral Basilica),"2011 Church Street, Galveston, TX, 77550",https://www.hfpgb.org/,Archdiocese of Galveston-Houston,Churches,https://www.archgh.org/parishfinder
Holy Family Parish (at St. Patrick Catholic Church),"3424 Avenue K, Galveston, TX, 77550",https://www.hfpgb.org/,Archdiocese of Galveston-Houston,Churches,https://www.archgh.org/parishfinder
Holy Family Parish (at Ursuline Chapel),"1525 25th St., Galveston, TX, 77550",https://www.hfpgb.org/,Archdiocese of Galveston-Houston,Churches,https://www.archgh.org/parishfinder
Holy Ghost Church,"6921 Chetwood Dr., Houston, TX, 77081-5697",https://www.holyghostchurch.net,Archdiocese of Galveston-Houston,Churches,https://www.archgh.org/parishfinder
Holy Name Church,"1920 Marion St., Houston, TX, 77009-8497",http://www.holynamecatholichouston.org,Archdiocese of Galveston-Houston,Churches,https://www.archgh.org/parishfinder
Holy Rosary Church,"3601 Milam Street, Houston, TX, 77002-9591",https://holyrosarycatholic.org/,Archdiocese of Galveston-Houston,Churches,https://www.archgh.org/parishfinder
Holy Rosary Church,"1416 George Street, Rosenberg, TX, 77471",https://www.hrccr.com/,Archdiocese of Galveston-Houston,Churches,https://www.archgh.org/parishfinder
Immaculate Conception Church,"608 5th Street, Sealy, TX, 77474",https://www.icc-sealy.org/,Archdiocese of Galveston-Houston,Churches,https://www.archgh.org/parishfinder
Immaculate Conception Church,"15994 Highway 159 W, Industry, TX, 78944",https://www.stsppbellvilletx.org/,Archdiocese of Galveston-Houston,Churches,https://www.archgh.org/parishfinder
Immaculate Conception Church,"7250 Harrisburg Blvd., Houston, TX, 77011-4791",https://www.icchouston.church,Archdiocese of Galveston-Houston,Churches,https://www.archgh.org/parishfinder
Immaculate Heart of Mary Church,"7539 Avenue K, Houston, TX, 77012-1033",https://www.immaculateheartofmary.org,Archdiocese of Galveston-Houston,Churches,https://www.archgh.org/parishfinder
La Divina Providencia Chapel,"7913 Munn St., Houston, TX, 77029",https://www.rcchouston.org/,Archdiocese of Galveston-Houston,Churches,https://www.archgh.org/parishfinder
Mary Queen Church,"606 Cedarwood Dr., Friendswood, TX, 77546",https://www.maryqueencatholicchurch.org/,Archdiocese of Galveston-Houston,Churches,https://www.archgh.org/parishfinder
Most Holy Trinity Church,"1713 North Tinsley Street, Angleton, TX, 77515-3551",https://www.mhtangleton.org/,Archdiocese of Galveston-Houston,Churches,https://www.archgh.org/parishfinder
Notre Dame Church,"7720 Boone Road,, Houston, TX, 77072",https://www.ndgh.org/,Archdiocese of Galveston-Houston,Churches,https://www.archgh.org/parishfinder
Our Lady of Czestochowa Church,"1731 Blalock Rd., Houston, TX, 77080-7240",https://www.polishchurchhouston.com,Archdiocese of Galveston-Houston,Churches,https://www.archgh.org/parishfinder
Our Lady of Fatima Church,"1705 8th St., Galena Park, TX, 77547-2924",https://www.olfparishgp.org,Archdiocese of Galveston-Houston,Churches,https://www.archgh.org/parishfinder
Our Lady of Grace Church,"1211 Michigan St. South, South Houston, TX, 77587-0164",,Archdiocese of Galveston-Houston,Churches,https://www.archgh.org/parishfinder
Our Lady of Guadalupe Church,"514 Carlisle St., Rosenberg, TX, 77471",https://olgrosenberg.org/,Archdiocese of Galveston-Houston,Churches,https://www.archgh.org/parishfinder
Our Lady of Guadalupe Church,"2405 Navigation Blvd., Houston, TX, 77003-1599",http://www.olghouston.org,Archdiocese of Galveston-Houston,Churches,https://www.archgh.org/parishfinder
Our Lady of Guadalupe Church,"1124 Beech St., Baytown, TX, 77520",https://olgbaytown.org/,Archdiocese of Galveston-Houston,Churches,https://www.archgh.org/parishfinder
Our Lady of Lavang Church,"12320 Old Foltin Rd., Houston, TX, 77086",https://lavangchurch.org/,Archdiocese of Galveston-Houston,Churches,https://www.archgh.org/parishfinder
Our Lady of Lourdes Church,"10114 Highway 6, Hitchcock, TX, 77563",https://www.ololchurch.org/,Archdiocese of Galveston-Houston,Churches,https://www.archgh.org/parishfinder
Our Lady of Lourdes Church,"6550 Fairbanks North Houston, Houston, TX, 77040-4307",https://www.loduc.org,Archdiocese of Galveston-Houston,Churches,https://www.archgh.org/parishfinder
Our Lady of Mount Carmel Church,"6723 Whitefriars Dr., Houston, TX, 77087-6598",https://www.mtcarmelalive.org,Archdiocese of Galveston-Houston,Churches,https://www.archgh.org/parishfinder
Our Lady of Perpetual Help Church,"310 North McKinney Street, Sweeny, TX, 77480",https://olphsja.org/,Archdiocese of Galveston-Houston,Churches,https://www.archgh.org/parishfinder
Our Lady of Sorrows Church,"3006 Kashmere St., Houston, TX, 77026-5999",https://www.ourladyhouston.org,Archdiocese of Galveston-Houston,Churches,https://www.archgh.org/parishfinder
Our Lady of St. John Church,"7500 Hirsch Rd., Houston, TX, 77016-6215",https://sites.google.com/view/virgendesanjuanhouston/home,Archdiocese of Galveston-Houston,Churches,https://www.archgh.org/parishfinder
Our Lady Star of the Sea Church,"1401 Fidelity St., Houston, TX, 77029-4624",https://www.olsoshoustontx.com,Archdiocese of Galveston-Houston,Churches,https://www.archgh.org/parishfinder
Our Mother of Mercy Church,"4000 Sumpter St., Houston, TX, 77020-2497",https://www.ourmotherofmercy.net,Archdiocese of Galveston-Houston,Churches,https://www.archgh.org/parishfinder
Prince of Peace Church,"19222 Tomball Parkway, Houston, TX, 77070",https://www.pophouston.org/,Archdiocese of Galveston-Houston,Churches,https://www.archgh.org/parishfinder
Queen of Peace Catholic Church,"1224 Cedar Dr., La Marque, TX, 77568",https://queenofpeacelamarque.org/,Archdiocese of Galveston-Houston,Churches,https://www.archgh.org/parishfinder
Queen of Peace Church,"3011 Telephone Rd., Houston, TX, 77023-5312",http://www.qophouston.com,Archdiocese of Galveston-Houston,Churches,https://www.archgh.org/parishfinder
Regina Caeli Parish,"8121 Breen Dr., Houston, TX, 77064",https://reginacaeliparish.org/,Archdiocese of Galveston-Houston,Churches,https://www.archgh.org/parishfinder
Resurrection Church,"915 Zoe St., Houston, TX, 77020-6898",https://www.rcchouston.org,Archdiocese of Galveston-Houston,Churches,https://www.archgh.org/parishfinder
Sacred Heart Church,"507 S. 4th Street, Richmond, TX, 77469",https://www.sacredhrt.com/,Archdiocese of Galveston-Houston,Churches,https://www.archgh.org/parishfinder
Sacred Heart Church,"4445 FM 359 North, Pattison, TX, 77466-0300",https://shpattison.org/,Archdiocese of Galveston-Houston,Churches,https://www.archgh.org/parishfinder
Sacred Heart Church,"915 Runneburg Rd., Crosby, TX, 77532",https://shcrosby.org/,Archdiocese of Galveston-Houston,Churches,https://www.archgh.org/parishfinder
Sacred Heart Church,"109 N Frazier St, Conroe, TX, 77301",https://shconroe.org/,Archdiocese of Galveston-Houston,Churches,https://www.archgh.org/parishfinder
Sacred Heart of Jesus Church,"6502 County Road 48, Manvel, TX, 77578",https://sacredheartmanvel.org/,Archdiocese of Galveston-Houston,Churches,https://www.archgh.org/parishfinder
Shrine of the True Cross Church,"300 FM 517 Rd E, Dickinson, TX, 77539",https://truecrosschurch.org/,Archdiocese of Galveston-Houston,Churches,https://www.archgh.org/parishfinder
St. Albert of Trapani Church,"11027 S. Gessner Road, Houston, TX, 77071",http://www.stalbertoftrapani.org/,Archdiocese of Galveston-Houston,Churches,https://www.archgh.org/parishfinder
St. Alphonsus Church,"9217 E. Avenue L, Houston, TX, 77012-2727",https://www.stalphonsushouston.org,Archdiocese of Galveston-Houston,Churches,https://www.archgh.org/parishfinder
St. Ambrose Church,"4213 Mangum Rd., Houston, TX, 77092-5599",https://stambrosehouston.org,Archdiocese of Galveston-Houston,Churches,https://www.archgh.org/parishfinder
St. Andrew Church,"827 Sheldon Road, Channelview, TX, 77530",http://standrewchurch.net/,Archdiocese of Galveston-Houston,Churches,https://www.archgh.org/parishfinder
St. Andrew Kim Church,"1706 Bingle Rd., Houston, TX, 77055-2336",https://sakhouston.org/,Archdiocese of Galveston-Houston,Churches,https://www.archgh.org/parishfinder
St. Angela Merici Church,"9009 Sienna Ranch Road, Missouri City, TX, 77459",https://stamericigh.com/,Archdiocese of Galveston-Houston,Churches,https://www.archgh.org/parishfinder
St. Anne Church,"2140 Westheimer Rd., Houston, TX, 77098-1419",https://www.saintanne.org,Archdiocese of Galveston-Houston,Churches,https://www.archgh.org/parishfinder
St. Anne Church,"1111 S. Cherry St., Tomball, TX, 77375",https://stanne-tomball.org/,Archdiocese of Galveston-Houston,Churches,https://www.archgh.org/parishfinder
St. Anne De Beaupre Church,"2810 Link Rd., Houston, TX, 77009-1196",,Archdiocese of Galveston-Houston,Churches,https://www.archgh.org/parishfinder
St. Anthony de Padua Church,"1523 Main St., Danbury, TX, 77534",https://saopdtx.org/,Archdiocese of Galveston-Houston,Churches,https://www.archgh.org/parishfinder
St. Anthony of Padua Church,"7801 Bay Branch Drive, The Woodlands, TX, 77382",https://ap.church/,Archdiocese of Galveston-Houston,Churches,https://www.archgh.org/parishfinder
St. Augustine Church,"5560 Laurel Creek Way, Houston, TX, 77017-6729",https://www.staugustinecc.org,Archdiocese of Galveston-Houston,Churches,https://www.archgh.org/parishfinder
St. Bartholomew the Apostle Church,"5356 11th St., Katy, TX, 77493",https://st-bart.org/,Archdiocese of Galveston-Houston,Churches,https://www.archgh.org/parishfinder
St. Benedict the Abbot Church,"4025 Grapevine St., Houston, TX, 77045-6320",https://www.sbahouston.org/,Archdiocese of Galveston-Houston,Churches,https://www.archgh.org/parishfinder
St. Bernadette Church,"15500 El Camino Real, Houston, TX, 77062",https://www.stbchurch.org/,Archdiocese of Galveston-Houston,Churches,https://www.archgh.org/parishfinder
St. Catherine of Siena Church,"10688 Shadow Wood Drive, Houston, TX, 77043",https://stcatherine-houston.org/,Archdiocese of Galveston-Houston,Churches,https://www.archgh.org/parishfinder
St. Cecilia Church,"11720 Joan of Arc Dr., Houston, TX, 77024-2602",https://www.saintcecilia.org,Archdiocese of Galveston-Houston,Churches,https://www.archgh.org/parishfinder
St. Charles Borromeo Church,"501 Tidwell Rd., Houston, TX, 77022-2121",https://www.stcharleshouston.org,Archdiocese of Galveston-Houston,Churches,https://www.archgh.org/parishfinder
St. Christopher Church,"8150 Park Place Blvd., Houston, TX, 77017",https://www.stchristopherhouston.org,Archdiocese of Galveston-Houston,Churches,https://www.archgh.org/parishfinder
St. Clare of Assisi Church,"3131 El Dorado Blvd., Houston, TX, 77059",https://stclarehouston.org/,Archdiocese of Galveston-Houston,Churches,https://www.archgh.org/parishfinder
St. Cyril of Alexandria Church,"10503 Westheimer Rd., Houston, TX, 77042-3502",https://www.stcyrilhouston.org,Archdiocese of Galveston-Houston,Churches,https://www.archgh.org/parishfinder
St. Dominic Catholic Church,"8215 Reservoir St., Houston, TX, 77049",https://stdominichouston.org/,Archdiocese of Galveston-Houston,Churches,https://www.archgh.org/parishfinder
St. Edith Stein Church,"3311 N. Fry Rd, Katy, TX, 77449",https://stedithstein.org/,Archdiocese of Galveston-Houston,Churches,https://www.archgh.org/parishfinder
St. Edward Church,"2601 Spring Stuebner Rd, Spring, TX, 77389",https://saintedward.org/,Archdiocese of Galveston-Houston,Churches,https://www.archgh.org/parishfinder
St. Elizabeth Ann Seton Church,"6646 Addicks Satsuma Dr., Houston, TX, 77084",https://seascatholic.org/,Archdiocese of Galveston-Houston,Churches,https://www.archgh.org/parishfinder
St. Faustina Catholic Church,"28102 FM 1093, Fulshear, TX, 77441",https://saintfaustinachurch.org/,Archdiocese of Galveston-Houston,Churches,https://www.archgh.org/parishfinder
St. Frances Cabrini Church,"10727 Hartsook St, Houston, TX, 77034",https://cabrinihouston.org/,Archdiocese of Galveston-Houston,Churches,https://www.archgh.org/parishfinder
St. Francis de Sales Church,"8200 Roos Rd., Houston, TX, 77036-6399",https://www.sfds-houston.org,Archdiocese of Galveston-Houston,Churches,https://www.archgh.org/parishfinder
St. Francis of Assisi Church,"5102 Dabney St., Houston, TX, 77026-3015",https://www.stfrancisofhouston.org,Archdiocese of Galveston-Houston,Churches,https://www.archgh.org/parishfinder
St. Francis Xavier Church,"4600 Reed Rd, Houston, TX, 77051-2857",https://www.sfxhouston.com,Archdiocese of Galveston-Houston,Churches,https://www.archgh.org/parishfinder
St. Gregory the Great Church,"10500 Nold Drive, Houston, TX, 77016-2921",https://www.stgregorygcc.com,Archdiocese of Galveston-Houston,Churches,https://www.archgh.org/parishfinder
St. Helen Catholic Church,"2209 Old Alvin Rd., Pearland, TX, 77581",https://www.sthelenchurch.org/,Archdiocese of Galveston-Houston,Churches,https://www.archgh.org/parishfinder
St. Hyacinth Church,"2921 Center Street, Deer Park, TX, 77536",https://sthyacinth.org/,Archdiocese of Galveston-Houston,Churches,https://www.archgh.org/parishfinder
St. Ignatius of Loyola,"7810 Cypresswood Drive, Spring, TX, 77379",https://www.silcc.org/,Archdiocese of Galveston-Houston,Churches,https://www.archgh.org/parishfinder
St. James the Apostle Church,"22800 Aldine-Westfield Rd., Spring, TX, 77373",https://www.stjta.org/,Archdiocese of Galveston-Houston,Churches,https://www.archgh.org/parishfinder
St. Jerome Catholic Church,"201 N Lazy Ln., Clute, TX, 77531",https://stjeromeclute.org/,Archdiocese of Galveston-Houston,Churches,https://www.archgh.org/parishfinder
St. Jerome Church,"8825 Kempwood Dr., Houston, TX, 77080-4199",https://www.stjeromehou.org,Archdiocese of Galveston-Houston,Churches,https://www.archgh.org/parishfinder
St. John Fisher Church,"410 Clay Street, Richmond, TX, 77469",https://www.stjohnfisher.info/,Archdiocese of Galveston-Houston,Churches,https://www.archgh.org/parishfinder
St. John Neumann Church,"2730 Nelwood Dr., Houston, TX, 77038",https://www.sjnhouston.org/,Archdiocese of Galveston-Houston,Churches,https://www.archgh.org/parishfinder
St. John of the Cross Church,"20000 Loop 494, New Caney, TX, 77357",https://sjotctx.org/,Archdiocese of Galveston-Houston,Churches,https://www.archgh.org/parishfinder
St. John the Apostle Mission,"807 Loggins Street, West Columbia, TX, 77486",https://olphsja.org/,Archdiocese of Galveston-Houston,Churches,https://www.archgh.org/parishfinder
St. John the Baptist Church,"110 E. South Street, Alvin, TX, 77511",https://www.stjohnalvin.org/,Archdiocese of Galveston-Houston,Churches,https://www.archgh.org/parishfinder
St. John the Evangelist Church,"800 W. Baker Road, Baytown, TX, 77521-2311",https://stjohnbaytown.org/,Archdiocese of Galveston-Houston,Churches,https://www.archgh.org/parishfinder
St. John Vianney Church,"625 Nottingham Oaks Trail, Houston, TX, 77079",https://www.stjohnvianney.org/,Archdiocese of Galveston-Houston,Churches,https://www.archgh.org/parishfinder
St. Joseph Church,"1907 Carolina St., Baytown, TX, 77520",https://www.stjosephbaytown.org/,Archdiocese of Galveston-Houston,Churches,https://www.archgh.org/parishfinder
St. Joseph Church,"101 Elmore St, New Waverly, TX, 77358",https://st-josephtx.org/,Archdiocese of Galveston-Houston,Churches,https://www.archgh.org/parishfinder
St. Joseph Church,"1505 Kane St., Houston, TX, 77007-7711",http://www.saintjoseph.org/en/,Archdiocese of Galveston-Houston,Churches,https://www.archgh.org/parishfinder
St. Joseph Mission,"11323 County Road 304, Stoneham, TX, 77868",https://smsj.org/,Archdiocese of Galveston-Houston,Churches,https://www.archgh.org/parishfinder
St. Joseph on the Brazos Church,"219 CR 762, Brazoria, TX, 77422",https://stjosephonthebrazos.com/,Archdiocese of Galveston-Houston,Churches,https://www.archgh.org/parishfinder
St. Juan Diego Church,"3301 Pasadena Blvd, Pasadena, TX, 77503",https://www.facebook.com/stjuandiegocatholic/,Archdiocese of Galveston-Houston,Churches,https://www.archgh.org/parishfinder
St. Jude Thaddeus Church,"800 S. Main, Highlands, TX, 77562-4236",,Archdiocese of Galveston-Houston,Churches,https://www.archgh.org/parishfinder
St. Justin Martyr Church,"13350 Ashford Point Dr., Houston, TX, 77082",https://sjmtx.com/,Archdiocese of Galveston-Houston,Churches,https://www.archgh.org/parishfinder
St. Katharine Drexel Church,"800 FM 1488 Road, Hempstead, TX, 77445",https://skdcc.com/,Archdiocese of Galveston-Houston,Churches,https://www.archgh.org/parishfinder
St. Laurence Church,"3100 Sweetwater Boulevard, Sugar Land, TX, 77479",https://stlaurence.org/,Archdiocese of Galveston-Houston,Churches,https://www.archgh.org/parishfinder
St. Leo the Great Church,"2131 Lauder Rd., Houston, TX, 77039-3199",https://www.stleohouston.org,Archdiocese of Galveston-Houston,Churches,https://www.archgh.org/parishfinder
St. Luke the Evangelist Church,"11011 Hall Rd, Houston, TX, 77089",https://stlukescatholic.com/,Archdiocese of Galveston-Houston,Churches,https://www.archgh.org/parishfinder
St. Mark the Evangelist Church,"5430 W Ridge Creek Dr, Houston, TX, 77053",https://stmarkshouston.org/,Archdiocese of Galveston-Houston,Churches,https://www.archgh.org/parishfinder
St. Martha Church,"4301 Woodridge Parkway, Porter, TX, 77365",https://stmartha.com/,Archdiocese of Galveston-Houston,Churches,https://www.archgh.org/parishfinder
St. Martin de Porres Church,"12606 Crosby-Lynchburg Rd, Barrett Station, TX, 77532",https://www.stmartinbarrett.org/,Archdiocese of Galveston-Houston,Churches,https://www.archgh.org/parishfinder
St. Mary Church,"8227 County Road 205, Plantersville, TX, 77363",https://smsj.org/,Archdiocese of Galveston-Houston,Churches,https://www.archgh.org/parishfinder
St. Mary Church,"816 Park Dr, La Porte, TX, 77571",https://www.stmaryslaporteic.com/,Archdiocese of Galveston-Houston,Churches,https://www.archgh.org/parishfinder
St. Mary Magdalene Church,"527 South Houston Avenue, Humble, TX, 77338",https://st-mm.com/,Archdiocese of Galveston-Houston,Churches,https://www.archgh.org/parishfinder
St. Mary of the Expectation Church,"1612 E Walker St., League City, TX, 77573",https://www.saintmcc.org/,Archdiocese of Galveston-Houston,Churches,https://www.archgh.org/parishfinder
St. Mary of the Miraculous Medal Church,"1604 9th Ave N, Texas City, TX, 77590",https://stmarycctc.org/,Archdiocese of Galveston-Houston,Churches,https://www.archgh.org/parishfinder
St. Mary of the Purification Church,"3006 Rosedale Street, Houston, TX, 77004-6128",https://www.stmaryshouston.org,Archdiocese of Galveston-Houston,Churches,https://www.archgh.org/parishfinder
"St. Mary, Star of the Sea Church","1019 West 6th Street, Freeport, TX, 77541",https://stmarystarofthesea.org/,Archdiocese of Galveston-Houston,Churches,https://www.archgh.org/parishfinder
St. Mary's Catholic Church,"10471 Grotto Rd., Frydek, TX, 77474",https://stmarysfrydek.org,Archdiocese of Galveston-Houston,Churches,https://www.archgh.org/parishfinder
St. Matthew the Evangelist Church,"9915 Hollister St., Houston, TX, 77040",https://stmatthewhou.org/,Archdiocese of Galveston-Houston,Churches,https://www.archgh.org/parishfinder
St. Matthias the Apostle Church,"302 S. Magnolia Blvd, Magnolia, TX, 77355",https://st-matthias.net/,Archdiocese of Galveston-Houston,Churches,https://www.archgh.org/parishfinder
St. Maximilian Kolbe Church,"10135 West Rd, Houston, TX, 77064",https://stmaximilian.org/,Archdiocese of Galveston-Houston,Churches,https://www.archgh.org/parishfinder
St. Michael the Archangel Church,"9214 Main Street, Needville, TX, 77461",https://needvillecatholic.com/,Archdiocese of Galveston-Houston,Churches,https://www.archgh.org/parishfinder
St. Michael the Archangel Church,"1801 Sage Rd., Houston, TX, 77056-3502",https://www.stmichaelchurch.net,Archdiocese of Galveston-Houston,Churches,https://www.archgh.org/parishfinder
St. Michael the Archangel Church,"100 Oak Drive South, Lake Jackson, TX, 77566",https://smlj.org/,Archdiocese of Galveston-Houston,Churches,https://www.archgh.org/parishfinder
St. Monica Church,"8421 W Montgomery Rd., Houston, TX, 77088-7116",https://www.stmonicahouston.com,Archdiocese of Galveston-Houston,Churches,https://www.archgh.org/parishfinder
St. Nicholas Church,"2508 Clay Street, Houston, TX, 77003-4406",http://stnicholashouston.org,Archdiocese of Galveston-Houston,Churches,https://www.archgh.org/parishfinder
St. Patrick Church,"4918 Cochran St., Houston, TX, 77009-2117",https://www.stpatrickhouston.com,Archdiocese of Galveston-Houston,Churches,https://www.archgh.org/parishfinder
St. Paul the Apostle Church,"18223 Point Lookout Dr., Nassau Bay, TX, 77058",https://stpaulcatholic.org/,Archdiocese of Galveston-Houston,Churches,https://www.archgh.org/parishfinder
St. Peter Claver Church,"6005 N. Wayside Dr, Houston, TX, 77028-4494",http://www.stpeterclaverhouston.com/,Archdiocese of Galveston-Houston,Churches,https://www.archgh.org/parishfinder
St. Peter the Apostle Church,"6220 La Salette St., Houston, TX, 77021-1323",https://www.stpeterhouston.org,Archdiocese of Galveston-Houston,Churches,https://www.archgh.org/parishfinder
St. Philip Neri Church,"10960 Martin Luther King Jr. Blvd., Houston, TX, 77048-1896",https://www.stphilipnerichurch.org,Archdiocese of Galveston-Houston,Churches,https://www.archgh.org/parishfinder
St. Philip of Jesus Church,"9700 Villita St., Houston, TX, 77013-3851",https://stphilipofjesushouston.org/,Archdiocese of Galveston-Houston,Churches,https://www.archgh.org/parishfinder
St. Philip the Apostle Church,"2308 3rd Street, Huffman, TX, 77336",https://stphiliphuffmantx.org/,Archdiocese of Galveston-Houston,Churches,https://www.archgh.org/parishfinder
St. Pius V Church,"824 Main St., Pasadena, TX, 77506-3532",https://www.stpiusvchurch.com,Archdiocese of Galveston-Houston,Churches,https://www.archgh.org/parishfinder
St. Raphael the Archangel Church,"3915 Ocee St., Houston, TX, 77063-5417",,Archdiocese of Galveston-Houston,Churches,https://www.archgh.org/parishfinder
St. Rose of Lima Church,"3600 Brinkman St., Houston, TX, 77018-6329",https://www.stroselima.org,Archdiocese of Galveston-Houston,Churches,https://www.archgh.org/parishfinder
St. Stanislaus Kostka Church,"1511 Highway 90 South, Anderson, TX, 77830",https://saintstans.org/,Archdiocese of Galveston-Houston,Churches,https://www.archgh.org/parishfinder
St. Stephen Catholic Church,"1912 Center St., Houston, TX, 77007-6106",http://www.saintjoseph.org,Archdiocese of Galveston-Houston,Churches,https://www.archgh.org/parishfinder
St. Stephen the Martyr Mission,"101 Stagecoach Rd, Hwy 156, Point Blank, TX, 77364",https://www.stjosephnewwaverlytx.net,Archdiocese of Galveston-Houston,Churches,https://www.archgh.org/parishfinder
St. Theresa Church,"705 St. Theresa Blvd., Sugar Land, TX, 77498",https://www.sugarlandcatholic.com/,Archdiocese of Galveston-Houston,Churches,https://www.archgh.org/parishfinder
St. Theresa Church,"6622 Haskell St., Houston, TX, 77007-2097",https://www.sttheresa.cc,Archdiocese of Galveston-Houston,Churches,https://www.archgh.org/parishfinder
St. Thomas Aquinas Catholic Church,"12627 W. Bellfort Ave., Sugar Land, TX, 77478",https://www.stasugarland.com/,Archdiocese of Galveston-Houston,Churches,https://www.archgh.org/parishfinder
St. Thomas More Church,"10330 Hillcroft St., Houston, TX, 77096-4795",https://www.stmhouston.org,Archdiocese of Galveston-Houston,Churches,https://www.archgh.org/parishfinder
St. Thomas the Apostle Church,"1323 16th St., Huntsville, TX, 77340",https://saintthomashuntsville.org/,Archdiocese of Galveston-Houston,Churches,https://www.archgh.org/parishfinder
St. Vincent de Paul Church,"6800 Buffalo Speedway, Houston, TX, 77025-1499",https://www.svdp-houston.org,Archdiocese of Galveston-Houston,Churches,https://www.archgh.org/parishfinder
St. Wenceslaus Catholic Church,"407 S Third Street, Beasley, TX, 77417",https://www.stwccbeasley.com/,Archdiocese of Galveston-Houston,Churches,https://www.archgh.org/parishfinder
Sts. Cyril & Methodius Church,"9214 Main Street, Needville, TX, 77461",https://needvillecatholic.com/,Archdiocese of Galveston-Houston,Churches,https://www.archgh.org/parishfinder
Sts. Peter & Paul Church,"936 South Front Street, Bellville, TX, 77418",https://stsppbellvilletx.org/,Archdiocese of Galveston-Houston,Churches,https://www.archgh.org/parishfinder
Sts. Simon & Jude Church,"26777 Glen Loch Dr, The Woodlands, TX, 77381",https://www.ssjwoodlands.com/,Archdiocese of Galveston-Houston,Churches,https://www.archgh.org/parishfinder
Vietnamese Martyrs Church,"10610 Kingspoint Rd., Houston, TX, 77075",https://vietnammartyrs.org/,Archdiocese of Galveston-Houston,Churches,https://www.archgh.org/parishfinder
Blessed Sacrament Catholic Church,"2500 S. Bolton Street, Amarillo, TX, 79103",https://blessedsacramentama.org/,Diocese of Amarillo,Sunday Mass Schedule,https://www.amarillodiocese.org/parishfinder
Catholic Student Center at WTAMU,"2610 4th Avenue, Canyon, TX, 79015",https://wtcsc.org/,Diocese of Amarillo,Sunday Mass Schedule,https://www.amarillodiocese.org/parishfinder
Christ the King Catholic Church,"927 S. Main Sreet, Sunray, TX, 79086",https://christthekingsunraytx.com/,Diocese of Amarillo,Sunday Mass Schedule,https://www.amarillodiocese.org/parishfinder
Church of the Holy Spirit,"511 S. Austin Avenue, Tulia, TX, 79088",https://holyspirittuliatx.com/,Diocese of Amarillo,Sunday Mass Schedule,https://www.amarillodiocese.org/parishfinder
Cristo Redentor Catholic Church,"603 Main Street, Gruver, TX, 79040",https://cristoredentorgruvertx.com/,Diocese of Amarillo,Sunday Mass Schedule,https://www.amarillodiocese.org/parishfinder
Diocese of Amarillo,"4512 NE 24th Ave, Amarillo, TX, 79107",http://www.amarillodiocese.org,Diocese of Amarillo,Sunday Mass Schedule,https://www.amarillodiocese.org/parishfinder
Holy Angels Catholic Church,"Ave B SW & 6th St SW, Childress, TX, 79201",https://holyangelchildresstx.com/,Diocese of Amarillo,Sunday Mass Schedule,https://www.amarillodiocese.org/parishfinder
Holy Family Catholic Church,"210 St. Joseph Street, Nazareth, TX, 79063",https://hfpnaz.org/,Diocese of Amarillo,Sunday Mass Schedule,https://www.amarillodiocese.org/parishfinder
Holy Name of Jesus Catholic Church,"317 W. Main Street, Happy, TX, 79042",https://stmarysumbarger.com/holy-name-of-jesus,Diocese of Amarillo,Sunday Mass Schedule,https://www.amarillodiocese.org/parishfinder
Immaculate Conception Catholic Church,"1001 W. Halsell, Dimmitt, TX, 79027",https://iccdimmitt.org/,Diocese of Amarillo,Sunday Mass Schedule,https://www.amarillodiocese.org/parishfinder
Immaculate Conception Catholic Church,"905 S. Main Street, Vega, TX, 79092",https://immaculateconceptionvega.org/,Diocese of Amarillo,Sunday Mass Schedule,https://www.amarillodiocese.org/parishfinder
Immaculate Conception Catholic Church,"1000 SW. 15th Avenue, Perryton, TX, 79070",https://immaculateconceptionperrytontx.com/,Diocese of Amarillo,Sunday Mass Schedule,https://www.amarillodiocese.org/parishfinder
Immaculate Heart of Mary Catholic Church,"411 Ware Street, Groom, TX, 79086",https://immaculateheartgroomtx.com/,Diocese of Amarillo,Sunday Mass Schedule,https://www.amarillodiocese.org/parishfinder
Our Lady of Guadalupe Catholic Church,"1210 SE. 11th Avenue, Amarillo, TX, 79102",https://olgamarillo.org/,Diocese of Amarillo,Sunday Mass Schedule,https://www.amarillodiocese.org/parishfinder
Our Lady of Guadalupe Catholic Church,"501 Center Drive, Cactus, TX, 79013",https://olgcactustx.com/,Diocese of Amarillo,Sunday Mass Schedule,https://www.amarillodiocese.org/parishfinder
Our Lady Of Loreto Catholic Church,"303 Pulitzer Street, Silverton, TX, 79257",,Diocese of Amarillo,Sunday Mass Schedule,https://www.amarillodiocese.org/parishfinder
Our Lady of Vietnam Catholic Church,"2001 N. Grand Street, Amarillo, Texas, 79107",,Diocese of Amarillo,Sunday Mass Schedule,https://www.amarillodiocese.org/parishfinder
Our Mother of Mercy Catholic Church,"1108 Floydada Street, Wellington, TX, 79095",https://motherofmercywellingtontx.com/,Diocese of Amarillo,Sunday Mass Schedule,https://www.amarillodiocese.org/parishfinder
Sacred Heart Catholic Church,"213 N. 3rd Street, Memphis, TX, 79245",https://sacredheartmemphistx.com/,Diocese of Amarillo,Sunday Mass Schedule,https://www.amarillodiocese.org/parishfinder
Sacred Heart Catholic Church,"800 E. Kingman Avenue, Canadian, TX, 79014",https://shcanadiantx.org/,Diocese of Amarillo,Sunday Mass Schedule,https://www.amarillodiocese.org/parishfinder
Sacred Heart Catholic Church,"613 N. Main Street, White Deer, TX, 79097",https://sacredheartwhitedeertx.com/,Diocese of Amarillo,Sunday Mass Schedule,https://www.amarillodiocese.org/parishfinder
Sacred Heart of Jesus Catholic Church,"901 S. Roland Street, Spearman, TX, 79081",https://sacredheartspearman.com/,Diocese of Amarillo,Sunday Mass Schedule,https://www.amarillodiocese.org/parishfinder
San Jose Catholic Church,"735 Brevard Street, Hereford, TX, 79045",https://sanjoseherefordtx.com/,Diocese of Amarillo,Sunday Mass Schedule,https://www.amarillodiocese.org/parishfinder
San Juan Diego Catholic Church,"400 3rd, Quitaque, TX, 79255",http://quitaque.com/q/juan_diego_catholic_center.htm,Diocese of Amarillo,Sunday Mass Schedule,https://www.amarillodiocese.org/parishfinder
St. Ann's Catholic Church,"605 38th Street, Canyon, TX, 79015",http://www.stannsofcanyon.org,Diocese of Amarillo,Sunday Mass Schedule,https://www.amarillodiocese.org/parishfinder
St. Ann's Catholic Church,"409 S. 3rd Street, Bovina, TX, 79009",https://stannbovina.com/,Diocese of Amarillo,Sunday Mass Schedule,https://www.amarillodiocese.org/parishfinder
St. Ann’s Mission,"817 W. 6th Street, Stinnett, TX, 79083",https://saintjohntx.org/st-anns-mission-stinnett-tx,Diocese of Amarillo,Sunday Mass Schedule,https://www.amarillodiocese.org/parishfinder
St. Anthony Catholic Church,"114 Sunset Drive, Hereford, TX, 79045",https://stanthonyscatholicparish.com/,Diocese of Amarillo,Sunday Mass Schedule,https://www.amarillodiocese.org/parishfinder
St. Anthony of Padua Catholic Church,"411 Texas Blvd., Dalhart, TX, 79022",https://stanthony-dalhart.org/,Diocese of Amarillo,Sunday Mass Schedule,https://www.amarillodiocese.org/parishfinder
St. Elizabeth Ann Seton Catholic Church,"902 Alexander St, Turkey, TX, 79261",,Diocese of Amarillo,Sunday Mass Schedule,https://www.amarillodiocese.org/parishfinder
St. Francis Catholic Church,"5005 Klinke Road, Amarillo, TX, 79108",https://stfrancisamarillo.org/,Diocese of Amarillo,Sunday Mass Schedule,https://www.amarillodiocese.org/parishfinder
St. Hyacinth Catholic Church,"4500 West Hills Trail, Amarillo, Texas, 79106",https://sthyacinthamarillo.org/,Diocese of Amarillo,Sunday Mass Schedule,https://www.amarillodiocese.org/parishfinder
St. John Nepomucene Catholic Church,"312 7th Street, Hart, TX, 79043",https://saintjohnhart.org/,Diocese of Amarillo,Sunday Mass Schedule,https://www.amarillodiocese.org/parishfinder
St. John the Evangelist Catholic Church,"201 Saint John's Road, Borger, TX, 79007",https://saintjohntx.org/,Diocese of Amarillo,Sunday Mass Schedule,https://www.amarillodiocese.org/parishfinder
St. Joseph Catholic Church,"4122 S. Bonham Street, Amarillo, TX, 79110",https://stjosephamarillo.com/,Diocese of Amarillo,Sunday Mass Schedule,https://www.amarillodiocese.org/parishfinder
St. Joseph's Catholic Church,"515 S. Pearl Street, Stratford, TX, 79084",https://stjosephstratfordtx.com/,Diocese of Amarillo,Sunday Mass Schedule,https://www.amarillodiocese.org/parishfinder
St. Laurence Catholic Church,"2300 N. Spring Street, Amarillo, TX, 79107",https://stlaurenceamarillotx.com/,Diocese of Amarillo,Sunday Mass Schedule,https://www.amarillodiocese.org/parishfinder
St. Martin de Porres Catholic Church,"1507 N. Adams Street, Amarillo, TX, 79107",https://stmartinamarillotx.com/,Diocese of Amarillo,Sunday Mass Schedule,https://www.amarillodiocese.org/parishfinder
St. Mary's Catholic Cathedral,"1200 S. Washington Street, Amarillo, TX, 79102",https://stmarysamarillo.com/,Diocese of Amarillo,Sunday Mass Schedule,https://www.amarillodiocese.org/parishfinder
St. Mary's Catholic Church,"305 E. Pine Street, Texline, TX, 79087",https://stmarystexline.org/,Diocese of Amarillo,Sunday Mass Schedule,https://www.amarillodiocese.org/parishfinder
St. Mary's Catholic Church,"801 S. Canadian Street, Wheeler, TX, 79096",https://stmaryswheelertx.org/,Diocese of Amarillo,Sunday Mass Schedule,https://www.amarillodiocese.org/parishfinder
St. Mary's Catholic Church,"604 Montgomery Street, Clarendon, TX, 79226",https://stmaryclarendon.org/,Diocese of Amarillo,Sunday Mass Schedule,https://www.amarillodiocese.org/parishfinder
St. Mary's Catholic Church,"22830 Pondesetta Road, Umbarger, TX, 79091",https://stmarysumbarger.com/,Diocese of Amarillo,Sunday Mass Schedule,https://www.amarillodiocese.org/parishfinder
St. Patrick's Catholic Church,"500 S. Main Street, Shamrock, TX, 79079",https://stpatrickshamrocktx.com/,Diocese of Amarillo,Sunday Mass Schedule,https://www.amarillodiocese.org/parishfinder
St. Paul the Apostle Catholic Church,"610 S. Dudley Street, Kress, TX, 79052",https://stpaulkresstx.com/,Diocese of Amarillo,Sunday Mass Schedule,https://www.amarillodiocese.org/parishfinder
St. Peter's Catholic Church,"505 E. Mitchell Road, Booker, TX, 79005",,Diocese of Amarillo,Sunday Mass Schedule,https://www.amarillodiocese.org/parishfinder
St. Theresa Catholic Church,"125 Little Flower Way, Panhandle, TX, 79068",https://sttheresapanhandletx.org/,Diocese of Amarillo,Sunday Mass Schedule,https://www.amarillodiocese.org/parishfinder
St. Theresa of Jesus Catholic Church,"401 W. 17th Street, Friona, TX, 79035",https://stteresafrionatx.com/,Diocese of Amarillo,Sunday Mass Schedule,https://www.amarillodiocese.org/parishfinder
St. Thomas the Apostle Catholic Church,"4100 S. Coulter Street, Amarillo, TX, 79109",https://amarillo.church/,Diocese of Amarillo,Sunday Mass Schedule,https://www.amarillodiocese.org/parishfinder
St. Vincent de Paul,"810 W. 23rd Street, Pampa, TX, 79065",https://stvincentpampa.com/,Diocese of Amarillo,Sunday Mass Schedule,https://www.amarillodiocese.org/parishfinder
Sts. Peter & Paul Catholic Church,"915 S. Maddox Avenue, Dumas, TX, 79029",https://sppdumas.org/,Diocese of Amarillo,Sunday Mass Schedule,https://www.amarillodiocese.org/parishfinder
Marian Shrine of Our Lady of Schoenstatt,"225 Addie Roy Road, Austin, TX, 78746",https://schoenstatt-austin.us/,Diocese of Austin,Sunday Mass Schedule,https://www.austindiocese.org/parishfinder
Our Lady's Maronite Catholic Church,"1320 E. 51st Street, Austin, TX, 78723",https://ourladysmaronite.org/,Diocese of Austin,Sunday Mass Schedule,https://www.austindiocese.org/parishfinder
St. Alphonsa Syro-Malabar Catholic Church,"3600 CO RD 175, Leander, Texas, 78641",http://www.stalphonsaaustin.com/,Diocese of Austin,Sunday Mass Schedule,https://www.austindiocese.org/parishfinder
St. Elizabeth Ann Seton (Comanche Chapel) - Ft. Hood,"31st St/Tank Destroyer Ave Bldg 320, Fort Hood, Texas, 76544",,Diocese of Austin,Sunday Mass Schedule,https://www.austindiocese.org/parishfinder
Cristo Rey,"2110 East 2nd Street, Austin, TX, 78702",https://austincristorey.org/,Diocese of Austin,Austin Central Deanery,https://www.austindiocese.org/parishfinder
Holy Cross Church,"1610 E. 11th St., Austin, TX, 78702",https://holycrossaustin.org/,Diocese of Austin,Austin Central Deanery,https://www.austindiocese.org/parishfinder
Our Lady of Guadalupe Parish - Austin,"1206 E. Ninth St., Austin, Texas, 78702",http://www.olgaustin.org/,Diocese of Austin,Austin Central Deanery,https://www.austindiocese.org/parishfinder
Sacred Heart Catholic Church,"5909 Reicher Dr., Austin, TX, 78723",https://sacredheartchurchaustin.org/,Diocese of Austin,Austin Central Deanery,https://www.austindiocese.org/parishfinder
Saint Mary Cathedral,"203 East 10th Street, Austin, TX, 78701",https://smcaustin.org/,Diocese of Austin,Austin Central Deanery,https://www.austindiocese.org/parishfinder
San José Catholic Church,"2435 Oak Crest, Austin, TX, 78704",https://sanjosechurch.org/,Diocese of Austin,Austin Central Deanery,https://www.austindiocese.org/parishfinder
Santa Barbara Parish,"13713 FM 969, Austin, TX, 78724",https://pdjg0a.sites.ecatholic.com/,Diocese of Austin,Austin Central Deanery,https://www.austindiocese.org/parishfinder
St. Austin Catholic Parish,"2026 Guadalupe St., Austin, TX, 78705",https://staustin.org/,Diocese of Austin,Austin Central Deanery,https://www.austindiocese.org/parishfinder
St. Edward's Campus Ministry - Austin,"3001 S. Congress Ave., Austin, Texas, 78704",http://www.stedwards.edu/campus-ministry,Diocese of Austin,,https://www.austindiocese.org/parishfinder
St. Ignatius Martyr Catholic Church,"126 W. Oltorf St., Austin, TX, 78704",https://st-ignatius.org/,Diocese of Austin,,https://www.austindiocese.org/parishfinder
St. Julia Parish - Austin,"900 Tillery St., Austin, TX, 78702",https://stjuliacatholicchurch.org/,Diocese of Austin,,https://www.austindiocese.org/parishfinder
University Catholic Center,"2010 University Ave., Austin, TX, 78705",https://utcatholic.org/,Diocese of Austin,,https://www.austindiocese.org/parishfinder
Holy Vietnamese Martyrs Parish - Austin,"1107 E. Yager Lane, Austin, Texas, 78753",http://www.hvmcc.org/,Diocese of Austin,Austin North Deanery,https://www.austindiocese.org/parishfinder
St. Albert the Great Catholic Church,"12041 Bittern Hollow, Austin, TX, 78758",https://saintalbert.org/,Diocese of Austin,Austin North Deanery,https://www.austindiocese.org/parishfinder
St. Louis King of France Catholic Church and School,"7601 Burnet Rd., Austin, TX, 78757",https://st-louis.org/,Diocese of Austin,Austin North Deanery,https://www.austindiocese.org/parishfinder
St. Margaret Mary Catholic Church,"1101 W. New Hope Dr., Cedar Park, TX, 78613",https://stmargaretmary.com/,Diocese of Austin,Austin North Deanery,https://www.austindiocese.org/parishfinder
"St. Mary, Our Lady of the Lake Catholic Church","6100 Lohman Ford Rd., Lago Vista, TX, 78645",https://stmaryourlady.org/,Diocese of Austin,Austin North Deanery,https://www.austindiocese.org/parishfinder
St. Theresa Catholic Church and School,"4311 Small Dr., Austin, TX, 78731",https://st-theresa.org/,Diocese of Austin,Austin North Deanery,https://www.austindiocese.org/parishfinder
St. Thomas More Catholic Church,"10205 N FM 620, Austin, TX, 78726",https://stmaustin.org/,Diocese of Austin,Austin North Deanery,https://www.austindiocese.org/parishfinder
St. Vincent de Paul Catholic Church,"9500 Neenah Ave., Austin, TX, 78717",https://svdpparish.org/,Diocese of Austin,Austin North Deanery,https://www.austindiocese.org/parishfinder
Emmaus Parish - Lakeway,"1718 Lohmans Crossing Rd., Lakeway, TX, 78734",http://www.emmausparish.org,Diocese of Austin,Austin South Deanery,https://www.austindiocese.org/parishfinder
"Our Lady of Sorrows, Dolores","1111 Montopolis Drive, Austin, TX, 78741",https://4enoga.sites.ecatholic.com/,Diocese of Austin,Austin South Deanery,https://www.austindiocese.org/parishfinder
Queen of Angels Chapel (Emmaus Parish),"20600 Siesta Shores Drive, Spicewood, TX, 78669",https://www.emmausparish.org/qoa,Diocese of Austin,Austin South Deanery,https://www.austindiocese.org/parishfinder
San Francisco Javier Catholic Church,"10068 Burkland Farms Rd., Austin, TX, 78719",https://sfjccaustin.org/,Diocese of Austin,Austin South Deanery,https://www.austindiocese.org/parishfinder
St. Andrew Kim Parish - Austin,"6523 Emerald Forest Dr., Austin, Texas, 78745",http://www.kcc-austin.org/,Diocese of Austin,Austin South Deanery,https://www.austindiocese.org/parishfinder
St. Catherine of Siena Catholic Church,"4800 Convict Hill Rd., Austin, Texas, 78749",https://z266a.sites.ecatholic.com/,Diocese of Austin,Austin South Deanery,https://www.austindiocese.org/parishfinder
St. Catherine of Siena Catholic Church,"4800 Convict Hill Rd., Austin, Texas, 78749",https://stcatherine-austin.org/,Diocese of Austin,Austin South Deanery,https://www.austindiocese.org/parishfinder
St. John Neumann Catholic Church,"5455 Bee Cave Rd., Austin, TX, 78746",https://sjnaustin.org/,Diocese of Austin,Austin South Deanery,https://www.austindiocese.org/parishfinder
St. Paul Catholic Church,"10000 David Moore Dr., Austin, TX, 78748",https://give.saintpaulaustin.org/,Diocese of Austin,Austin South Deanery,https://www.austindiocese.org/parishfinder
St. Peter the Apostle Parish - Austin,"4600 E. Ben White, Austin, TX, 78741",http://www.stpetersaustin.org/,Diocese of Austin,Austin South Deanery,https://www.austindiocese.org/parishfinder
Ascension Catholic Church,"804 Pine Street, Bastrop, TX, 78602",https://ascensionbastrop.com/,Diocese of Austin,Bastrop/Lockhart Deanery,https://www.austindiocese.org/parishfinder
Sacred Heart Catholic Church,"302 W. 11th, Elgin, TX, 78621",https://sacredheartofelgin.org/,Diocese of Austin,Bastrop/Lockhart Deanery,https://www.austindiocese.org/parishfinder
Sacred Heart Parish - Rockne,"4045 Farm to Market 535, Bastrop, Texas, 78602",http://catholic.rocknetx.com/cgi-bin/site.cgi,Diocese of Austin,Bastrop/Lockhart Deanery,https://www.austindiocese.org/parishfinder
St. John the Evangelist Catholic Church,"315 S. Pecan Ave, Luling, TX, 78648",https://stjohnluling.com/,Diocese of Austin,Bastrop/Lockhart Deanery,https://www.austindiocese.org/parishfinder
St. Mary of the Assumption,"Off Farm-Market Road 304, String Prairie, TX, 78602",https://stmarysp.church/,Diocese of Austin,Bastrop/Lockhart Deanery,https://www.austindiocese.org/parishfinder
St. Mary of the Visitation,"205 W. Pecan, Lockhart, TX, 78644",https://smvl.org/,Diocese of Austin,Bastrop/Lockhart Deanery,https://www.austindiocese.org/parishfinder
St. Michael Catholic Church,"80 S. Old Spanish Trail, Uhland, TX, 78640",https://stmichaeluhlandtx.org/,Diocese of Austin,Bastrop/Lockhart Deanery,https://www.austindiocese.org/parishfinder
St. Paul Catholic Church,"204 Mills St., Smithville, TX, 78957",https://stpaulsmithville.com/,Diocese of Austin,Bastrop/Lockhart Deanery,https://www.austindiocese.org/parishfinder
Blessed Virgin Mary Mission - Old-Washington-on-the-Brazos,"17370 Sweed Road, Washington, Texas, 77880",,Diocese of Austin,Brenham/La Grange Deanery,https://www.austindiocese.org/parishfinder
Holy Family Mission - Lexington,"1027 E. FM 696, Lexington, Texas, 78947",http://www.holyfamilylex.org/,Diocese of Austin,Brenham/La Grange Deanery,https://www.austindiocese.org/parishfinder
Pax Christi Retreat Center,"9300 TX-105, Brenham, TX, 77833",https://brenhamretreatcenter.org/,Diocese of Austin,Brenham/La Grange Deanery,https://www.austindiocese.org/parishfinder
Sacred Heart Parish - La Grange,"539 E. Pearl St., La Grange, Texas, 78945",http://sacredheart-lg.org,Diocese of Austin,Brenham/La Grange Deanery,https://www.austindiocese.org/parishfinder
St. Ann Catholic Church,"333 Thornberry Dr., Somerville, TX, 77879",https://saintann-somerville.org/,Diocese of Austin,Brenham/La Grange Deanery,https://www.austindiocese.org/parishfinder
St. John the Baptist Catholic Church,"209 E. Bell St., Fayetteville, TX, 78940",https://stjohnfayetteville.com/,Diocese of Austin,Brenham/La Grange Deanery,https://www.austindiocese.org/parishfinder
St. Joseph Parish - Dime Box,"8211 FM 141, Dime Box,, TX, 77853",http://www.stjosephdimeboxtx.org,Diocese of Austin,Brenham/La Grange Deanery,https://www.austindiocese.org/parishfinder
St. Margaret Catholic Church,"276 Belville St., Giddings, TX, 78942",https://stmargaretgiddings.org/,Diocese of Austin,Brenham/La Grange Deanery,https://www.austindiocese.org/parishfinder
St. Mary Catholic Church,"815 St. Mary's Church Road, Ellinger/Hostyn Hill, TX, 78940",https://q23vja.sites.ecatholic.com/,Diocese of Austin,Brenham/La Grange Deanery,https://www.austindiocese.org/parishfinder
St. Mary Mission - Pin Oak,"732 FM 2104, Smithville, TX, 78957-4971",https://stmargaretgiddings.org/st-mary-pin-oak,Diocese of Austin,Brenham/La Grange Deanery,https://www.austindiocese.org/parishfinder
St. Mary of the Immaculate Conception Parish - Brenham,"701 Church St., Brenham,, TX, 77833",http://www.brenhamcatholic.org,Diocese of Austin,Brenham/La Grange Deanery,https://www.austindiocese.org/parishfinder
St. Stanislaus Parish - Chappel Hill,"9175 SM 1371, Chappell Hill, TX, 77426",http://www.ststanislauschappellhill.com/,Diocese of Austin,Brenham/La Grange Deanery,https://www.austindiocese.org/parishfinder
Holy Rosary Catholic Church,"8610 FM 2774, Frenstat, TX, 77836",https://holyrosaryfrenstat.com/,Diocese of Austin,Bryan/College Station Deanery,https://www.austindiocese.org/parishfinder
San Salvador Mission - Bryan,"9203 County Rd 286, Caldwell, TX, 77836",,Diocese of Austin,Bryan/College Station Deanery,https://www.austindiocese.org/parishfinder
Santa Teresa,"1212 Lucky, Bryan, TX, 77803",https://santateresabryan.com/,Diocese of Austin,Bryan/College Station Deanery,https://www.austindiocese.org/parishfinder
St. Anthony Catholic Church,"401 S. Parker St., Bryan, TX, 77803",https://saintanthonys.org/,Diocese of Austin,Bryan/College Station Deanery,https://www.austindiocese.org/parishfinder
St. Francis of Assisi Catholic Church,"1371 FM1644, Franklin, TX, 77856",https://stfrancisofassisiparish.org/,Diocese of Austin,Bryan/College Station Deanery,https://www.austindiocese.org/parishfinder
St. Joseph Catholic Church,"507 E. 26th St., Bryan, TX, 77803",https://stjosephbcs.org/,Diocese of Austin,Bryan/College Station Deanery,https://www.austindiocese.org/parishfinder
St. Joseph Parish - Marlin,"311 Oaks St., Marlin,, TX, 76661",https://stjosephmarlin.com/,Diocese of Austin,Bryan/College Station Deanery,https://www.austindiocese.org/parishfinder
St. Mary Catholic Center - College Station,"300 Nagle St., College Station, TX, 77840",http://www.aggiecatholic.org/,Diocese of Austin,Bryan/College Station Deanery,https://www.austindiocese.org/parishfinder
St. Mary Parish - Hearne,"402 W. First St., Hearne,, TX, 77859",https://www.stmaryhearne.org,Diocese of Austin,Bryan/College Station Deanery,https://www.austindiocese.org/parishfinder
St. Mary's Catholic Church,"715 N. Main St., Bremond, TX, 76629",https://catholicbremond.com/,Diocese of Austin,Bryan/College Station Deanery,https://www.austindiocese.org/parishfinder
St. Mary's Catholic Church,"500 West Old San Antonio Road (OSR), Caldwell, TX, 77836",https://stmaryscaldwell.com/,Diocese of Austin,Bryan/College Station Deanery,https://www.austindiocese.org/parishfinder
St. Thomas Aquinas Catholic Parish,"2541 Earl Rudder Fwy. S., College Station, Texas, 77845",https://stabcs.org/,Diocese of Austin,Bryan/College Station Deanery,https://www.austindiocese.org/parishfinder
Holy Trinity Parish - Corn Hill,"8626 FM 1105, Jarrell, Texas, 76537",http://www.holytrinityofcornhill.org/,Diocese of Austin,Georgetown/Round Rock Deanery,https://www.austindiocese.org/parishfinder
Our Lady of Guadalupe Catholic Church,"111 W. Rio Grande Street, Taylor, TX, 76574",https://ologtaylor.org/,Diocese of Austin,Georgetown/Round Rock Deanery,https://www.austindiocese.org/parishfinder
Santa Rosa de Lima Catholic Church,"6571 FM 970, Andice, TX, 78633",https://srdl-cc.org/,Diocese of Austin,Georgetown/Round Rock Deanery,https://www.austindiocese.org/parishfinder
SS Cyril & Methodius Catholic Church,"100 N. Brazos Granger, Granger, TX, 76530",https://sscmchurch.org/,Diocese of Austin,Georgetown/Round Rock Deanery,https://www.austindiocese.org/parishfinder
St. Elizabeth of Hungary Catholic Church,"1520 N. Railroad Ave., Pflugerville, TX, 78660",https://stelizabethpf.org/,Diocese of Austin,Georgetown/Round Rock Deanery,https://www.austindiocese.org/parishfinder
St. Helen Catholic Church,"2700 E. University Ave., Georgetown, TX, 78626",https://sainthelens.org/,Diocese of Austin,Georgetown/Round Rock Deanery,https://www.austindiocese.org/parishfinder
St. John Vianney Catholic Church,"3201 Sunrise, Round Rock, TX, 78665",http://sjvroundrock.org,Diocese of Austin,Georgetown/Round Rock Deanery,https://www.austindiocese.org/parishfinder
St. Joseph Catholic Church,"10104 Hill Lane, Manor, Texas, 78653",https://sjmanor.org/,Diocese of Austin,Georgetown/Round Rock Deanery,https://www.austindiocese.org/parishfinder
St. Joseph Parish - Rockdale,"234 San Gabriel St., Rockdale,, TX, 76567",http://www.stjosephrockdale.org,Diocese of Austin,Georgetown/Round Rock Deanery,https://www.austindiocese.org/parishfinder
St. Mary of the Assumption Catholic Church,"301 E. Fourth St., Taylor, TX, 76574",https://smtaylor.org/,Diocese of Austin,Georgetown/Round Rock Deanery,https://www.austindiocese.org/parishfinder
St. Patrick Parish - Hutto,"2500 Limmer Loop, Hutto,, TX, 78634",http://www.stpatrickhutto.org/,Diocese of Austin,Georgetown/Round Rock Deanery,https://www.austindiocese.org/parishfinder
St. William Catholic Church,"620 Round Rock West Dr., Round Rock, TX, 78681",https://st-william.org/,Diocese of Austin,Georgetown/Round Rock Deanery,https://www.austindiocese.org/parishfinder
St. William Catholic Church,"620 Round Rock West Dr., Round Rock, TX, 78681",https://q22ga.sites.ecatholic.com/,Diocese of Austin,Georgetown/Round Rock Deanery,https://www.austindiocese.org/parishfinder
Christ the King Catholic Church,"210 E. 24th Ave, Belton, TX, 76513",https://ctkbelton.org/,Diocese of Austin,Killeen/Temple Deanery,https://www.austindiocese.org/parishfinder
Church of the Visitation - Westphalia,"144 County Road 3000, Lott, TX, 76656",https://churchofthevisitation.org/,Diocese of Austin,Killeen/Temple Deanery,https://www.austindiocese.org/parishfinder
Holy Family Catholic Church,"1001 Georgetown Rd., Copperas Cove, TX, 76522",https://pn7xa.sites.ecatholic.com/,Diocese of Austin,Killeen/Temple Deanery,https://www.austindiocese.org/parishfinder
Our Lady of Guadalupe,"707 S. Sixth St., Temple, TX, 76504",https://olgtemple.org/,Diocese of Austin,Killeen/Temple Deanery,https://www.austindiocese.org/parishfinder
Sacred Heart Mission - Lott,"213 N 6th St, Lott, TX, 76656",,Diocese of Austin,Killeen/Temple Deanery,https://www.austindiocese.org/parishfinder
Saint Luke Catholic Church,"2807 Oakdale, Temple, TX, 76502",https://slparish.com/,Diocese of Austin,Killeen/Temple Deanery,https://www.austindiocese.org/parishfinder
Saint Paul Chong Hasang,"1000 East FM 2410, Harker Heights, TX, 76548",https://stpaulchonghasang.org/,Diocese of Austin,Killeen/Temple Deanery,https://www.austindiocese.org/parishfinder
St. Ann Parish - Rosebud,"On the corner of Stalworth and Rowena streets, Rosebud, TX, 76570",http://www.stannstmichael.com,Diocese of Austin,Killeen/Temple Deanery,https://www.austindiocese.org/parishfinder
St. Joseph Catholic Church,"2903 E. Rancier Ave., Killeen, TX, 76543",https://stjosephkilleen.org/,Diocese of Austin,Killeen/Temple Deanery,https://www.austindiocese.org/parishfinder
St. Joseph Parish - Cyclone,"20120 Farm Road 485, Cyclone,, TX, 76519",https://www.stjcyclone.org/,Diocese of Austin,Killeen/Temple Deanery,https://www.austindiocese.org/parishfinder
St. Mary Parish - Temple,"1018 S. Seventh St., Temple, TX, 76504",http://stmarytempletx.org/,Diocese of Austin,Killeen/Temple Deanery,https://www.austindiocese.org/parishfinder
St. Matthew Mission - Rogers,"1015 W Mesquite Ave, Rogers, TX, 76569",,Diocese of Austin,Killeen/Temple Deanery,https://www.austindiocese.org/parishfinder
St. Michael Mission - Burlington,"85 Church Ave, Burlington,, TX, 76519",,Diocese of Austin,Killeen/Temple Deanery,https://www.austindiocese.org/parishfinder
St. Monica Catholic Church,"306 S Nolan Ave., Cameron, TX, 76520",https://saintmonicatx.org/,Diocese of Austin,Killeen/Temple Deanery,https://www.austindiocese.org/parishfinder
St. Stephen Catholic Church,"601 FM 2268 (Holland Rd) east of I-35; Exit 283, Salado, TX, 76571",https://saintstephenchurch.org/,Diocese of Austin,Killeen/Temple Deanery,https://www.austindiocese.org/parishfinder
Sts. Cyril and Methodius Mission - Marak,"6633 FM 2269, Buckholts, TX, 76518",http://www.marakchurch.org/,Diocese of Austin,Killeen/Temple Deanery,https://www.austindiocese.org/parishfinder
Good Shepherd Mission - Lometa,"411 W. Main, Lometa, Texas, 76853",https://stmarycatholic.faith/,Diocese of Austin,Lampasas/Marble Falls Deanery,https://www.austindiocese.org/parishfinder
Holy Cross Mission - Bertram,"520 E. Hwy 29, Bertram, Texas, 78605",https://www.omoscc.com/,Diocese of Austin,Lampasas/Marble Falls Deanery,https://www.austindiocese.org/parishfinder
Holy Trinity Catholic Church,"700 Bessemer, Llano, TX, 78643",https://holytrinityllano.org/,Diocese of Austin,Lampasas/Marble Falls Deanery,https://www.austindiocese.org/parishfinder
Our Lady of the Lake Mission - Sunrise Beach,"120 FM 2233, Sunrise Beach, Texas, 78657",http://www.stcharleskingslandtx.com,Diocese of Austin,Lampasas/Marble Falls Deanery,https://www.austindiocese.org/parishfinder
Our Mother of Sorrows Parish - Burnet,"507 Buchanan Dr., Burnet, Texas, 78611",http://www.omoscc.com/,Diocese of Austin,Lampasas/Marble Falls Deanery,https://www.austindiocese.org/parishfinder
Saint Paul the Apostle,"201 Dalton Circle, Horseshoe Bay, TX, 78657",https://stpaulshorseshoebay.org/,Diocese of Austin,Lampasas/Marble Falls Deanery,https://www.austindiocese.org/parishfinder
St. Charles Borromeo Catholic Church,"1927 RR 1431, Kingsland, TX, 78639",https://stcharleskingslandtx.org/,Diocese of Austin,Lampasas/Marble Falls Deanery,https://www.austindiocese.org/parishfinder
St. John the Evangelist Catholic Church,"105 Highway 1431 East, Marble Falls, TX, 78654",https://stjohnsmarblefalls.org/,Diocese of Austin,Lampasas/Marble Falls Deanery,https://www.austindiocese.org/parishfinder
St. Joseph Catholic Church,"216 Avenue B, Mason, TX, 76856",https://stjosephmason.org/,Diocese of Austin,Lampasas/Marble Falls Deanery,https://www.austindiocese.org/parishfinder
St. Mary Catholic Church,"701 N. Key Ave., Lampasas, TX, 76550",https://www.stmarycatholic.faith,Diocese of Austin,Lampasas/Marble Falls Deanery,https://www.austindiocese.org/parishfinder
St. Mary Parish - San Saba,"504 W. Wallace, San Saba,, TX, 76877",http://www.stmaryssansaba.org/,Diocese of Austin,Lampasas/Marble Falls Deanery,https://www.austindiocese.org/parishfinder
St. Peter Mission - Goldthwaite,"1212 Reynolds, Goldthwaite, TX, 76844",,Diocese of Austin,Lampasas/Marble Falls Deanery,https://www.austindiocese.org/parishfinder
Good Shepherd Catholic Church,"285 281 Loop Rd, Johnson City, TX, 78636",https://goodshepherd-jctx.org/,Diocese of Austin,San Marcos Deanery,https://www.austindiocese.org/parishfinder
Immaculate Heart of Mary Parish - Martindale,"312 Lockhart St, Martindale, Texas, 78655",,Diocese of Austin,San Marcos Deanery,https://www.austindiocese.org/parishfinder
Our Lady of Wisdom University Parish,"100 Concho St., San Marcos, TX, 78666",https://txstatecatholic.org/,Diocese of Austin,San Marcos Deanery,https://www.austindiocese.org/parishfinder
Saint Ferdinand Catholic Church,"25 Main Steet, Blanco, TX, 78606",https://stferdinandblanco.org/,Diocese of Austin,San Marcos Deanery,https://www.austindiocese.org/parishfinder
Saint John the Evangelist Catholic Church,"624 E. Hopkins St., San Marcos, TX, 78666",https://sanmarcoscatholic.org/,Diocese of Austin,San Marcos Deanery,https://www.austindiocese.org/parishfinder
Santa Cruz Catholic Church,"1100 Main Street, Buda, TX, 78610",https://santacruzcc.org/,Diocese of Austin,San Marcos Deanery,https://www.austindiocese.org/parishfinder
St. Anthony Marie de Claret Catholic Church,"801 N. Burleson St., Kyle, TX, 78640",https://samckyle.org/,Diocese of Austin,San Marcos Deanery,https://www.austindiocese.org/parishfinder
St. Martin de Porres,"230 Post Oak Drive, Dripping Springs, TX, 78620",https://stmartindp.org/,Diocese of Austin,San Marcos Deanery,https://www.austindiocese.org/parishfinder
St. Mary Parish - Wimberley,"14711 RR 12, Wimberley,, TX, 78676",http://www.smwimberley.org,Diocese of Austin,San Marcos Deanery,https://www.austindiocese.org/parishfinder
Assumption Catholic Church,"303 S. Harrison, West, TX, 76691",https://assumptionwest.org/,Diocese of Austin,Waco Deanery,https://www.austindiocese.org/parishfinder
Our Lady of Lourdes,"1108 W. Main St., Gatesville, TX, 76528",https://ololgatesville.org/,Diocese of Austin,Waco Deanery,https://www.austindiocese.org/parishfinder
Our Lady of San Juan Mission - Moody,"401 Second St., Moody, Texas, 76557",,Diocese of Austin,Waco Deanery,https://www.austindiocese.org/parishfinder
Sacred Heart Parish - Waco,"2621 Bagby Ave., Waco, Texas, 76711",http://sacredheartwaco.com/,Diocese of Austin,Waco Deanery,https://www.austindiocese.org/parishfinder
St. Eugene Catholic Church,"207 N. Johnson Dr., McGregor, TX, 76657",https://vg0j0a.sites.ecatholic.com/,Diocese of Austin,Waco Deanery,https://www.austindiocese.org/parishfinder
St. Francis on the Brazos Parish - Waco,"301 Jefferson Ave., Waco, Texas, 76701",http://stfrancistorwaco.org/,Diocese of Austin,Waco Deanery,https://www.austindiocese.org/parishfinder
St. Jerome Catholic Church,"9820 Chapel Road, Waco, TX, 76712",https://stjeromewaco.org/,Diocese of Austin,Waco Deanery,https://www.austindiocese.org/parishfinder
St. John the Baptist Catholic Church,"1312 Dallas St., Waco, TX, 76703",https://stjohnswaco.org/,Diocese of Austin,Waco Deanery,https://www.austindiocese.org/parishfinder
St. Joseph Catholic Church,"1011 Boston Street, Waco, TX, 76705",https://stjosephwaco.com/,Diocese of Austin,Waco Deanery,https://www.austindiocese.org/parishfinder
St. Joseph Mission - Elk,"9656 Elk Road, Axtell, TX, 76624",,Diocese of Austin,Waco Deanery,https://www.austindiocese.org/parishfinder
St. Louis Catholic Church,"2001 N. 25th St., Waco, Texas, 76708",https://stlouiswaco.com/,Diocese of Austin,Waco Deanery,https://www.austindiocese.org/parishfinder
St. Martin Parish - Tours,"301 St. Martin's Church Rd., West, TX, 76691",https://www.stmartinscatholicchurch.org/,Diocese of Austin,Waco Deanery,https://www.austindiocese.org/parishfinder
St. Mary Catholic Church,"604 N. Bonham St., Mexia, TX, 76667",https://stmarysmexia.org/,Diocese of Austin,Waco Deanery,https://www.austindiocese.org/parishfinder
St. Mary Church of the Assumption,"205 N. 14th St., Waco, Texas, 76701",https://stmarys-waco.org/,Diocese of Austin,Waco Deanery,https://www.austindiocese.org/parishfinder
St. Peter Catholic Student Center,"1415 S. 9th St., Waco, TX, 76706",https://baylorcatholic.org/,Diocese of Austin,Waco Deanery,https://www.austindiocese.org/parishfinder
St. Philip Catholic Church,"13095 Old China Spring Road, China Spring, TX, 76633",https://stphilipcs.com/,Diocese of Austin,Waco Deanery,https://www.austindiocese.org/parishfinder
St. Thomas Parish - Hamilton,"843 N Nicholson Ave, Hamilton, TX, 76531",https://ololgatesville.org/,Diocese of Austin,Waco Deanery,https://www.austindiocese.org/parishfinder
Blessed Sacrament Parish,"780 Porter Street, Beaumont, TX, 77701-7121",,Diocese of Beaumont,Central,https://www.dioceseofbmt.org/parishfinder
Cristo Rey Parish,"767 Avenue A, Beaumont, TX, 77701",,Diocese of Beaumont,Central,https://www.dioceseofbmt.org/parishfinder
Holy Spirit Mission,"470 Monroe (Hwy 326), Kountze, TX, 77625-5414",,Diocese of Beaumont,Central,https://www.dioceseofbmt.org/parishfinder
Infant Jesus Parish,"243 S LHS Drive, Lumberton, TX, 77657",,Diocese of Beaumont,Central,https://www.dioceseofbmt.org/parishfinder
Our Lady of the Assumption Parish,"4445 Avenue A, Beaumont, TX, 77705-4908",https://www.assumptionbmt.org/,Diocese of Beaumont,Central,https://www.dioceseofbmt.org/parishfinder
Our Mother of Mercy Parish,"3390 Sarah Street, Beaumont, TX, 77705-3022",https://omomchurchbmt.com/,Diocese of Beaumont,Central,https://www.dioceseofbmt.org/parishfinder
St. Anne Parish,"2715 Calder Avenue, Beaumont, TX, 77702",http://www.stannebmt.org/,Diocese of Beaumont,Central,https://www.dioceseofbmt.org/parishfinder
St. Anthony Cathedral Basilica,"700 Jefferson Street, Beaumont, TX, 77701",http://www.stanthonycathedral.org/,Diocese of Beaumont,Central,https://www.dioceseofbmt.org/parishfinder
St. Joseph Parish,"1115 Orange Street, Beaumont, TX, 77701-4327",,Diocese of Beaumont,Central,https://www.dioceseofbmt.org/parishfinder
St. Jude Thaddeus Parish,"6825 Gladys Avenue, Beaumont, TX, 77706-3240",http://www.stjudebmt.org/,Diocese of Beaumont,Central,https://www.dioceseofbmt.org/parishfinder
St. Mark the Evangelist Parish,"905 N 9th Street, Silsbee, TX, 77656",https://stmarksilsbee.my.canva.site,Diocese of Beaumont,Central,https://www.dioceseofbmt.org/parishfinder
St. Martin de Porres Mission,"TX, Cheek,, TX, 77705",http://www.stmaryandstmartin.com/,Diocese of Beaumont,Central,https://www.dioceseofbmt.org/parishfinder
St. Mary Parish,"9894 Gilbert Road, Fannett, TX, 77705-8878",http://www.stmaryandstmartin.com/,Diocese of Beaumont,Central,https://www.dioceseofbmt.org/parishfinder
St. Pius X Parish,"5075 Bigner Road, Beaumont, TX, 77708-5202",http://stpiusxbmt.net/,Diocese of Beaumont,Central,https://www.dioceseofbmt.org/parishfinder
Our Lady of Lourdes Parish,"1600 N Main Street, Vidor, TX, 77662-3014",https://www.ourladyoflourdesvidor.com/,Diocese of Beaumont,Eastern,https://www.dioceseofbmt.org/parishfinder
St. Francis of Assisi Parish,"4300 Meeks Drive, Orange, Texas, 77632",https://www.stfrancisorangetx.org/,Diocese of Beaumont,Eastern,https://www.dioceseofbmt.org/parishfinder
St. Helen Parish,"8105 FM 1442, Orange, TX, 77630-8197",http://www.sthelenorangefield.org/,Diocese of Beaumont,Eastern,https://www.dioceseofbmt.org/parishfinder
St. Henry Parish,"475 W Round Bunch Road, Bridge City, TX, 77611",http://www.sthenrybctx.org/,Diocese of Beaumont,Eastern,https://www.dioceseofbmt.org/parishfinder
St. Mary Parish,"912 W Cherry Avenue, Orange, TX, 77630-5017",http://www.stmaryorange.org/,Diocese of Beaumont,Eastern,https://www.dioceseofbmt.org/parishfinder
St. Maurice Parish,"9079 TX 62 N, Mauriceville, TX, 77626",,Diocese of Beaumont,Eastern,https://www.dioceseofbmt.org/parishfinder
St. Therese Parish,"1409 6th Street, Orange, TX, 77630-3927",http://www.stthereseorangetx.org/,Diocese of Beaumont,Eastern,https://www.dioceseofbmt.org/parishfinder
Our Lady of La Salette Mission,"1901 S Margaret Avenue, Kirbyville, TX, 75956",,Diocese of Beaumont,Northern,https://www.dioceseofbmt.org/parishfinder
Our Lady of the Pines Parish,"1601 Pine Street, Woodville, TX, 75979",http://www.ourladyofthepinescatholicchurch.com/,Diocese of Beaumont,Northern,https://www.dioceseofbmt.org/parishfinder
St. Joseph Parish,"2590 US 190 W, Livingston, TX, 77351",http://www.stjoseph-livingston-tx.org/,Diocese of Beaumont,Northern,https://www.dioceseofbmt.org/parishfinder
St. Martin de Porres Mission,"104 Gossett Road, Corrigan, TX, 75939",,Diocese of Beaumont,Northern,https://www.dioceseofbmt.org/parishfinder
St. Michael Parish,"2898 US 190 W, Jasper, TX, 75951",http://www.stmichaelsjasper.com/,Diocese of Beaumont,Northern,https://www.dioceseofbmt.org/parishfinder
St. Raymond Mission,"FM 1007 RR 255, Sam Rayburn, TX, 75931",,Diocese of Beaumont,Northern,https://www.dioceseofbmt.org/parishfinder
Toledo Village Station,"Toledo Village Community Center, Toledo Village, TX, 75932",,Diocese of Beaumont,Northern,https://www.dioceseofbmt.org/parishfinder
Immaculate Conception-St. Peter the Apostle Parish,"4100 Lincoln, Groves, TX, 77619",,Diocese of Beaumont,Southern,https://www.dioceseofbmt.org/parishfinder
Our Lady of Guadalupe Parish,"3648 Staff Sgt. Lucian Adams Blvd, Port Arthur, TX, 77642-6403",http://www.olg-pa.org/,Diocese of Beaumont,Southern,https://www.dioceseofbmt.org/parishfinder
Queen of Vietnam Parish,"801 9th Avenue, Port Arthur, TX, 77642-3329",http://www.gxnuvuongportarthur.org/,Diocese of Beaumont,Southern,https://www.dioceseofbmt.org/parishfinder
Sacred Heart Parish,"920 Booker T Washington Avenue, Port Arthur, TX, 77640-4923",http://www.sacredheartpa.org/,Diocese of Beaumont,Southern,https://www.dioceseofbmt.org/parishfinder
St. Catherine of Siena Parish,"3706 Woodrow Drive, Port Arthur, TX, 77642-2320",http://www.stccpa.com/,Diocese of Beaumont,Southern,https://www.dioceseofbmt.org/parishfinder
St. Charles Borromeo Parish,"211 Hardy Avenue, Nederland, TX, 77627",http://www.stcharlesnederland.org/,Diocese of Beaumont,Southern,https://www.dioceseofbmt.org/parishfinder
St. Elizabeth Parish,"2006 Nall Street, Port Neches, TX, 77651-3714",http://www.stepncatholic.org/,Diocese of Beaumont,Southern,https://www.dioceseofbmt.org/parishfinder
St. James Parish,"3617 Gulfway Drive, Port Arthur, TX, 77642-3675",https://www.stjamespatx.org/,Diocese of Beaumont,Southern,https://www.dioceseofbmt.org/parishfinder
St. Joseph Parish,"4600 Procter Street, Port Arthur, TX, 77642-1365",http://stjosephportarthur.org/,Diocese of Beaumont,Southern,https://www.dioceseofbmt.org/parishfinder
St. Therese the Little Flower of Jesus Parish,"6412 Garnet Avenue, Port Arthur, TX, 77640-1308",,Diocese of Beaumont,Southern,https://www.dioceseofbmt.org/parishfinder
Holy Trinity Parish,"3515 Trinity Dr., Mont Belvieu, TX, 77580",http://www.htcc-mb.org/,Diocese of Beaumont,Western,https://www.dioceseofbmt.org/parishfinder
Immaculate Conception Parish,"411 Milam Street, Liberty, TX, 77575-4730",https://icccliberty.org/,Diocese of Beaumont,Western,https://www.dioceseofbmt.org/parishfinder
Our Lady of Light Parish,"2207 S. Main Street, Anahuac, TX, 77514",,Diocese of Beaumont,Western,https://www.dioceseofbmt.org/parishfinder
Our Lady of Sorrows Parish,"245 US 90 W, China, TX, 77613",http://www.ourladyofsorrowschina.com/,Diocese of Beaumont,Western,https://www.dioceseofbmt.org/parishfinder
Our Lady of Victory Parish,"225 W Barkley Street, Sour Lake, TX, 77659",http://www.olovcatholic.com/,Diocese of Beaumont,Western,https://www.dioceseofbmt.org/parishfinder
Our Mother of Mercy Parish,"101 Donatto Street, Ames, TX, 77575",,Diocese of Beaumont,Western,https://www.dioceseofbmt.org/parishfinder
Sacred Heart Parish,"3730 FM 160 N, Raywood, TX, 77582",https://sacredheartraywoodtx.org/,Diocese of Beaumont,Western,https://www.dioceseofbmt.org/parishfinder
St. Anne Mission,"CR 622 at FM 686 (at Pump House Road), Eastgate, TX, 77535",https://stjosephdaytontx.com/,Diocese of Beaumont,Western,https://www.dioceseofbmt.org/parishfinder
St. Joseph the Worker Parish,"804 S Cleveland Street, Dayton, TX, 77535",https://stjosephdaytontx.com/,Diocese of Beaumont,Western,https://www.dioceseofbmt.org/parishfinder
St. Louis Parish,"315 W Buccaneer Drive, Winnie, TX, 77665-7695",https://www.slcc-olol.org/,Diocese of Beaumont,Western,https://www.dioceseofbmt.org/parishfinder
St. Mary Parish,"702 E Houston, Cleveland, TX, 77327",,Diocese of Beaumont,Western,https://www.dioceseofbmt.org/parishfinder
Our Lady of Guadalupe Mission,"10504 County Road 249, Ramirez, TX, 78376",https://sttheresaij.org/,Diocese of Corpus Christi,Sunday Mass Schedule,https://www.diocesecc.org/parishfinder
Stella Maris Chapel,"222 Hagy Street, Lamar, TX, 78358",https://shcrockport.org/,Diocese of Corpus Christi,Sunday Mass Schedule,https://www.diocesecc.org/parishfinder
Immaculate Conception Mission,"3605 Church St., Concepcion, TX, 78375",https://sttheresaij.org/,Diocese of Corpus Christi,Missions,https://www.diocesecc.org/parishfinder
Our Lady of Guadalupe Mission,"111 S. 2nd St., Riviera, TX, 78379",https://ourladyatriviera.tripod.com/,Diocese of Corpus Christi,Missions,https://www.diocesecc.org/parishfinder
Our Lady of Guadalupe Mission,"14414 TX-72, Pawnee, TX, 78071",https://shthreerivers.org/,Diocese of Corpus Christi,Missions,https://www.diocesecc.org/parishfinder
Our Lady of Guadalupe Mission,"18012 CR 1598, Edroy, TX, 78352",https://sacredheartodemtx.org/our-lady-of-guadalupe-mission/,Diocese of Corpus Christi,Missions,https://www.diocesecc.org/parishfinder
Our Lady of Mount Carmel Mission,"1080 Clarkwood Rd., Corpus Christi, TX, 78409",https://ourladyoftherosarycc.com,Diocese of Corpus Christi,Missions,https://www.diocesecc.org/parishfinder
Sacred Heart Mission,"104 N. Bee Ave., Pettus, TX, 78146",https://www.stjosephbeeville.org/sacred-heart-mission-pettus,Diocese of Corpus Christi,Missions,https://www.diocesecc.org/parishfinder
Sacred Heart Mission,"Hwy 359 And Hwy 716, Realitos, TX, 78376",,Diocese of Corpus Christi,Missions,https://www.diocesecc.org/parishfinder
Sacred Heart Mission,"CR 2160 West, Ricardo, TX, 78363",https://ourladyatriviera.tripod.com/,Diocese of Corpus Christi,Missions,https://www.diocesecc.org/parishfinder
Saint Anne Mission,"Hwy 281, Encino, TX, 78355",https://www.sacredheart-falfurrias.org,Diocese of Corpus Christi,Missions,https://www.diocesecc.org/parishfinder
Saint Anthony of Padua Mission,"101 S. Austin Street, Austwell, TX, 77950",,Diocese of Corpus Christi,Missions,https://www.diocesecc.org/parishfinder
Saint Dennis Mission,"O`Connor Ranch, O'Connor Ranch, TX, 77990",,Diocese of Corpus Christi,Missions,https://www.diocesecc.org/parishfinder
Saint Francis of Assisi Mission,"CR 185 & FM 534, Lagarto, TX, 78383",https://www.st-johnog.org/sfoa,Diocese of Corpus Christi,Missions,https://www.diocesecc.org/parishfinder
Saint Francis Xavier Mission,"323 Frio Street, Tynan, TX, 78391",https://www.iccskidmore.com/,Diocese of Corpus Christi,Missions,https://www.diocesecc.org/parishfinder
Saint James Mission,"310 W. Avenue B, Driscoll, TX, 78351",https://stjbishop.org/,Diocese of Corpus Christi,Missions,https://www.diocesecc.org/parishfinder
Saint Joseph Mission,"2688 FM 735, Palito Blanco, TX",https://stfrancisdepaula.church/,Diocese of Corpus Christi,Missions,https://www.diocesecc.org/parishfinder
Saint Joseph Mission,"1039 Fm 2295, San Jose, TX, 78221",,Diocese of Corpus Christi,Missions,https://www.diocesecc.org/parishfinder
Saint Mary Mission,"4843 Cynthia St., Corpus Christi, TX, 78410",https://www.stpeterprince.net/,Diocese of Corpus Christi,Missions,https://www.diocesecc.org/parishfinder
Saint Mary Mission,"911 Garcia St., Robstown, TX, 78380",https://www.stanthonyrobstown.org/mission-life,Diocese of Corpus Christi,Missions,https://www.diocesecc.org/parishfinder
Saint Patrick Mission,"20742 Magnolia St., San Patricio, TX, 78368",https://christon624.com/,Diocese of Corpus Christi,Missions,https://www.diocesecc.org/parishfinder
Saint Paul Mission,"Hwy 181 And FM 798, St. Paul, TX, 78387",https://www.shcsinton.org/,Diocese of Corpus Christi,Missions,https://www.diocesecc.org/parishfinder
Saint Peter Mission,"221 Salazar, Ben Bolt, TX, 78342",https://sjcatholicchurch.org/st-peter-catholic-mission,Diocese of Corpus Christi,Missions,https://www.diocesecc.org/parishfinder
Saint Pius X Mission,"CR 360 And FM 1540, Sandia, TX, 78383",https://sacredheartmathis.org/,Diocese of Corpus Christi,Missions,https://www.diocesecc.org/parishfinder
Saint Vivian Mission,"3516 FM 665, Robstown, TX, 78380",https://ourladyoftherosarycc.com/saint-vivian-mission,Diocese of Corpus Christi,Missions,https://www.diocesecc.org/parishfinder
Santo Niño de Atocha Mission,"926 Co Rd 122, Tecolote, TX, 78331",https://www.olgalice.org,Diocese of Corpus Christi,Missions,https://www.diocesecc.org/parishfinder
Christ the King Parish,"3423 Rojo Street, Corpus Christi, TX, 78415",https://ctk-cc.org,Diocese of Corpus Christi,Parishes,https://www.diocesecc.org/parishfinder
Corpus Christi Cathedral Parish,"505 N. Upper Broadway, Corpus Christi, TX, 78401",https://cccathedral.com,Diocese of Corpus Christi,Parishes,https://www.diocesecc.org/parishfinder
Holy Cross Parish,"1109 North Staples, Corpus Christi, TX, 78401",https://holycrosscctx.com,Diocese of Corpus Christi,Parishes,https://www.diocesecc.org/parishfinder
Holy Family Parish,"2509 Nogales St., Corpus Christi, TX, 78416",https://www.holyfamilycc.net,Diocese of Corpus Christi,Parishes,https://www.diocesecc.org/parishfinder
Holy Family Parish,"702 McIntyre Ave, Taft, TX, 78390",,Diocese of Corpus Christi,Parishes,https://www.diocesecc.org/parishfinder
Immaculate Conception Parish,"107 Church Street, Gregory, TX, 78359",https://iccgregory.org,Diocese of Corpus Christi,Parishes,https://www.diocesecc.org/parishfinder
Immaculate Conception Parish,"120 E. Escobedo St., Taft, TX, 78390",https://icctaft.org/,Diocese of Corpus Christi,Parishes,https://www.diocesecc.org/parishfinder
Immaculate Conception Parish,"314 N. First St. , Skidmore, TX, 78389",https://www.iccskidmore.com/,Diocese of Corpus Christi,Parishes,https://www.diocesecc.org/parishfinder
Most Precious Blood Parish,"3502 Saratoga Boulevard, Corpus Christi, TX, 78415",https://www.mpbchurch.org/,Diocese of Corpus Christi,Parishes,https://www.diocesecc.org/parishfinder
"Nuestra Señora de San Juan de Los Lagos, Madre de la Iglesia Parish","1755 Frio Street, Corpus Christi, TX, 78417",,Diocese of Corpus Christi,Parishes,https://www.diocesecc.org/parishfinder
Our Lady of Consolation Parish,"Hwy 628, Vattmann, TX, 78379",https://www.olcvattmann.org,Diocese of Corpus Christi,Parishes,https://www.diocesecc.org/parishfinder
Our Lady of Good Counsel Parish,"1102 East Klebert, Kingsville, TX, 78363",https://www.ourladykingsville.org/,Diocese of Corpus Christi,Parishes,https://www.diocesecc.org/parishfinder
Our Lady of Guadalupe Parish,"540 Hiawatha Street, Corpus Christi, TX, 78405",https://www.ourladyofguadalupecctx.org,Diocese of Corpus Christi,Parishes,https://www.diocesecc.org/parishfinder
Our Lady of Guadalupe Parish,"140 S. Main Street, Sarita, TX, 78385",,Diocese of Corpus Christi,Parishes,https://www.diocesecc.org/parishfinder
Our Lady of Guadalupe Parish,"725 Sodville Avenue, Sinton, TX, 78387",https://olgsinton.org/,Diocese of Corpus Christi,Parishes,https://www.diocesecc.org/parishfinder
Our Lady of Guadalupe Parish,"1010 Beam Station Rd., Alice, TX, 78332",https://www.olgalice.org/,Diocese of Corpus Christi,Parishes,https://www.diocesecc.org/parishfinder
Our Lady of Guadalupe Parish,"501B William Street, Tivoli, TX, 77990",,Diocese of Corpus Christi,Parishes,https://www.diocesecc.org/parishfinder
Our Lady of Mount Carmel Parish,"1008 Austin Street, Portland, TX, 78374",https://olmcportland.com/,Diocese of Corpus Christi,Parishes,https://www.diocesecc.org/parishfinder
Our Lady of Perpetual Help Parish,"5830 Williams Drive, Corpus Christi, TX, 78412",https://olphcctx.org/,Diocese of Corpus Christi,Parishes,https://www.diocesecc.org/parishfinder
Our Lady of Pilar Parish,"1101 Bloomington, Corpus Christi, TX, 78416",,Diocese of Corpus Christi,Parishes,https://www.diocesecc.org/parishfinder
Our Lady of Refuge Parish,"1008 South Alamo Street, Refugio, TX, 78377",,Diocese of Corpus Christi,Parishes,https://www.diocesecc.org/parishfinder
Our Lady of the Assumption Parish,"2414 Main Street, Ingleside, TX, 78362",https://www.oloaingleside.org/,Diocese of Corpus Christi,Parishes,https://www.diocesecc.org/parishfinder
Our Lady of the Rosary Parish,"1123 Main Drive, Corpus Christi, TX, 78409",https://ourladyoftherosarycc.com/,Diocese of Corpus Christi,Parishes,https://www.diocesecc.org/parishfinder
Our Lady of Victory Parish,"710 N. Avenue D, Beeville, TX, 78102",,Diocese of Corpus Christi,Parishes,https://www.diocesecc.org/parishfinder
Our Lady Star of the Sea Parish,"3110 E. Causeway Boulevard, Corpus Christi, TX, 78402",https://olsscc.com/,Diocese of Corpus Christi,Parishes,https://www.diocesecc.org/parishfinder
Sacred Heart of Jesus Parish,"401 West Willis, Odem, TX, 78370",https://sacredheartodemtx.org,Diocese of Corpus Christi,Parishes,https://www.diocesecc.org/parishfinder
Sacred Heart Parish,"209 N. Church St., Rockport, TX, 78382",https://shcrockport.org,Diocese of Corpus Christi,Parishes,https://www.diocesecc.org/parishfinder
Sacred Heart Parish,"906 E. Sinton Street, Sinton, TX, 78387",https://shcsinton.org/,Diocese of Corpus Christi,Parishes,https://www.diocesecc.org/parishfinder
Sacred Heart Parish,"304 South Caldwell Street, Falfurrias, TX, 78355",https://www.sacredheart-falfurrias.org/,Diocese of Corpus Christi,Parishes,https://www.diocesecc.org/parishfinder
Sacred Heart Parish,"303 E. Alexander Street, Three Rivers, TX, 78071",https://shthreerivers.org,Diocese of Corpus Christi,Parishes,https://www.diocesecc.org/parishfinder
Sacred Heart Parish,"217 W. San Patricio Ave., Mathis, TX, 78368",https://sacredheartmathis.org/,Diocese of Corpus Christi,Parishes,https://www.diocesecc.org/parishfinder
Sacred Heart Parish,"1322 Comanche, Corpus Christi, TX, 78401",,Diocese of Corpus Christi,Parishes,https://www.diocesecc.org/parishfinder
Saint Andrew by the Sea Parish,"14238 Encantada Avenue, Corpus Christi, TX, 78418",https://standrewcctx.org,Diocese of Corpus Christi,Parishes,https://www.diocesecc.org/parishfinder
Saint Anthony of Padua Parish,"204 Dunne Ave., Robstown, TX, 78380",https://www.stanthonyrobstown.org/,Diocese of Corpus Christi,Parishes,https://www.diocesecc.org/parishfinder
Saint Anthony Parish,"3918 CR 61, Violet, TX, 78380",https://stanthonyviolet.org,Diocese of Corpus Christi,Parishes,https://www.diocesecc.org/parishfinder
Saint Elizabeth of Hungary Parish,"603 East 5th Street, Alice, TX, 78332",https://stelizabethofhungaryalice.org/,Diocese of Corpus Christi,Parishes,https://www.diocesecc.org/parishfinder
Saint Frances of Rome Parish,"410 Simmons Ave., Agua Dulce, TX, 78330",,Diocese of Corpus Christi,Parishes,https://www.diocesecc.org/parishfinder
Saint Francis de Paula Parish,"401 S. Victoria St., San Diego, TX, 78384",http://www.stfrancisdepaula.church/,Diocese of Corpus Christi,Parishes,https://www.diocesecc.org/parishfinder
Saint George Parish,"304 Crockett, St. George West, TX, 78022",https://www.st-george-parish.org/,Diocese of Corpus Christi,Parishes,https://www.diocesecc.org/parishfinder
Saint Gertrude Parish,"1120 South Eighth Street, Kingsville, TX, 78363",https://www.stgertrudechurchkingsville.org,Diocese of Corpus Christi,Parishes,https://www.diocesecc.org/parishfinder
Saint Helena of the True Cross of Jesus Parish,"7634 Wooldridge Road, Corpus Christi, TX, 78414",https://sthelenacc.com/,Diocese of Corpus Christi,Parishes,https://www.diocesecc.org/parishfinder
Saint James Parish,"605 Alta Vista Street, Beeville, TX, 78102",https://stjamesbeeville.org/,Diocese of Corpus Christi,Parishes,https://www.diocesecc.org/parishfinder
Saint James Parish,"603 W. Third Street, Bishop, TX, 78343",https://www.stjbishop.org,Diocese of Corpus Christi,Parishes,https://www.diocesecc.org/parishfinder
Saint James the Apostle Parish,"202 E. Santiago St., Refugio, TX, 78377",,Diocese of Corpus Christi,Parishes,https://www.diocesecc.org/parishfinder
Saint John Nepomucene Parish,"603 N. 1st St., Robstown, TX, 78380",https://stjohnnrtx.org,Diocese of Corpus Christi,Parishes,https://www.diocesecc.org/parishfinder
Saint John of the Cross Parish,"200 S. Metz, Orange Grove, TX, 78372",https://www.st-johnog.org/,Diocese of Corpus Christi,Parishes,https://www.diocesecc.org/parishfinder
Saint John the Baptist Catholic Church,"7522 Everhart Road, Corpus Christi, TX, 78413",https://sjbcctx.org/,Diocese of Corpus Christi,Parishes,https://www.diocesecc.org/parishfinder
Saint Joseph Parish,"609 East Gramman Street, Beeville, TX, 78102",https://www.stjosephbeeville.org/,Diocese of Corpus Christi,Parishes,https://www.diocesecc.org/parishfinder
Saint Joseph Parish,"710 S. 19th Street, Corpus Christi, TX, 78465",https://www.stjosephcorpuschristi.com/,Diocese of Corpus Christi,Parishes,https://www.diocesecc.org/parishfinder
Saint Joseph Parish,"1400 Brookshire Drive, Kingsville, TX, 78364",,Diocese of Corpus Christi,Parishes,https://www.diocesecc.org/parishfinder
Saint Joseph Parish,"100 Station St. Port, Port Aransas, TX, 78373",https://stjosephportaransas.com,Diocese of Corpus Christi,Parishes,https://www.diocesecc.org/parishfinder
Saint Joseph Parish,"801 South Reynolds, Alice, TX, 78332",https://sjcatholicchurch.org,Diocese of Corpus Christi,Parishes,https://www.diocesecc.org/parishfinder
Saint Martin of Tours Parish,"715 North 8th Street, Kingsville, TX, 78363",https://stmartinkingsville.org/,Diocese of Corpus Christi,Parishes,https://www.diocesecc.org/parishfinder
Saint Mary Parish,"1500 Duval Street, Freer, TX, 78357",,Diocese of Corpus Christi,Parishes,https://www.diocesecc.org/parishfinder
Saint Mary Star of the Sea Parish,"342 South Rife Street, Aransas Pass, TX, 78336",https://stmaryss.org/,Diocese of Corpus Christi,Parishes,https://www.diocesecc.org/parishfinder
Saint Michael the Archangel Parish,"4317 4th Street, Banquete, TX, 78339",,Diocese of Corpus Christi,Parishes,https://www.diocesecc.org/parishfinder
Saint Patrick Parish,"3350 South Alameda Street, Corpus Christi, TX, 78411",https://www.stpatrickchurchcc.org/,Diocese of Corpus Christi,Parishes,https://www.diocesecc.org/parishfinder
Saint Paul the Apostle Parish,"2233 Waldron Rd, Corpus Christi, TX, 78418",https://www.stpaultheapostlecc.com/,Diocese of Corpus Christi,Parishes,https://www.diocesecc.org/parishfinder
Saint Peter Parish,"2761 Farm Road 1781, Rockport, TX, 78381",,Diocese of Corpus Christi,Parishes,https://www.diocesecc.org/parishfinder
"Saint Peter, Prince of the Apostles Parish","3901 Violet Road, Corpus Christi, TX, 78410",https://www.stpeterprince.net/,Diocese of Corpus Christi,Parishes,https://www.diocesecc.org/parishfinder
Saint Philip the Apostle Parish,"3513 Cimarron Blvd., Corpus Christi, TX, 78414",https://www.stphilipcc.com/,Diocese of Corpus Christi,Parishes,https://www.diocesecc.org/parishfinder
Saint Pius X Parish,"5620 Gollihar Road, Corpus Christi, TX, 78412",https://www.stpiusxcc.org/,Diocese of Corpus Christi,Parishes,https://www.diocesecc.org/parishfinder
Saint Theresa of the Infant Jesus Parish,"235 S.W. 4th Street, Premont, TX, 78375",https://sttheresaij.org/,Diocese of Corpus Christi,Parishes,https://www.diocesecc.org/parishfinder
Saint Theresa of the Little Flower Parish,"1302 Lantana Street, Corpus Christi, TX, 78407",https://sainttheresacc.org/,Diocese of Corpus Christi,Parishes,https://www.diocesecc.org/parishfinder
Saint Therese of the Little Flower Parish,"307 Pugh Street, Woodsboro, TX, 78393",,Diocese of Corpus Christi,Parishes,https://www.diocesecc.org/parishfinder
Saint Thomas More Parish,"2045 18th Street, Corpus Christi, TX, 78404",https://www.stthomasmorecc.org/,Diocese of Corpus Christi,Parishes,https://www.diocesecc.org/parishfinder
Saint Thomas the Apostle Parish,"16602 FM 624, Robstown, TX, 78380",https://christon624.com/,Diocese of Corpus Christi,Parishes,https://www.diocesecc.org/parishfinder
Saints Cyril & Methodius Parish,"3210 South Padre Island Drive, Corpus Christi, TX, 78415",https://sscmc.org/,Diocese of Corpus Christi,Parishes,https://www.diocesecc.org/parishfinder
Santa Rosa de Lima Parish,"203 Santa Rosa De Lima Street, Benavides, TX, 78341",,Diocese of Corpus Christi,Parishes,https://www.diocesecc.org/parishfinder
Cardinal John Henry Newman Catholic Student Center,"7002 Ocean Drive, Corpus Christi, TX, 78412",https://newmancc.org/,Diocese of Corpus Christi,Student Centers,https://www.diocesecc.org/parishfinder
Saint Thomas Aquinas Newman Center and Chapel at Texas A&M Kingsville,"1457 Retama, Kingsville, TX, 78383",https://newmankingsville.com/,Diocese of Corpus Christi,Student Centers,https://www.diocesecc.org/parishfinder
Holy Family Parish,"5410 Buffalo Gap Rd, Abilene, TX, 79606",http://www.holyfamilyabilene.org,Diocese of San Angelo,Abilene Deanery,https://www.sanangelodiocese.org/parishfinder
Holy Spirit Parish — Holy Family Campus,"507 Crane St, Sweetwater, TX, 79556",http://www.hscparish.com,Diocese of San Angelo,Abilene Deanery,https://www.sanangelodiocese.org/parishfinder
Holy Spirit Parish — Immaculate Heart of Mary Campus,"511 W Alabama Ave, Sweetwater, TX, 79556-6411",http://www.hscparish.com,Diocese of San Angelo,Abilene Deanery,https://www.sanangelodiocese.org/parishfinder
Holy Spirit Parish (Sweetwater) — St. Albert Campus,"205 Laurel St, Roscoe, TX, 79545",http://www.hscparish.com,Diocese of San Angelo,Abilene Deanery,https://www.sanangelodiocese.org/parishfinder
Our Lady of Grace Catholic Community,"7 BW/HC, 158 Avenue B, Dyess Air Force Base, TX, 79607",,Diocese of San Angelo,Abilene Deanery,https://www.sanangelodiocese.org/parishfinder
Our Lady of Mount Carmel Parish,"119 W College St, Winters, TX, 79567-4001",,Diocese of San Angelo,Abilene Deanery,https://www.sanangelodiocese.org/parishfinder
Our Mother of Mercy Mission,"1300 S Locust, Merkel, TX, 79536",,Diocese of San Angelo,Abilene Deanery,https://www.sanangelodiocese.org/parishfinder
Sacred Heart Parish,"303 E College Ave, Coleman, TX, 76834-4303",http://www.sacredheartchurchcoleman.org,Diocese of San Angelo,Abilene Deanery,https://www.sanangelodiocese.org/parishfinder
Sacred Heart Parish,"837 Jeanette St, Abilene, TX, 76902-2410",https://www.sacredheartabilene.org/,Diocese of San Angelo,Abilene Deanery,https://www.sanangelodiocese.org/parishfinder
St. Ann Parish,"2005 Walnut St, Colorado City, TX, 79512-2915",,Diocese of San Angelo,Abilene Deanery,https://www.sanangelodiocese.org/parishfinder
St. Francis of Assisi Parish,"826 Cottonwood St, Abilene, TX, 79601-4340",https://www.stfrancisabilene.com/,Diocese of San Angelo,Abilene Deanery,https://www.sanangelodiocese.org/parishfinder
St. Joseph Mission,"403 S Hinson, Loraine, TX, 79532",,Diocese of San Angelo,Abilene Deanery,https://www.sanangelodiocese.org/parishfinder
St. Mary Queen of Peace Parish,"1103 Main St, Brownwood, TX, 76801",http://www.stmarybwd.org,Diocese of San Angelo,Abilene Deanery,https://www.sanangelodiocese.org/parishfinder
St. Vincent Pallotti Parish,"2525 Westview Dr, Abilene, TX, 79603-2138",http://www.stvincent-pallotti.org,Diocese of San Angelo,Abilene Deanery,https://www.sanangelodiocese.org/parishfinder
Sts. Joachim & Ann Mission,"103 Cherry St, Clyde, TX, 79510",,Diocese of San Angelo,Abilene Deanery,https://www.sanangelodiocese.org/parishfinder
Good Shepherd Parish,"810 S Virginia St, Crane, TX, 79731",,Diocese of San Angelo,Midland–Odessa Deanery,https://www.sanangelodiocese.org/parishfinder
Holy Redeemer Parish,"2633 Conover Ave, Odessa, TX, 79763",http://www.holyredeemertx.org,Diocese of San Angelo,Midland–Odessa Deanery,https://www.sanangelodiocese.org/parishfinder
Holy Trinity Parish,"1009 Hearn St, Big Spring, TX, 79720",,Diocese of San Angelo,Midland–Odessa Deanery,https://www.sanangelodiocese.org/parishfinder
Our Lady of Guadalupe Parish — St. Agnes Church,"4094 N HWY 18, Ft. Stockton, TX, 79735",http://www.ologpfs.weebly.com,Diocese of San Angelo,Midland–Odessa Deanery,https://www.sanangelodiocese.org/parishfinder
Our Lady of Guadalupe Parish — St. Joseph Church,"403 S Main, Ft. Stockton, TX, 79735",http://www.ologpfs.weebly.com,Diocese of San Angelo,Midland–Odessa Deanery,https://www.sanangelodiocese.org/parishfinder
Our Lady of Guadalupe Parish and Shrine,"1401 Garden Ln, Midland, TX, 79701-3611",http://www.olgmidland.org/,Diocese of San Angelo,Midland–Odessa Deanery,https://www.sanangelodiocese.org/parishfinder
Our Lady of Lourdes Mission,"103 Merrill Ave, Imperial, TX, 79743",,Diocese of San Angelo,Midland–Odessa Deanery,https://www.sanangelodiocese.org/parishfinder
Our Lady of Lourdes Parish,"201 NE Avenue K, Andrews, TX, 79714-3612",,Diocese of San Angelo,Midland–Odessa Deanery,https://www.sanangelodiocese.org/parishfinder
Our Lady of San Juan Mission,"905 Edgeport Dr, Odessa, TX, 79765",,Diocese of San Angelo,Midland–Odessa Deanery,https://www.sanangelodiocese.org/parishfinder
Sacred Heart Parish,"710 S Burleson, McCamey, TX, 79752",,Diocese of San Angelo,Midland–Odessa Deanery,https://www.sanangelodiocese.org/parishfinder
San Miguel Arcángel Parish,"1100 Camp St, Midland, TX, 79701-7927",http://www.sanmiguelchurch.com,Diocese of San Angelo,Midland–Odessa Deanery,https://www.sanangelodiocese.org/parishfinder
St. Ann Parish,"1906 W Texas Ave, Midland, TX, 79701-6564",http://www.stannsparish.us,Diocese of San Angelo,Midland–Odessa Deanery,https://www.sanangelodiocese.org/parishfinder
St. Anthony Parish,"1321 W Monahans St, Odessa, TX, 79763",http://www.stjosephanthonychurches.org,Diocese of San Angelo,Midland–Odessa Deanery,https://www.sanangelodiocese.org/parishfinder
St. Elizabeth Ann Seton Parish,"7601 N Grandview Ave, Odessa, TX, 79765-3401",http://www.setonparishodessa.org,Diocese of San Angelo,Midland–Odessa Deanery,https://www.sanangelodiocese.org/parishfinder
St. Isidore Mission,"3324 Co Rd 3400, Lenorah, TX, 79749",,Diocese of San Angelo,Midland–Odessa Deanery,https://www.sanangelodiocese.org/parishfinder
St. Isidore Mission,"4614 S Frank, Coyanosa, TX, 79730",,Diocese of San Angelo,Midland–Odessa Deanery,https://www.sanangelodiocese.org/parishfinder
St. James Parish,"209 E Hackberry St, Sanderson, TX, 79848",https://ologpfs.weebly.com/saint-james-sanderson.html,Diocese of San Angelo,Midland–Odessa Deanery,https://www.sanangelodiocese.org/parishfinder
St. Joseph Parish,"907 S Dixie Blvd, Odessa, TX, 79761-6707",http://www.stjosephanthonychurches.org,Diocese of San Angelo,Midland–Odessa Deanery,https://www.sanangelodiocese.org/parishfinder
St. Joseph Parish,"405 N Convent St, Stanton, TX, 79782",,Diocese of San Angelo,Midland–Odessa Deanery,https://www.sanangelodiocese.org/parishfinder
St. Lawrence Parish,"2400 FM 2401, Garden City, TX, 79739-2528",http://www.stlawrencecatholicchurch.com,Diocese of San Angelo,Midland–Odessa Deanery,https://www.sanangelodiocese.org/parishfinder
St. Mary Parish,"612 E 18th St, Odessa, TX, 79761-1214",,Diocese of San Angelo,Midland–Odessa Deanery,https://www.sanangelodiocese.org/parishfinder
St. Paschal Baylon Mission,"803 5th St, Sterling City, TX, 76951",https://www.stlawrencecatholicchurch.com/,Diocese of San Angelo,Midland–Odessa Deanery,https://www.sanangelodiocese.org/parishfinder
St. Rita of Cascia Mission (Greenwood),"8310 FM 307, Midland, TX, 79606",,Diocese of San Angelo,Midland–Odessa Deanery,https://www.sanangelodiocese.org/parishfinder
St. Stephen Parish,"4601 Neely Ave, Midland, TX, 79707-5213",http://www.ststephensmidland.com,Diocese of San Angelo,Midland–Odessa Deanery,https://www.sanangelodiocese.org/parishfinder
St. Thomas Mission,"13100 N FM 2401, Midkiff, TX, 79755",http://www.stlawrencecatholicchurch.com,Diocese of San Angelo,Midland–Odessa Deanery,https://www.sanangelodiocese.org/parishfinder
Cathedral Church of the Sacred Heart,"20 E Beauregard Ave, San Angelo, TX, 76903-5895",https://sanangelocathedral.org,Diocese of San Angelo,San Angelo Deanery,https://www.sanangelodiocese.org/parishfinder
Good Shepherd Mission,"1040 Main, Sheffield, TX, 79781",,Diocese of San Angelo,San Angelo Deanery,https://www.sanangelodiocese.org/parishfinder
Holy Angels Parish,"2309 A and M Ave, San Angelo, TX, 76904",http://www.holyangelssanangelo.org,Diocese of San Angelo,San Angelo Deanery,https://www.sanangelodiocese.org/parishfinder
Holy Family Mission,"18370 Bledsoe Rd, Mereta, TX, 76940",http://www.saint-ambrose.org,Diocese of San Angelo,San Angelo Deanery,https://www.sanangelodiocese.org/parishfinder
Immaculate Conception Mission,"12264 W Torres, Knickerbocker, TX, 76939",,Diocese of San Angelo,San Angelo Deanery,https://www.sanangelodiocese.org/parishfinder
Our Lady of Guadalupe Mission,"12196 Co Rd 6009, Millersview, TX, 76862",,Diocese of San Angelo,San Angelo Deanery,https://www.sanangelodiocese.org/parishfinder
Our Lady of Guadalupe Mission,"601 W 10th St, Robert Lee, TX, 76945",,Diocese of San Angelo,San Angelo Deanery,https://www.sanangelodiocese.org/parishfinder
Our Lady of Guadalupe Parish,"824 N Divide St, Eldorado, TX, 76936-2165",,Diocese of San Angelo,San Angelo Deanery,https://www.sanangelodiocese.org/parishfinder
Our Lady of Peace Catholic Community,"17th TRW/HC, 184 Scherz Blvd, Goodfellow Air Force Base, TX, 76908-4800",,Diocese of San Angelo,San Angelo Deanery,https://www.sanangelodiocese.org/parishfinder
Our Lady of Perpetual Help Parish,"1715 Martinez, Ozona, TX, 76943",,Diocese of San Angelo,San Angelo Deanery,https://www.sanangelodiocese.org/parishfinder
Sacred Heart Parish,"609 Ellis St, HWY 83, Menard, TX, 76859",,Diocese of San Angelo,San Angelo Deanery,https://www.sanangelodiocese.org/parishfinder
St. Ambrose Parish,"8602 Loop 570, Wall, TX, 76957",http://www.saint-ambrose.org,Diocese of San Angelo,San Angelo Deanery,https://www.sanangelodiocese.org/parishfinder
St. Ann Parish,"311 W Plum St, Sonora, TX, 76950",,Diocese of San Angelo,San Angelo Deanery,https://www.sanangelodiocese.org/parishfinder
St. Boniface Parish - Olfen,"1118 County Road 234, Rowena, TX, 76875-4304",,Diocese of San Angelo,San Angelo Deanery,https://www.sanangelodiocese.org/parishfinder
St. Charles Borromeo Parish,"302 Moss St, Eden, TX, 76837",,Diocese of San Angelo,San Angelo Deanery,https://www.sanangelodiocese.org/parishfinder
St. Francis of Assisi Mission,"205 W 5th St, Iraan, TX, 79744",,Diocese of San Angelo,San Angelo Deanery,https://www.sanangelodiocese.org/parishfinder
St. Francis Xavier Mission,"107 S Savage Ave, Melvin, TX, 76858",,Diocese of San Angelo,San Angelo Deanery,https://www.sanangelodiocese.org/parishfinder
St. James Mission,"302 N Washington, Bronte, TX, 76933",,Diocese of San Angelo,San Angelo Deanery,https://www.sanangelodiocese.org/parishfinder
St. Joseph Parish,"506 Edwards, Rowena, TX, 76875",,Diocese of San Angelo,San Angelo Deanery,https://www.sanangelodiocese.org/parishfinder
St. Joseph Parish,"301 W 17th St, San Angelo, TX, 76903-4561",https://www.stjosephsanangelo.org,Diocese of San Angelo,San Angelo Deanery,https://www.sanangelodiocese.org/parishfinder
St. Margaret of Cortona Parish,"107 E 1st St, Big Lake, TX, 76932-5105",,Diocese of San Angelo,San Angelo Deanery,https://www.sanangelodiocese.org/parishfinder
St. Margaret of Scotland Parish,"2619 Era Ave, San Angelo, TX, 76905-8221",https://stmargaretsa.com/,Diocese of San Angelo,San Angelo Deanery,https://www.sanangelodiocese.org/parishfinder
St. Mary Parish,"11 W Avenue N, San Angelo, TX, 76903-8542",http://www.sastmarys.org,Diocese of San Angelo,San Angelo Deanery,https://www.sanangelodiocese.org/parishfinder
"St. Mary, Star of the Sea Parish","605 N 5th St, Ballinger, TX, 76821-4921",http://www.stmarystaroftheseaballinger.org,Diocese of San Angelo,San Angelo Deanery,https://www.sanangelodiocese.org/parishfinder
St. Patrick Parish,"406 S Bridge, Brady, TX, 76825",https://www.stpatrickbrady.org/,Diocese of San Angelo,San Angelo Deanery,https://www.sanangelodiocese.org/parishfinder
St. Peter Mission,"549 N Commerce St, Mertzon, TX, 76941",,Diocese of San Angelo,San Angelo Deanery,https://www.sanangelodiocese.org/parishfinder
St. Philip Benizi Mission,"11937 Co Rd 5511, Eola, TX, 76937",,Diocese of San Angelo,San Angelo Deanery,https://www.sanangelodiocese.org/parishfinder
St. Theresa of the Child Jesus Parish,"114 S 7th St, Junction, TX, 76849",,Diocese of San Angelo,San Angelo Deanery,https://www.sanangelodiocese.org/parishfinder
St. Therese Parish,"11774 Beaumont St, Carlsbad, TX, 76934",,Diocese of San Angelo,San Angelo Deanery,https://www.sanangelodiocese.org/parishfinder
St. Thomas Mission,"110 HWY 67, Rankin, TX, 79778",,Diocese of San Angelo,San Angelo Deanery,https://www.sanangelodiocese.org/parishfinder
St. Thomas Parish,"404 W 7th St, Miles, TX, 76861",,Diocese of San Angelo,San Angelo Deanery,https://www.sanangelodiocese.org/parishfinder
0-No Parish Designation,,,Diocese of The Personal Ordinariate of the Chair of St. Peter,Sunday Mass Schedule,https://www.ordinariate.net/parishfinder
Annunciation of the Blessed Virgin Mary,"289 Spencer Street, Ottawa, ON, K1Y 2R1",http://www.annunciationofthebvm.org,Diocese of The Personal Ordinariate of the Chair of St. Peter,Sunday Mass Schedule,https://www.ordinariate.net/parishfinder
Cathedral of Our Lady of Walsingham,"7809 Shadyvilla Lane, Houston, TX, 77055",http://olwcatholic.org,Diocese of The Personal Ordinariate of the Chair of St. Peter,Sunday Mass Schedule,https://www.ordinariate.net/parishfinder
Christ the King,"1102 Hart Road, Towson, MD, 21286",http://www.ctktowson.org,Diocese of The Personal Ordinariate of the Chair of St. Peter,Sunday Mass Schedule,https://www.ordinariate.net/parishfinder
Corpus Christi,"952 Orange Grove Rd, Charleston, SC, 29407",http://corpuschristicsp.org,Diocese of The Personal Ordinariate of the Chair of St. Peter,Sunday Mass Schedule,https://www.ordinariate.net/parishfinder
Holy Martyrs,"27310 Madison Ave , Temecula, CA, 92590",https://www.hmcatholic.org/,Diocese of The Personal Ordinariate of the Chair of St. Peter,Sunday Mass Schedule,https://www.ordinariate.net/parishfinder
Holy Nativity,"1414 North Easy Street, Payson, AZ, 85541",https://www.holynativitypayson.org/,Diocese of The Personal Ordinariate of the Chair of St. Peter,Sunday Mass Schedule,https://www.ordinariate.net/parishfinder
Incarnation Catholic Church,"1515 Edgewater Drive, Orlando, FL, 32804",https://www.incarnationcc.org/,Diocese of The Personal Ordinariate of the Chair of St. Peter,Sunday Mass Schedule,https://www.ordinariate.net/parishfinder
Mount Calvary,"816 N. Eutaw Street, Baltimore, MD, 21201",http://www.mountcalvary.com,Diocese of The Personal Ordinariate of the Chair of St. Peter,Sunday Mass Schedule,https://www.ordinariate.net/parishfinder
Our Lady and Saint John,"1960 Bardstown Rd  , Louisville, KY, 40205",http://www.ourladyandstjohn.org,Diocese of The Personal Ordinariate of the Chair of St. Peter,Sunday Mass Schedule,https://www.ordinariate.net/parishfinder
Our Lady of Good Counsel,"657 N Marine Blvd, Jacksonville, NC, 28540",https://bobobird2.wixsite.com/ourladyofgoodcounsel,Diocese of The Personal Ordinariate of the Chair of St. Peter,Sunday Mass Schedule,https://www.ordinariate.net/parishfinder
Our Lady of Grace,"381 W Center St, Covina, CA, 91723",http://www.olgonline.org,Diocese of The Personal Ordinariate of the Chair of St. Peter,Sunday Mass Schedule,https://www.ordinariate.net/parishfinder
Our Lady of the Atonement,"15415 Red Robin Road, San Antonio, Texas, 78255",https://www.ourladyoftheatonement.org/,Diocese of The Personal Ordinariate of the Chair of St. Peter,Sunday Mass Schedule,https://www.ordinariate.net/parishfinder
Presentation of the Lord,"5530 Honea Egypt Rd, Montgomery, TX, 77316",https://presentation.church/,Diocese of The Personal Ordinariate of the Chair of St. Peter,Sunday Mass Schedule,https://www.ordinariate.net/parishfinder
Saint Aelred,"5070 Lower Apalachee Road, Madison, GA, 30650",https://www.staelred.org/,Diocese of The Personal Ordinariate of the Chair of St. Peter,Sunday Mass Schedule,https://www.ordinariate.net/parishfinder
Saint Barnabas,"129 North 40th Street, Omaha, NE, 68131",http://www.saintbarnabas.net,Diocese of The Personal Ordinariate of the Chair of St. Peter,Sunday Mass Schedule,https://www.ordinariate.net/parishfinder
Saint Benedict's,"3639 — 116 Avenue NW, Edmonton, AB, T5W 0W7, Edmonton, Alberta, T5W 0W7",https://www.edmontonordinariate.com/,Diocese of The Personal Ordinariate of the Chair of St. Peter,Sunday Mass Schedule,https://www.ordinariate.net/parishfinder
Saint Cuthbert of Lindisfarne Catholic Church,"2905 Carson Avenue, Indianapolis, IN, 46203",http://www.stcuthbertindy.org,Diocese of The Personal Ordinariate of the Chair of St. Peter,Sunday Mass Schedule,https://www.ordinariate.net/parishfinder
Saint Edmund Campion Catholic Church,"1222 W Blue Ridge Rd, Flat Rock, NC, 28731",https://www.saintedmundcampion.com/,Diocese of The Personal Ordinariate of the Chair of St. Peter,Sunday Mass Schedule,https://www.ordinariate.net/parishfinder
Saint Elizabeth Ann Seton Catholic Church,"1015 N. Union Grove Road, Friendsville, TN, 37737",https://www.setonordinariate.org,Diocese of The Personal Ordinariate of the Chair of St. Peter,Sunday Mass Schedule,https://www.ordinariate.net/parishfinder
Saint George,"1404 E Hines St., Republic, MO, 65738",https://www.saint-george-church.net/,Diocese of The Personal Ordinariate of the Chair of St. Peter,Sunday Mass Schedule,https://www.ordinariate.net/parishfinder
Saint James,"4427 Emerson St. Bldg 2-2, Jacksonville, FL, 32207",https://www.stjamescc.org/,Diocese of The Personal Ordinariate of the Chair of St. Peter,Sunday Mass Schedule,https://www.ordinariate.net/parishfinder
Saint John Fisher,"1525 South Alafaya Trail, Suite 106 , Orlando, FL, 32828",https://orlandocatholic.com/,Diocese of The Personal Ordinariate of the Chair of St. Peter,Sunday Mass Schedule,https://www.ordinariate.net/parishfinder
Saint John Henry Newman,"849 Old Esquimalt Road, Victoria, BC, V9A 4W9",http://www.victoriaordinariate.com/,Diocese of The Personal Ordinariate of the Chair of St. Peter,Sunday Mass Schedule,https://www.ordinariate.net/parishfinder
Saint John Henry Newman,"2532 Dupont Drive, Irvine, CA, 92612",http://www.newmanonline.org,Diocese of The Personal Ordinariate of the Chair of St. Peter,Sunday Mass Schedule,https://www.ordinariate.net/parishfinder
Saint John Paul II Ordinariate Community,"617 Pierce St , Bethlehem, PA, 18015",https://sjp2lv.com/,Diocese of The Personal Ordinariate of the Chair of St. Peter,Sunday Mass Schedule,https://www.ordinariate.net/parishfinder
Saint John the Baptist,"502 Ford Street, Bridgeport (Philadelphia), PA, 19405",https://sjbbridgeport.org/,Diocese of The Personal Ordinariate of the Chair of St. Peter,Sunday Mass Schedule,https://www.ordinariate.net/parishfinder
Saint John the Evangelist,"1423 8th Avenue SE, Calgary, AB, T2G 0N1",https://sje.ordinariate.ca/,Diocese of The Personal Ordinariate of the Chair of St. Peter,Sunday Mass Schedule,https://www.ordinariate.net/parishfinder
Saint John Vianney,"200 S Nolan River Rd., Cleburne, TX, 76033",https://stjohnvianneycleburne.com/,Diocese of The Personal Ordinariate of the Chair of St. Peter,Sunday Mass Schedule,https://www.ordinariate.net/parishfinder
Saint Luke's,"2315 Brinkley Road, Fort Washington, MD, 20744",http://www.stlukesordinariate.com/,Diocese of The Personal Ordinariate of the Chair of St. Peter,Sunday Mass Schedule,https://www.ordinariate.net/parishfinder
Saint Margaret of Scotland,"3481 Atlanta Highway, Flowery Branch, GA, 30542",https://stmargaretofscotland.org/,Diocese of The Personal Ordinariate of the Chair of St. Peter,Sunday Mass Schedule,https://www.ordinariate.net/parishfinder
Saint Mary the Virgin,"1408 North Davis Drive, Arlington, TX, 76012",http://www.stmarythevirgin.org,Diocese of The Personal Ordinariate of the Chair of St. Peter,Sunday Mass Schedule,https://www.ordinariate.net/parishfinder
Saint Michael and All Angels,"101 E. Texas St., Denison, TX, 75020",https://www.stmichaelsallangels.com/,Diocese of The Personal Ordinariate of the Chair of St. Peter,Sunday Mass Schedule,https://www.ordinariate.net/parishfinder
Saint Thomas Becket,"3550 Southwest Loop 820, Fort Worth, TX, 76133",https://stbecketfw.org/,Diocese of The Personal Ordinariate of the Chair of St. Peter,Sunday Mass Schedule,https://www.ordinariate.net/parishfinder
Saint Thomas More,"116 Theodore Street, Scranton, PA, 18508",http://www.stmscranton.org,Diocese of The Personal Ordinariate of the Chair of St. Peter,Sunday Mass Schedule,https://www.ordinariate.net/parishfinder
Saint Timothy's,"7604 Mellor Avenue, Sykesville, MD, 21784",https://www.sttimsocsp.cc/,Diocese of The Personal Ordinariate of the Chair of St. Peter,Sunday Mass Schedule,https://www.ordinariate.net/parishfinder
Saints Peter and Paul Catholic Church,"3009 Industrial Terrace, Austin, TX, 78758",https://stsppcc.org/,Diocese of The Personal Ordinariate of the Chair of St. Peter,Sunday Mass Schedule,https://www.ordinariate.net/parishfinder
Holy Family Catholic Mission,"442 South 200 East, Fillmore, UT, 84631",,Diocese of Salt Lake City,Missions,https://www.dioslc.org/parishfinder
Holy Spirit Catholic Mission,"620 East Main, Duchesne, UT , 84021",,Diocese of Salt Lake City,Missions,https://www.dioslc.org/parishfinder
Our Lady of the Light Catholic Mission,"190 N 900 E, Beaver, UT, 84713",,Diocese of Salt Lake City,Missions,https://www.dioslc.org/parishfinder
Sacred Heart Catholic Mission,"900 E Hwy 46, La Sal, UT, 84530",,Diocese of Salt Lake City,Missions,https://www.dioslc.org/parishfinder
Saint Anthony of the Desert Catholic Mission,"608 Sand Creek Rd, Torrey, UT, 84775",https://www.facebook.com/profile.php?id=61575254319584,Diocese of Salt Lake City,Missions,https://www.dioslc.org/parishfinder
Saint Dominic Catholic Mission,"160 S 100 W, Bryce Canyon, UT, 84764",,Diocese of Salt Lake City,Missions,https://www.dioslc.org/parishfinder
Saint Florence Catholic Mission,"6461 E Highway 39, Huntsville, UT, 84317",https://stflorence.wordpress.com,Diocese of Salt Lake City,Missions,https://www.dioslc.org/parishfinder
Saint Gertrude Catholic Mission,"945 S Main St, Panguitch, UT , 84759",,Diocese of Salt Lake City,Missions,https://www.dioslc.org/parishfinder
Saint John Bosco Catholic Mission,"96 S Center St, Delta, UT , 84624",,Diocese of Salt Lake City,Missions,https://www.dioslc.org/parishfinder
Saint Jude Catholic Mission,"160 E Center St, Ephraim, UT , 84627",https://www.facebook.com/saintjudemissionephraimut,Diocese of Salt Lake City,Missions,https://www.dioslc.org/parishfinder
Saint Kateri Tekakwitha Catholic Mission,"915 S 7500 E, Fort Duchesne, UT , 84026",,Diocese of Salt Lake City,Missions,https://www.dioslc.org/parishfinder
Saint Lawrence Catholic Mission,"5 S 100 W, Heber City, UT , 84032",http://www.stmarysparkcity.com/stl,Diocese of Salt Lake City,Missions,https://www.dioslc.org/parishfinder
Saint Michael the Archangel Catholic Mission,"40 N Long St, Green River, UT , 84525",https://notredameprice.org/missions/st-michael/,Diocese of Salt Lake City,Missions,https://www.dioslc.org/parishfinder
Saint Paul Catholic Mission,"171 S Main St, Hurricane, UT , 84737",http://www.stpaulcatholiccenter.org,Diocese of Salt Lake City,Missions,https://www.dioslc.org/parishfinder
Saint Sylvester Catholic Mission,"20 N Center St, Escalante, UT , 84726",,Diocese of Salt Lake City,Missions,https://www.dioslc.org/parishfinder
San Isidro Catholic Mission,"12972 W Highway 6, Elberta, UT , 84626",https://www.facebook.com/MisionSanIsidro,Diocese of Salt Lake City,Missions,https://www.dioslc.org/parishfinder
San Juan Diego Catholic Mission,"25 W Center St, Gunnison, UT , 84634",,Diocese of Salt Lake City,Missions,https://www.dioslc.org/parishfinder
San Pablo Catholic Mission,"721 S Highway 18, Beryl Junction, UT , 84714",,Diocese of Salt Lake City,Missions,https://www.dioslc.org/parishfinder
San Rafael Catholic Mission,"1716 S Highway 10, Huntington, UT , 84528",https://notredameprice.org/missions/san-rafael-mission/,Diocese of Salt Lake City,Missions,https://www.dioslc.org/parishfinder
Santa Ana Catholic Mission,"600 N 760 W, Tremonton, UT , 84337",,Diocese of Salt Lake City,Missions,https://www.dioslc.org/parishfinder
Blessed Sacrament Catholic Church,"9757 South 1700 East, Sandy, UT , 84092",http://www.blessedsacramentsandy.org,Diocese of Salt Lake City,Parishes,https://www.dioslc.org/parishfinder
Cathedral of the Madeleine,"331 E South Temple, Salt Lake City, Utah, 84111",http://www.utcotm.org,Diocese of Salt Lake City,Parishes,https://www.dioslc.org/parishfinder
Christ the King Catholic Church,"690 South Cove Dr, Cedar City, UT , 84720",http://www.christthekingutah.org,Diocese of Salt Lake City,Parishes,https://www.dioslc.org/parishfinder
Good Shepherd Catholic Church,"103 3rd E, East Carbon, UT, 84520",https://notredameprice.org/missions/good-shepherd/,Diocese of Salt Lake City,Parishes,https://www.dioslc.org/parishfinder
Holy Family Catholic Church,"1100 East 5550 South, Ogden, UT , 84403",http://hfutah.org/,Diocese of Salt Lake City,Parishes,https://www.dioslc.org/parishfinder
Immaculate Conception Catholic Church,"8892 W State Highway, Copperton, UT , 84006",https://www.iccatholicchurch.org,Diocese of Salt Lake City,Parishes,https://www.dioslc.org/parishfinder
Notre Dame de Lourdes Catholic Church,"185 North Carbon Ave, Price, UT , 84501",http://www.notredameprice.org,Diocese of Salt Lake City,Parishes,https://www.dioslc.org/parishfinder
Our Lady of Guadalupe Catholic Church,"715 West 300 North, Salt Lake City, UT , 84116",https://parishesonline.com/organization/our-lady-of-guadalupe-church-84116,Diocese of Salt Lake City,Parishes,https://www.dioslc.org/parishfinder
"Our Lady of Lourdes Catholic Church, Magna","2840 S 9000 W, Magna, UT , 84044",https://www.facebook.com/profile.php?id=100069291559052&sk=about,Diocese of Salt Lake City,Parishes,https://www.dioslc.org/parishfinder
"Our Lady of Lourdes Catholic Church, SLC","670 S 1100 E, Salt Lake City, UT, 84102",http://www.lourdes-slc.org,Diocese of Salt Lake City,Parishes,https://www.dioslc.org/parishfinder
Our Lady of Perpetual Help Catholic Church,"4360 W 5415 S, Kearns, UT, 84118",http://vietnamcatholicslc.org/english,Diocese of Salt Lake City,Parishes,https://www.dioslc.org/parishfinder
Sacred Heart Catholic Church,"174 E 900 S, Salt Lake City, UT, 84111",https://dioslc.org/sacred-heart-catholic-church,Diocese of Salt Lake City,Parishes,https://www.dioslc.org/parishfinder
Saint Ambrose Catholic Church,"1975 S 2300 E, Salt Lake City, UT, 84108",http://www.stambrosecatholicchurch.org,Diocese of Salt Lake City,Parishes,https://www.dioslc.org/parishfinder
Saint Andrew Catholic Church,"11835 S 3600 W, Riverton, UT, 84065",http://www.standrewut.com,Diocese of Salt Lake City,Parishes,https://www.dioslc.org/parishfinder
Saint Ann Catholic Church,"450 E 2100 S, Salt Lake City, UT, 84115",http://www.stannslc.org,Diocese of Salt Lake City,Parishes,https://www.dioslc.org/parishfinder
Saint Anthony of Padua Catholic Church,"7 S Main, Helper, UT, 84526",,Diocese of Salt Lake City,Parishes,https://www.dioslc.org/parishfinder
Saint Bridget Catholic Church,"210 S 1st W, Milford, UT, 84751",https://stbridgetutah.org,Diocese of Salt Lake City,Parishes,https://www.dioslc.org/parishfinder
Saint Catherine of Siena Catholic Newman Center,"170 S University St., Salt Lake City, UT, 84102-1814",http://stcatherineslc.org,Diocese of Salt Lake City,Parishes,https://www.dioslc.org/parishfinder
Saint Christopher Catholic Church,"39 W 200 S, Kanab, UT, 84741",http://kanabcatholicchurch.org/,Diocese of Salt Lake City,Parishes,https://www.dioslc.org/parishfinder
Saint Elizabeth Catholic Church,"815 N SR 118, Central Valley, UT, 84754",https://www.stelizabethrichfield.com,Diocese of Salt Lake City,Parishes,https://www.dioslc.org/parishfinder
Saint Francis of Assisi Catholic Church,"65 E 500 N, Orem, UT , 84057",http://www.oremstfrancis.org,Diocese of Salt Lake City,Parishes,https://www.dioslc.org/parishfinder
Saint Francis Xavier Catholic Church,"4501 W 5215 S, Kearns, UT , 84118",http://sfxkearns.org,Diocese of Salt Lake City,Parishes,https://www.dioslc.org/parishfinder
Saint George Catholic Church,"259 W 200 N, St. George, UT , 84771",http://www.saintgeorgecatholics.com/,Diocese of Salt Lake City,Parishes,https://www.dioslc.org/parishfinder
Saint Helen Catholic Church,"433 E 2nd N, Roosevelt, UT, 84066",https://www.facebook.com/sthelenscatholichurch,Diocese of Salt Lake City,Parishes,https://www.dioslc.org/parishfinder
Saint Henry Catholic Church,"380 S 200 E, Brigham City, UT , 84302",https://www.sthenryutah.org,Diocese of Salt Lake City,Parishes,https://www.dioslc.org/parishfinder
Saint James the Greater Catholic Church,"138 N 100 W, Vernal, UT , 84078",https://stjamesvernal.wixsite.com/stjp,Diocese of Salt Lake City,Parishes,https://www.dioslc.org/parishfinder
Saint James the Just Catholic Church,"495 N Harrison Blvd, Ogden, UT , 84404",http://stjamescatholic.com,Diocese of Salt Lake City,Parishes,https://www.dioslc.org/parishfinder
Saint John the Baptist Catholic Church,"300 E 11800 S, Draper, UT , 84020",http://www.sjb-parish.org,Diocese of Salt Lake City,Parishes,https://www.dioslc.org/parishfinder
Saint Joseph Catholic Church - Monticello,"365 South Main, Monticello, UT , 84535",http://www.stpiusxmoab.org/st-joseph-parish-monticello,Diocese of Salt Lake City,Parishes,https://www.dioslc.org/parishfinder
Saint Joseph Catholic Church - Ogden,"506 24th St, Ogden, UT , 84401",http://www.stjosephogden.org,Diocese of Salt Lake City,Parishes,https://www.dioslc.org/parishfinder
Saint Joseph the Worker Catholic Church,"7405 S Redwood Rd, West Jordan, UT , 84084",http://www.sjtwchurch.org,Diocese of Salt Lake City,Parishes,https://www.dioslc.org/parishfinder
Saint Jude Catholic Church (Maronite Rite),"5445 S 2700 W, Taylorsville, UT , 84129",http://stjudemaroniteutah.org/,Diocese of Salt Lake City,Parishes,https://www.dioslc.org/parishfinder
Saint Marguerite Catholic Church,"15 S 7th St, Tooele, UT , 84074",http://www.stmarguerites.org,Diocese of Salt Lake City,Parishes,https://www.dioslc.org/parishfinder
Saint Martin de Porres Catholic Church,"4914 S 2200 W, Taylorsville, UT , 84129",http://www.stmartincatholicchurch.com,Diocese of Salt Lake City,Parishes,https://www.dioslc.org/parishfinder
Saint Mary Catholic Church,"4050 S 3900 W, West Haven, UT , 84401",http://www.stmarysutah.org,Diocese of Salt Lake City,Parishes,https://www.dioslc.org/parishfinder
Saint Mary of the Assumption Catholic Church,"1505 W White Pine Canyon Rd, Park City, UT , 84060",http://www.stmarysparkcity.com,Diocese of Salt Lake City,Parishes,https://www.dioslc.org/parishfinder
Saint Olaf Catholic Church,"1800 S Orchard Dr, Bountiful, UT , 84010",http://www.stolafut.org,Diocese of Salt Lake City,Parishes,https://www.dioslc.org/parishfinder
Saint Patrick Catholic Church - Eureka,"121 Church St, Eureka, UT , 84628",,Diocese of Salt Lake City,Parishes,https://www.dioslc.org/parishfinder
Saint Patrick Catholic Church - Salt Lake City,"1040 W 400 S, Salt Lake City, UT , 84104",http://stpatrickslc.org,Diocese of Salt Lake City,Parishes,https://www.dioslc.org/parishfinder
Saint Peter Catholic Church,"634 N Caveman Blvd, American Fork, UT , 84003",https://stpeterutah.org,Diocese of Salt Lake City,Parishes,https://www.dioslc.org/parishfinder
Saint Pius X Catholic Church,"122 W 400 N, Moab, UT , 84532",https://www.stpiusxmoab.org,Diocese of Salt Lake City,Parishes,https://www.dioslc.org/parishfinder
Saint Rose of Lima Catholic Church,"210 S Chapel St, Layton, UT , 84041",http://stroseoflimacatholic.net,Diocese of Salt Lake City,Parishes,https://www.dioslc.org/parishfinder
Saint Therese of the Child Jesus Catholic Church,"624 W Lennox St, Midvale, UT , 84047",https://stcj.org,Diocese of Salt Lake City,Parishes,https://www.dioslc.org/parishfinder
Saint Thomas Aquinas Catholic Church,"725 S 250 E, Hyde Park, UT , 84318",http://www.stthomaslogan.org/,Diocese of Salt Lake City,Parishes,https://www.dioslc.org/parishfinder
Saint Thomas More Catholic Church,"3015 E Creek Rd, Cottonwood Heights, UT , 84093-6575",http://stmutah.org,Diocese of Salt Lake City,Parishes,https://www.dioslc.org/parishfinder
Saint Vincent de Paul Catholic Church,"1375 E Spring Ln, Holladay, UT , 84117",http://saintvincentdepaul.us.com,Diocese of Salt Lake City,Parishes,https://www.dioslc.org/parishfinder
Saints Peter and Paul Catholic Church,"3560 W 3650 S, West Valley, UT , 84119",http://www.saintspeterpaulslc.com,Diocese of Salt Lake City,Parishes,https://www.dioslc.org/parishfinder
San Andres Catholic Church,"315 E 100 N, Payson, UT , 84651",http://parishesonline.com/find/san-andres-church,Diocese of Salt Lake City,Parishes,https://www.dioslc.org/parishfinder
San Felipe Catholic Church,"606 E Aria Blvd, Wendover, UT , 84083",https://www.sanfelipecatholicchurch.org,Diocese of Salt Lake City,Parishes,https://www.dioslc.org/parishfinder
Blanding Catholic Station,"818 N 400 W, Blanding, UT , 84511",https://www.stpiusxmoab.org,Diocese of Salt Lake City,Stations,https://www.dioslc.org/parishfinder
Christ Prince of Peace Catholic Community,"5711 E Avenue, Bldg 475, Hill AFB, UT , 84056",https://www.facebook.com/hillairforcebasechapel,Diocese of Salt Lake City,Stations,https://www.dioslc.org/parishfinder
Duck Creek Catholic Station,"830 Church Dr, Duck Creek Village, UT , 84762",http://www.christthekingutah.org,Diocese of Salt Lake City,Stations,https://www.dioslc.org/parishfinder
Our Lady of Guadalupe Chapel,"5100 Valdez Circle, Dugway, UT, 84022",,Diocese of Salt Lake City,Stations,https://www.dioslc.org/parishfinder
Our Lady of the Snows Catholic Station,"10185 E Hwy 210, Alta, UT, 84092",,Diocese of Salt Lake City,Stations,https://www.dioslc.org/parishfinder
Saint Jerome Catholic Newman Center,"795 N 800 E, Logan, UT , 84321",https://www.stthomaslogan.org/st-jerome-newman-center,Diocese of Salt Lake City,Stations,https://www.dioslc.org/parishfinder
Saint Joseph Villa Catholic Station,"451 Bishop Federal Ln, Salt Lake City, UT , 84115",,Diocese of Salt Lake City,Stations,https://www.dioslc.org/parishfinder
Utah Correction Facilities (see notes),"1480 North 8000 West, Salt Lake City, UT , 84116",,Diocese of Salt Lake City,Stations,https://www.dioslc.org/parishfinder
Veterans Administration Hospital Chapel,"500 Foothill Drive, Bldg 1, Salt Lake City, UT, 84148",https://www.va.gov/salt-lake-city-health-care/chaplain-services,Diocese of Salt Lake City,Stations,https://www.dioslc.org/parishfinder
Weber State University Catholic Newman Center,"3738 Custer Ave, Ogden, UT , 84408",http://www.weber.edu/newmancenter,Diocese of Salt Lake City,Stations,https://www.dioslc.org/parishfinder
Zion National Park Catholic Station at Canyon Community Center,"126 Lion Blvd, Springdale, UT , 84767",,Diocese of Salt Lake City,Stations,https://www.dioslc.org/parishfinder
Holy Cross Church,"2182 Queen Street, Christiansted - St Croix, VI, 00820",https://www.hccstx.org,"Diocese of St. Thomas, VI",St Croix Island,https://www.catholicvi.com/parishfinder
Saint Patrick’s Church,"16 Custom House St, Frederiksted - St Croix, VI, 00840",https://www.saintpatrickusvi.org,"Diocese of St. Thomas, VI",St Croix Island,https://www.catholicvi.com/parishfinder
Saints Joachim and Ann Church,"42 Barrenspot, Barrenspot - St Croix, VI, VI 00851",https://www.saintannvi.com,"Diocese of St. Thomas, VI",St Croix Island,https://www.catholicvi.com/parishfinder
St Joseph’s Church,"#1 Mount Pleasant, Frederiksted - St Croix, VI, 00851",https://saintjosephvi.com,"Diocese of St. Thomas, VI",St Croix Island,https://www.catholicvi.com/parishfinder
Our Lady of Mount Carmel Church,"5AB Cruz Bay, St John's Island, VI, 00831-0241",https://www.saintanneusvi.org,"Diocese of St. Thomas, VI",St John Island,https://www.catholicvi.com/parishfinder
Holy Family Church,"394-213 Hidden Valley , Heavenside - St Thomas, VI, 00802",https://www.holyfamilystt.com,"Diocese of St. Thomas, VI",St Thomas Island,https://www.catholicvi.com/parishfinder
Our Lady of Perpetual Help Church,"8i Estate Elizabeth, Mafolie - Saint Thomas, VI, 00803",,"Diocese of St. Thomas, VI",St Thomas Island,https://www.catholicvi.com/parishfinder
Saint Anne’s Church,"84 Altona, Frenchtown, Charlotte Amalie - St Thomas, VI, 00803",https://www.saintanneusvi.org,"Diocese of St. Thomas, VI",St Thomas Island,https://www.catholicvi.com/parishfinder
Sts Peter and Paul Cathedral,"22 Kronprindsens Gade, Charlotte Amalie - St Thomas, VI, 00803",https://www.cathedralvi.org,"Diocese of St. Thomas, VI",St Thomas Island,https://www.catholicvi.com/parishfinder
Ascension Mission Church,"208 S. Ohio St., Hudson, WY, 82515",,Diocese of Cheyenne,General,https://dcwy.org/parishfinder
Blessed Sacrament Mission Church,"624 Wright Blvd., Wright, WY, 82732",,Diocese of Cheyenne,General,https://dcwy.org/parishfinder
Blessed Sacrament Mission Church,"#9 Black Coal Drive, Fort Washakie, WY, 82514",,Diocese of Cheyenne,General,https://dcwy.org/parishfinder
Cathedral of St. Mary,"2107 Capitol Ave., Cheyenne, WY, 82001",http://www.stmarycathedral.com/,Diocese of Cheyenne,General,https://dcwy.org/parishfinder
Chapel of the Sacred Heart Mission Church (Grand Teton National Park),"Teton Park Road (1/2 mi. N of Signal Mountain Lodge), Alta, WY, 83414",http://www.olmcatholic.org/,Diocese of Cheyenne,General,https://dcwy.org/parishfinder
Church of the Holy Trinity,"1836 Hot Springs Ave., Cheyenne, WY, 82001",http://www.holytrinitycheyenne.org/,Diocese of Cheyenne,General,https://dcwy.org/parishfinder
Corpus Christi,"19 West Winthrop, Newcastle, WY, 82701",http://www.newcastlecorpuschristi.org/,Diocese of Cheyenne,General,https://dcwy.org/parishfinder
Holy Family (F.E. Warren AFB),"F.E. Warren Air Force Base Chapel 1 90 SW/HC, 7000 Randall Ave., Cheyenne, WY, 82005",,Diocese of Cheyenne,General,https://dcwy.org/parishfinder
Holy Family Mission Church,"78 Friesian Circle, Thayne, WY, 83127",http://holyfamilywy.org/,Diocese of Cheyenne,General,https://dcwy.org/parishfinder
Holy Name,"9 South Connor St., Sheridan, WY, 82801",http://www.holynamesheridan.org/,Diocese of Cheyenne,General,https://dcwy.org/parishfinder
Holy Rosary,"163 Leedy Road, Lander, WY, 82520",http://www.holyrosarylander.org/,Diocese of Cheyenne,General,https://dcwy.org/parishfinder
Holy Spirit Catholic Community,"116 Broadway, Rock Springs, WY, 82901",https://hsccwyo.org/,Diocese of Cheyenne,General,https://dcwy.org/parishfinder
Immaculate Conception,"900 Hitching Post Dr., Green River, WY, 82935",https://gricc.net/,Diocese of Cheyenne,General,https://dcwy.org/parishfinder
LaBarge Catholic Mission Community,"373 N. Wildcat, LaBarge, WY, 83123",,Diocese of Cheyenne,General,https://dcwy.org/parishfinder
Mary Queen of Heaven Mission Church,"401 5th Street, Chugwater, WY, 82210",,Diocese of Cheyenne,General,https://dcwy.org/parishfinder
Our Lady of Fatima,"1401 CY Avenue, Casper, WY, 82604",http://www.fatimaincasper.org/,Diocese of Cheyenne,General,https://dcwy.org/parishfinder
Our Lady of Lourdes Mission Church,"423 A Street, Glendo, WY, 82213",,Diocese of Cheyenne,General,https://dcwy.org/parishfinder
Our Lady of Peace,"112 S. Sublette Ave., Pinedale, WY, 82941",https://www.ourladyofpeacewy.com/,Diocese of Cheyenne,General,https://dcwy.org/parishfinder
Our Lady of the Mountains,"201 S. Jackson Street, Jackson, WY, 83001",http://www.olmcatholic.org/,Diocese of Cheyenne,General,https://dcwy.org/parishfinder
Our Lady of the Pines Mission Church,"34 Wagon Box Road, Story, WY, 82842",,Diocese of Cheyenne,General,https://dcwy.org/parishfinder
Our Lady of the Sage Mission Church,"Highway 70 & 2nd St., Baggs, WY, 82321",,Diocese of Cheyenne,General,https://dcwy.org/parishfinder
Our Lady of the Valley Mission Church,"35 Road 1 AFW, Clark, WY, 82435",,Diocese of Cheyenne,General,https://dcwy.org/parishfinder
Our Lady of the Woods Mission Church,"4 S. Riverton Street, Dubois, WY, 82513",,Diocese of Cheyenne,General,https://dcwy.org/parishfinder
Sacred Heart,"540 5th Avenue N., Greybull, WY, 82426",https://www.sacredheartgreybull.com/,Diocese of Cheyenne,General,https://dcwy.org/parishfinder
St. Ann,"218 W. Spring Ave., Saratoga, WY, 82331",https://stannwy.org/,Diocese of Cheyenne,General,https://dcwy.org/parishfinder
St. Anne Mission Church,"421 Piney Drive, Big Piney, WY, 83113",,Diocese of Cheyenne,General,https://dcwy.org/parishfinder
St. Anthony,"604 South Center St., Casper, WY, 82601",https://stawy.org/,Diocese of Cheyenne,General,https://dcwy.org/parishfinder
St. Anthony,"96 N. Kansas Street, Guernsey, WY, 82214",,Diocese of Cheyenne,General,https://dcwy.org/parishfinder
St. Anthony Mission Church,"610 Juniper, Upton, WY, 82730",,Diocese of Cheyenne,General,https://dcwy.org/parishfinder
St. Anthony of Padua,"1333 Monument Drive, Cody, WY, 82414",http://www.stanthonycody.org/,Diocese of Cheyenne,General,https://dcwy.org/parishfinder
St. Barbara,"115 E. 3rd Street, Powell, WY, 82435",http://www.stbarbaracatholic.org/,Diocese of Cheyenne,General,https://dcwy.org/parishfinder
St. Christopher Mission Church,"3650 HWY 191, Eden, WY, 82932",,Diocese of Cheyenne,General,https://dcwy.org/parishfinder
St. Edmund Mission Church,"310 Historic Hwy 14, Ranchester, WY, 82839",https://www.holynamesheridan.org/stedmunds,Diocese of Cheyenne,General,https://dcwy.org/parishfinder
St. Edward Mission Church,"11350 US HWY 26, Kinnear, WY, 82516",,Diocese of Cheyenne,General,https://dcwy.org/parishfinder
St. Francis,"801 Arapahoe Street, Thermopolis, WY, 82443",https://stfrancisthermopolis.com/,Diocese of Cheyenne,General,https://dcwy.org/parishfinder
St. Francis of Assisi Mission (Yellowstone National Park),"Yellowstone National Park, WY",https://www.stanthonycody.org/yellowstone.html,Diocese of Cheyenne,General,https://dcwy.org/parishfinder
St. Helen Mission Church,"37117 Business Loop 80, Fort Bridger, WY, 82933",https://www.stmmagdalen.com/st-helen-catholic-mission,Diocese of Cheyenne,General,https://dcwy.org/parishfinder
St. Hubert Mission Church,"1080 Sussex Road, Kaycee, WY, 82639",,Diocese of Cheyenne,General,https://dcwy.org/parishfinder
St. James,"311 S. 5th, Douglas, WY, 82633",https://www.stjameswy.org/,Diocese of Cheyenne,General,https://dcwy.org/parishfinder
St. John the Baptist,"532 North Lobban Avenue, Buffalo, WY, 82834",http://www.sjbc-buffalo.com/,Diocese of Cheyenne,General,https://dcwy.org/parishfinder
St. Joseph,"603 House Avenue, Cheyenne, WY, 82007",http://www.stjosephscheyenne.org/,Diocese of Cheyenne,General,https://dcwy.org/parishfinder
St. Joseph,"1141 Shoshone Ave., Lovell, WY, 82431",https://www.stjosephlovell.com/,Diocese of Cheyenne,General,https://dcwy.org/parishfinder
St. Joseph,"219 W. Pine Street, Rawlins, WY, 82301",https://stjosephsrawlins.org/,Diocese of Cheyenne,General,https://dcwy.org/parishfinder
St. Joseph Mission Church,"3 Heather Drive, Hanna, WY, 82327",,Diocese of Cheyenne,General,https://dcwy.org/parishfinder
St. Joseph Mission Church,"468 Ethete Rd., Ethete, WY, 82520",,Diocese of Cheyenne,General,https://dcwy.org/parishfinder
St. Joseph Mission Church,"211 Wyoming Street, Shoshoni, WY, 82649",,Diocese of Cheyenne,General,https://dcwy.org/parishfinder
St. Joseph Mission Church,"Intersection of State Highways 215 & 216, Albin, WY, 82050",,Diocese of Cheyenne,General,https://dcwy.org/parishfinder
St. Laurence O'Toole,"319 Grand Ave., Laramie, WY, 82070",http://www.stlaurenceotoole.org/,Diocese of Cheyenne,General,https://dcwy.org/parishfinder
St. Leo,"900 W. 5th, Lusk, WY, 82225",,Diocese of Cheyenne,General,https://dcwy.org/parishfinder
St. Louis,"601 S. 5th, Glenrock, WY, 82637",http://www.saintlouischurch.org,Diocese of Cheyenne,General,https://dcwy.org/parishfinder
St. Margaret,"622 East Park Avenue, Riverton, WY, 82501",http://www.stmargaretriverton.com/,Diocese of Cheyenne,General,https://dcwy.org/parishfinder
St. Mary Magdalen,"1099 Charles Avenue, Worland, WY, 82401",https://worlandcatholic.com/,Diocese of Cheyenne,General,https://dcwy.org/parishfinder
St. Mary Magdalen,"849 Center Street, Evanston, WY, 82931",https://www.stmmagdalen.com/,Diocese of Cheyenne,General,https://dcwy.org/parishfinder
St. Mary Mission Church,"1601 Clear Creek Ave., Clearmont, WY, 82835",,Diocese of Cheyenne,General,https://dcwy.org/parishfinder
St. Matthew,"1000 Butler Spaeth Rd., Gillette, WY, 82716",https://stmatthewswy.weconnect.com/,Diocese of Cheyenne,General,https://dcwy.org/parishfinder
St. Matthew Mission Church,"206 Hunter, Hulett, WY, 82720",,Diocese of Cheyenne,General,https://dcwy.org/parishfinder
St. Patrick,"400 Country Club Rd., Casper, WY, 82609",http://www.stpatricks-casper.com/,Diocese of Cheyenne,General,https://dcwy.org/parishfinder
St. Patrick,"​​​​​​​1009 9th Street, Wheatland, WY, 82201",https://www.stpatricks-wheatland.com/,Diocese of Cheyenne,General,https://dcwy.org/parishfinder
St. Patrick,"65 McGovern Ave., ​​​​​​​Diamondville, WY, 83116",,Diocese of Cheyenne,General,https://dcwy.org/parishfinder
St. Patrick Mission Church,"216 N. Belle Fourche, Moorcroft, WY, 82721",,Diocese of Cheyenne,General,https://dcwy.org/parishfinder
St. Paul,"501 East 4th Street, Pine Bluffs, WY, 82082",https://stpaulpinebluffs.org/,Diocese of Cheyenne,General,https://dcwy.org/parishfinder
St. Paul Mission Church,"805 E. Oak Street, Sundance, WY, 82729",,Diocese of Cheyenne,General,https://dcwy.org/parishfinder
St. Paul's Newman Center,"1800 E. Grand Ave., Laramie, WY, 82070",http://www.newmancenter.org/,Diocese of Cheyenne,General,https://dcwy.org/parishfinder
St. Peter Mission Church,"316 4th Street, Carpenter, WY, 82054",,Diocese of Cheyenne,General,https://dcwy.org/parishfinder
St. Rose of Lima,"​​​​​​​605 E. 22nd Ave., Torrington, WY, 82240",https://www.strosetorrington.org/,Diocese of Cheyenne,General,https://dcwy.org/parishfinder
St. Stephens Indian Mission,"33 St. Stephens Road, St. Stephens, WY, 82524",http://saintstephensmission.com/,Diocese of Cheyenne,General,https://dcwy.org/parishfinder
St. Theresa Mission Church,"1402 State Street, Meeteetse, WY, 82433",,Diocese of Cheyenne,General,https://dcwy.org/parishfinder
St. Vivian Mission Church,"Wyoming HWY 371, Superior, WY, 82945",,Diocese of Cheyenne,General,https://dcwy.org/parishfinder
